file,Delay_samples,Delay_ms,Aligned_samples,SNR_dB,SSNR_dB,SI_SDR_dB,PESQ,STOI,Input_SNR_dB,Input_SSNR_dB,Input_SI_SDR_dB,Input_PESQ,Input_STOI
p264_seq0000.wav,0,0.0,229994,38.68676027585286,29.86535237488019,38.73729542526025,4.1386919021606445,0.9868847651031228,41.50274534797137,30.024948549694006,41.50250841780313,3.7259762287139893,0.9855473383832276
p264_seq0001.wav,0,0.0,176160,32.118603864765205,25.52178385794231,32.12887624511857,3.6413567066192627,0.9609022867844355,31.39302346814107,24.229968870933547,31.396430338283086,2.9960076808929443,0.9509665338932639
p264_seq0002.wav,0,0.0,270560,14.776026121081152,9.97248519637464,14.635505700728011,2.0818841457366943,0.8558471283925965,-3.2374071528279242,-0.7478223634404869,-3.2879887387512987,1.09847092628479,0.8411890913267109
p264_seq0003.wav,0,0.0,237280,14.811669536949662,8.57666756664403,14.690370188438319,1.7694193124771118,0.8319259914452561,2.358484267761998,-2.2597696927309117,2.2991807657995382,1.094209909439087,0.817944226081132
p264_seq0004.wav,0,0.0,230080,32.8602806768493,24.793052815845613,32.86602293363167,3.708951473236084,0.9468997404402695,32.03077879823463,23.51809115164701,32.03036477823066,3.081670045852661,0.9333547421932877
p264_seq0005.wav,0,0.0,196160,29.210849898440742,25.424899373663266,29.212425139302816,3.235574722290039,0.9663681624205878,28.522885867676116,25.205126575048887,28.52321288272714,2.8114943504333496,0.9549086719976747
p264_seq0006.wav,0,0.0,204960,25.788463453685008,20.096891283591734,25.781690008153216,3.144280195236206,0.9395242318471883,22.05925393979318,16.27831944673279,22.06021046434461,2.3182311058044434,0.9340173539065004
p264_seq0007.wav,0,0.0,218588,30.862029407213427,23.946345370516624,30.86531742256398,3.785783052444458,0.9406643710680949,27.766425546743577,20.981930818771485,27.766963476891018,2.886868476867676,0.923729930678076
p264_seq0008.wav,0,0.0,191360,30.94621965200938,25.06130386719173,30.982791174178324,3.6928935050964355,0.9818000045715353,28.91075020693506,24.148299729438058,28.914755663203145,3.1701018810272217,0.9762350425697938
p264_seq0009.wav,0,0.0,177440,29.481748711682748,22.432635785455425,29.485679184340544,3.893143892288208,0.9502378304301766,28.871455693850564,21.912706293768224,28.87093162024394,3.602614164352417,0.9624957647477521
p264_seq0010.wav,0,0.0,164320,24.457948008578853,18.38339504171813,24.44698051256145,4.125595569610596,0.9726071779093598,21.338910360971393,17.623867076171557,21.33967758120611,3.0512466430664062,0.9818623996764168
p264_seq0011.wav,0,0.0,191840,21.459855286906482,11.08423221690741,21.433790470345638,2.8223929405212402,0.8199705535864569,13.351978822968205,3.5318040247330575,13.348201394399082,1.6349775791168213,0.8110815414686426
p264_seq0012.wav,0,0.0,167200,31.56271376596214,20.9219579955359,31.566198844210497,4.098829746246338,0.9135853704504431,29.80121729602127,23.107128112106707,29.801631836583503,3.778627395629883,0.8791617889710879
p264_seq0013.wav,0,0.0,176961,16.527395459883078,8.439450833449477,16.435328644399014,2.2509546279907227,0.743184607260159,0.7724194057119287,1.9242854093179702,0.7890290409973222,1.5544153451919556,0.7006480200323493
p264_seq0014.wav,0,0.0,165120,17.800233166444617,9.74018720525848,17.728769174481098,1.998196005821228,0.7782217669450852,12.074357285817776,3.1403421568584435,12.070919507733658,1.5124974250793457,0.7623556582372575
p264_seq0015.wav,0,0.0,225760,37.9813655741855,26.86887395923365,37.99553516494818,4.037416458129883,0.9726663882629716,37.155674484611566,25.93631347774581,37.155691531221485,3.4883134365081787,0.9644769598992255
p264_seq0016.wav,0,0.0,195680,40.01441839354297,27.34661270473133,40.03010365103726,4.155645847320557,0.96367253501632,39.86415350573481,26.583595481897504,39.864851473067525,3.503605604171753,0.9415691088964248
p264_seq0017.wav,0,0.0,171520,41.62382150877352,30.21592497825309,41.63786133775876,3.674717426300049,0.9494121707305634,40.045425799698876,29.753423438118674,40.04549078134826,3.2102468013763428,0.935532965071866
p264_seq0018.wav,0,0.0,193280,40.32585274356427,27.26948644669351,40.34174395770669,4.078094005584717,0.9042862827494182,40.800819968445026,25.97190901215308,40.80103773750035,3.5344715118408203,0.8885048614016282
p264_seq0019.wav,0,0.0,173829,19.03261561980502,11.50286870361527,18.998768438423234,1.6435339450836182,0.7444517354644539,3.4830789214733517,8.082000311330287,3.4800989084352123,1.3851549625396729,0.672121423168192
p264_seq0020.wav,0,0.0,164960,20.049436729646285,19.114912724195708,20.011757647934555,2.0747087001800537,0.7633580355307732,11.665715406651657,12.292928956868971,11.667903866102193,1.3444935083389282,0.7360615226332026
p264_seq0021.wav,0,0.0,196976,35.3288622606121,26.819760078219,35.33125898276466,3.9314088821411133,0.9458741584826896,34.65058425364947,25.29715115928931,34.65276052803027,3.215693950653076,0.9047233973580652
p264_seq0022.wav,0,0.0,175200,38.850343751922736,26.665378384803876,38.86955690496863,4.170927047729492,0.9584110482924376,39.020217388177926,27.433081841996355,39.02409406968057,4.127021789550781,0.964091903421679
p264_seq0023.wav,0,0.0,199200,32.41703211070566,22.75772906138024,32.41583167340953,3.8416383266448975,0.8842306358397602,30.297009177173276,19.592725150250086,30.299117028226952,2.7799694538116455,0.8369316854166541
p264_seq0024.wav,0,0.0,208703,30.52422715543547,20.837882392930993,30.521878820490095,3.813589334487915,0.8945472709346692,28.721537165787833,18.868251094266952,28.725526024452236,2.918405532836914,0.843373755966827
p264_seq0025.wav,0,0.0,203680,21.791866528695046,16.349513891666216,21.78150794305889,2.3300185203552246,0.8428889267988411,10.559006260074117,15.013462521643318,10.558429585648659,1.8260488510131836,0.7954498922011747
p264_seq0026.wav,0,0.0,163778,19.725746691490727,16.86577579203752,19.68279075653034,1.8154432773590088,0.7248917823338015,8.539550358217197,8.928069982014412,8.539172571380114,1.2992278337478638,0.6737073215037552
p264_seq0027.wav,0,0.0,229440,11.674989776009914,3.964826706462892,11.44425383518615,1.2950981855392456,0.6892511511002902,-3.0966945759329696,-4.332228705291732,-3.0798198260367142,1.0525031089782715,0.51701215413562
p264_seq0028.wav,0,0.0,191195,9.16873815888116,2.744633234844593,8.621179758320665,1.3208801746368408,0.6329805118704294,-0.4067781821778583,-5.16418951469437,-0.5269717156184247,1.1525863409042358,0.5855278597497436
p264_seq0029.wav,0,0.0,168640,38.022272131613974,27.553080071399627,38.03062993435338,3.849486827850342,0.931602467169251,36.958102883638865,27.643113246515277,36.95826166616108,3.177283763885498,0.9123627901721235
p264_seq0030.wav,0,0.0,161120,25.37430983092584,18.347809274479676,25.3635658370705,2.8714003562927246,0.8887541815416853,20.62757129939145,16.298150855528778,20.623400838869507,1.7170934677124023,0.8219045064068607
p264_seq0031.wav,0,0.0,176000,19.558585505132914,13.379276662206616,19.511402924111724,2.460987091064453,0.7508107411156208,12.323017928321008,4.476504180739236,12.301883759496748,1.591253638267517,0.675519971309633
p264_seq0032.wav,0,0.0,196480,32.83330636651182,25.11877067410869,32.83291889581923,3.4789774417877197,0.9329986079284751,31.239727004788435,22.951515087401972,31.238337650339226,2.945512056350708,0.883008245917832
p264_seq0033.wav,0,0.0,180640,25.553409827490352,18.71332429455962,25.561593442531795,3.2331631183624268,0.8434198303208206,19.086053785666625,14.6227026623895,19.08984714178427,1.648450493812561,0.799653195132937
p264_seq0034.wav,0,0.0,188160,23.653803706229827,15.698937966996104,23.639136374047105,3.6557905673980713,0.8677584468978895,20.415748156612405,15.987704610959737,20.41961237672586,3.2906622886657715,0.8920365361427465
p264_seq0035.wav,0,0.0,206080,27.63236807829258,24.987124194458712,27.62654120357226,3.023897171020508,0.8674008967839288,22.69735940290216,21.29252436381794,22.696491417410254,2.003802537918091,0.82220625027871
p264_seq0036.wav,0,0.0,168640,13.101225978707278,6.858101309764446,12.887566571437896,1.4666509628295898,0.7627462254203553,0.5614053010604052,-1.1198172688760486,0.552347306456359,1.1734886169433594,0.6953834851431739
p264_seq0037.wav,0,0.0,208960,31.910897030756683,24.802762472451338,31.909663297081753,3.7609100341796875,0.9458060065083407,30.945973748979682,23.500795943221647,30.947375846740186,3.1494154930114746,0.9348159978377464
p264_seq0038.wav,0,0.0,207840,23.57884690465945,15.631735952495976,23.563813752845682,2.761359930038452,0.8088916308917589,15.259725493017196,10.775914085734257,15.258911708297456,1.9093031883239746,0.7547925139194939
p264_seq0039.wav,0,0.0,183200,13.212837658827963,8.70474894995065,13.013529696041559,1.7574505805969238,0.6982228458871773,6.142212257124557,1.4268497143601537,6.1371985502608215,1.3293894529342651,0.685811759503844
p264_seq0040.wav,0,0.0,194880,26.38732576335018,21.333076224933663,26.37773615566692,3.12730073928833,0.8108639613559999,23.69301685692838,16.734853255371423,23.693565147975654,2.055166244506836,0.732537443423255
p264_seq0041.wav,0,0.0,190787,36.772695952389526,25.908787867973466,36.78265475063568,4.145070552825928,0.9652624218840397,36.91228881366487,26.39005358746601,36.915985052091415,4.045501232147217,0.967670370519391
p264_seq0042.wav,0,0.0,166560,19.647426309046164,11.081691765991652,19.600634704584365,2.3125901222229004,0.7071848014976236,11.36321507405534,5.19352498329726,11.350958152878817,1.4999165534973145,0.6718522013032142
p264_seq0043.wav,0,0.0,190080,20.29841980359443,11.093236214339218,20.2598000448577,2.590521812438965,0.7819556234826752,14.980887781959375,4.387704429267837,14.969287244921203,1.589233160018921,0.7566253102338397
p264_seq0044.wav,0,0.0,161468,35.88752637724444,25.69859132256547,35.89104730074942,4.332387924194336,0.974220319407292,36.29831772243184,27.089258264552523,36.29760968324061,4.337528705596924,0.9799701909093056
p264_seq0045.wav,0,0.0,169920,15.015408682649326,7.578481684019447,14.88979310025796,1.7812345027923584,0.7360288278996946,7.368803947404501,-0.9674726280489938,7.41186428423744,1.2261996269226074,0.6962879458726036
p264_seq0046.wav,0,0.0,183520,20.221787089618772,12.82851180402624,20.285709348046534,2.724501371383667,0.7805905670754656,8.156491143500975,5.426386782655262,8.164389191822544,1.1983201503753662,0.7595584223276698
p264_seq0047.wav,0,0.0,201280,10.937354546890008,3.4766666565597064,10.686028952573414,1.3998167514801025,0.635095378796599,0.026380351368716505,-5.147361655916122,0.1513695950889116,1.125150442123413,0.5805119268157455
p264_seq0048.wav,0,0.0,167040,39.28027871952197,26.415025127397286,39.30044342703658,3.8799550533294678,0.8297568490068176,38.48354641525353,24.74078488845855,38.48471353392728,3.1460506916046143,0.8464781469282803
p264_seq0049.wav,0,0.0,166080,40.81983693692433,27.06029555012015,40.843175166693804,4.448996067047119,0.9781752186860198,42.117341435219004,27.30337454790435,42.117579344829466,4.473146438598633,0.9823614283655651
p264_seq0050.wav,0,0.0,160480,26.417506338042745,20.7250778527568,26.40875509773724,2.574105978012085,0.8508471869501536,13.32503609665904,19.48831613866684,13.32424176991973,2.033564567565918,0.8584341558964768
p264_seq0051.wav,0,0.0,197760,21.798041528722266,16.557174763397473,21.780963073803772,3.694709062576294,0.9501438730927284,18.541284312728642,15.807332145911436,18.538074810171423,2.916977882385254,0.9295573852613709
p264_seq0052.wav,0,0.0,176640,15.686118562651805,5.486935926844847,15.588730205225957,2.045649290084839,0.6929335137381288,-0.04281537991546144,-5.615667013358698,-0.04977677926020157,1.094351053237915,0.6371754269128318
p264_seq0053.wav,0,0.0,190544,26.402826023426172,21.83445166448293,26.395796284078678,2.4182937145233154,0.7430954886188689,16.0719568104978,15.483754334229584,16.07308952981505,1.50564444065094,0.7006352002310556
p264_seq0054.wav,0,0.0,184141,16.13000274748186,10.514131592245503,16.143560157011073,1.962085485458374,0.8256485543092653,1.6928525147668902,0.5303201242481241,1.7367535079122267,1.1056535243988037,0.7469181353942508
p264_seq0055.wav,0,0.0,173600,24.86558743918018,20.923675948729148,24.85797348720809,3.950481653213501,0.9717411295873959,24.302936290032186,21.06243522499774,24.298147831573832,3.7243995666503906,0.9703689909255269
p264_seq0056.wav,0,0.0,180800,24.49379519661008,17.34619847638234,24.486175535257416,2.528453826904297,0.8459866574509081,9.813386110730155,15.366222126362413,9.812036337602967,1.8360719680786133,0.824129558386312
p264_seq0057.wav,0,0.0,190880,30.31911444733012,24.707578394583944,30.31528625208182,3.085609197616577,0.9038073331900441,26.41135111671303,22.190298649027703,26.41138754059803,2.3387506008148193,0.8899547199833059
p264_seq0058.wav,0,0.0,184960,19.268368883108867,10.151655773413328,19.219987132885553,2.2068307399749756,0.7309277396082916,9.12585393603335,3.62599945598269,9.140878571842778,1.3968145847320557,0.7017914925986439
p264_seq0059.wav,0,0.0,176905,35.06643614178611,26.367793323344472,35.067543013363135,4.0962700843811035,0.9591181057853959,35.240926538340275,27.020609961770234,35.24089311739392,4.0701823234558105,0.9643469452904432
p264_seq0060.wav,0,0.0,194791,25.568896295655286,19.46156681990663,25.561480214286565,2.85190486907959,0.8989069858992444,20.957059894520988,14.047273066157071,20.96276042994621,2.1003613471984863,0.8581903461476769
p264_seq0061.wav,0,0.0,187840,40.871704768695054,28.062222713856134,40.903518341321515,4.231265068054199,0.9350324115283598,41.23414106356475,28.04939285877084,41.233835782809095,3.935596466064453,0.9165946158167247
p264_seq0062.wav,0,0.0,169935,19.76003548598402,13.335680079959445,19.718100707822366,2.409153461456299,0.7880304508417851,11.254874384640491,3.903604498427546,11.269272258507803,1.5854066610336304,0.7427440706202597
p264_seq0063.wav,0,0.0,172000,11.87493264503249,4.127319016181664,11.681829803334963,1.4968026876449585,0.6557561966318856,2.779673207532462,-4.367965827107149,2.985662711268027,1.2410554885864258,0.6127498969508118
p264_seq0064.wav,0,0.0,193544,20.465517292485245,12.686439720189123,20.439620530605424,2.493474245071411,0.8548531832696553,12.69129340689351,7.498298862410125,12.692629599278195,1.6790499687194824,0.8096356508009714
p264_seq0065.wav,0,0.0,172160,24.78585899181838,21.289268943374832,24.773358272129784,2.7819230556488037,0.8555541340267244,18.598487916137977,14.788751929726235,18.59760084053052,1.8607804775238037,0.8181697014264606
p264_seq0066.wav,0,0.0,181600,31.371732464973864,23.865200083131384,31.36968690031378,3.434647798538208,0.9242685056351708,30.42053489660678,23.040087206710705,30.42147412903749,2.7883388996124268,0.898196835695929
p264_seq0067.wav,0,0.0,163697,41.26271556996673,27.435212307702198,41.27976355580465,3.9276821613311768,0.9041145087827082,41.29165689915358,27.219448450223997,41.29187859252852,3.684922456741333,0.9004727820147362
p264_seq0068.wav,0,0.0,203680,16.472091137335752,13.668036263310727,16.41671059923295,1.9431250095367432,0.8192480408872787,8.990594457608138,4.138889764663913,9.02755736396914,1.3761411905288696,0.7399668616743771
p264_seq0069.wav,0,0.0,188160,25.77257751756943,16.789902708567467,25.767595056390654,3.091426134109497,0.7780341581908311,18.00412227495953,12.237304982463677,18.00804631659366,2.0442967414855957,0.7380267787104385
p264_seq0070.wav,0,0.0,166273,30.734075761138648,23.069578078033782,30.733359845718024,3.7703561782836914,0.9317911923153049,29.533116557260115,21.64411446983131,29.52993084722337,3.095090627670288,0.9053556489802631
p264_seq0071.wav,0,0.0,199565,39.566502247712464,26.914890209835775,39.575216926210516,3.9577627182006836,0.9255136973013018,39.80880877001796,27.914659075138392,39.8090218631068,3.639930486679077,0.9445182354500604
p264_seq0072.wav,0,0.0,185162,31.517161281353573,20.783618939222567,31.51452386633965,3.519500732421875,0.8575775044121496,29.949864753803425,17.743016273133815,29.94915230008351,2.577155351638794,0.8101230982836854
p264_seq0073.wav,0,0.0,184000,10.013921926554318,5.7061645197470865,9.595083369785009,1.3503313064575195,0.7254306115700945,0.6391290500266068,-2.68170582892066,0.6629437293022382,1.111146092414856,0.6569215162564732
p264_seq0074.wav,0,0.0,214720,19.53216787564277,11.871294214507017,19.487439985202762,2.314201831817627,0.7928435175321575,13.80504434695455,7.216222739986991,13.79551154814013,1.7234727144241333,0.794388072322491
p264_seq0075.wav,0,0.0,175496,22.269294742347576,12.43708190260685,22.248796266520618,2.4870786666870117,0.7563568586759932,11.922783130444314,6.5698442652389035,11.92818219897408,1.599686861038208,0.7192383514689749
p264_seq0076.wav,0,0.0,177433,24.412458735222266,16.873329597024266,24.446694416232184,3.211585760116577,0.849927944573865,16.280906278023384,11.56299356720759,16.29180662663562,1.4823189973831177,0.8369526111292089
p264_seq0077.wav,0,0.0,166230,16.706910994764428,6.942144118942542,16.62441302348871,2.1906471252441406,0.7018890507055392,2.326304187378737,-4.196568576614536,2.34979509796531,1.1180453300476074,0.661181010381179
p264_seq0078.wav,0,0.0,198560,17.6695799260446,9.531376779821363,17.595719736046934,2.0775809288024902,0.7828587265148935,10.83165584750825,2.0812217245395526,10.821210784101877,1.5256799459457397,0.7563088311282602
p264_seq0079.wav,0,0.0,172884,21.948561120459726,14.416675927796993,21.93869644446697,2.078927516937256,0.7978525823086043,8.897824237990603,12.208623234180466,8.896329234885453,1.7107975482940674,0.7484623610569208
p264_seq0080.wav,0,0.0,203360,17.962911584921116,8.750430528624248,17.903558413212824,2.3524293899536133,0.811149053718063,-1.6231064763713303,-1.4613250488313105,-1.5790534973076154,1.1434839963912964,0.8185365166095063
p264_seq0081.wav,0,0.0,168312,1.0811009828668054,2.612158926741729,0.5442913643111971,1.2861825227737427,0.6685073153829565,-2.666594959689175,-3.970148487812747,-2.6827732777738325,1.0822277069091797,0.6126553057439948
p264_seq0082.wav,0,0.0,184800,40.149079303851174,28.190407673890473,40.17620094829258,4.120049476623535,0.952059019600192,40.10370438504403,27.738231211500107,40.10333386777593,3.935103178024292,0.9468482078818727
p264_seq0083.wav,0,0.0,208661,15.76057269000184,7.8917572418713355,15.660808125155823,1.9162909984588623,0.7811417548907268,9.530405617824748,2.4189483646423167,9.537102147963614,1.5420558452606201,0.7771146853346184
p264_seq0084.wav,0,0.0,189280,9.81036934723105,2.5610048697306813,9.376282736966102,1.3766863346099854,0.6804726717174976,-0.1813904361902766,-4.938448119581653,-0.14290042402597047,1.1199555397033691,0.6116058195058488
p264_seq0085.wav,0,0.0,186240,15.273296839140567,7.8661693863018325,15.194892631182022,2.0772297382354736,0.7848720235056182,0.5227558177089777,-0.9090323088458313,0.5263494371932532,1.1505742073059082,0.7510556064357293
p264_seq0086.wav,0,0.0,172480,32.449069055865955,22.24339012261691,32.44867505676271,3.7544403076171875,0.8652323228875182,28.86594958701562,18.017767689208007,28.86408803537559,2.7767152786254883,0.7951745391116122
p264_seq0087.wav,0,0.0,203054,33.30357205709058,23.189421884295307,33.305332712558965,3.8119425773620605,0.8907820389451377,31.206898828502332,20.142329273837284,31.205938428112105,2.8528003692626953,0.8476950118825123
p264_seq0088.wav,0,0.0,205276,23.2905293111992,16.665446236204183,23.271485022208097,3.1514437198638916,0.8411271207694542,18.063380593901638,9.414637964534272,18.06838347324067,1.9544020891189575,0.7749436468254234
p264_seq0089.wav,0,0.0,210547,18.847118227858992,10.973391318913942,18.808154453074867,2.684185028076172,0.8349168596055478,5.989363937244823,4.389848607273756,5.9801971189281815,1.2621358633041382,0.80287901377695
p264_seq0090.wav,0,0.0,174720,15.421776683692316,11.844320309357482,15.308846233364346,1.6425209045410156,0.7884418007873258,5.426599271413481,2.4329272942430795,5.41151143337744,1.2556519508361816,0.7089770016012541
p264_seq0091.wav,0,0.0,202819,36.238619456344814,29.373016668848386,36.252274729539266,3.579674482345581,0.9769924997699312,35.057007378965245,29.182748488422828,35.05703082269364,3.1694955825805664,0.9662220078226318
p264_seq0092.wav,0,0.0,198880,25.474018965972306,17.033317760464925,25.46658596011971,3.640080213546753,0.936099057845404,20.76220401941926,16.09408829569934,20.76149751251004,2.984827756881714,0.9162172088114677
p264_seq0093.wav,0,0.0,173936,16.439091539270358,7.9412182129468345,16.355669289863883,1.9786115884780884,0.7310833008873808,7.020114464468049,0.3153304689476427,6.928379869738941,1.3239189386367798,0.6797466644247484
p264_seq0094.wav,0,0.0,168267,40.66934352887352,25.09236129348906,40.69879033274677,4.081717014312744,0.9520724146484355,39.54797030424051,23.52997276980962,39.547717996705636,3.1361944675445557,0.9301803010302301
p264_seq0095.wav,0,0.0,188342,42.70186692351145,29.991475314468072,42.721619507753175,4.215757369995117,0.9837945917749906,43.22161848043162,31.916744696608614,43.2217484516812,4.050790786743164,0.987165270345271
p264_seq0096.wav,0,0.0,178080,23.025070389884334,13.657169145359127,23.0095082446781,2.180121898651123,0.8779799651358221,11.07441237612419,8.037117427329623,11.07867974851953,1.5756776332855225,0.8753064365130275
p264_seq0097.wav,0,0.0,196160,19.676412739309846,9.70316114656975,19.63480194619738,2.584620714187622,0.7821860704802522,9.01126172457039,0.02395113176146647,9.011826469309991,1.2099943161010742,0.7541220862344975
p264_seq0098.wav,0,0.0,203040,12.375783942702455,4.921879441307548,12.175656947155357,1.2954516410827637,0.6986507661691496,-2.4504267505142803,-3.674286209035151,-2.4455881936652006,1.0421862602233887,0.5242638481285765
p264_seq0099.wav,0,0.0,183534,9.579354071735327,9.227151912544064,9.214271215884951,1.3747857809066772,0.6590712577139968,0.9170272063479488,-1.2489787512168262,0.8726399901978056,1.1507447957992554,0.5965305933480904
p264_seq0100.wav,0,0.0,249428,33.162580236648445,22.85890385366063,33.164274982103,3.7920358180999756,0.9243984498233413,30.946219659021402,20.020043594019548,30.94665170848957,2.915062189102173,0.9041589511766938
p264_seq0101.wav,0,0.0,167680,33.91888704488088,26.265552477043826,33.92034268210648,4.2889862060546875,0.9806376472271047,33.968035315967896,26.565892544156004,33.96772512358582,4.282846927642822,0.9879642226508315
p264_seq0102.wav,0,0.0,189920,34.12163219119387,24.349488930716124,34.12371047460272,3.755869150161743,0.9082857651420057,31.408262504019632,22.497834219357006,31.40848197078617,2.929400682449341,0.8847199691848642
p264_seq0103.wav,0,0.0,197965,21.633855866757067,14.889534484505818,21.60587234783778,2.656841993331909,0.7767190526712656,15.500617666757357,7.574693146888199,15.500130365618084,1.7375191450119019,0.7430760323573012
p264_seq0104.wav,0,0.0,165280,15.015179796298344,6.350386324682039,14.883019482818403,1.6291460990905762,0.743799709337444,1.5367932435296012,-1.4204981222845152,1.515222898584955,1.0925354957580566,0.6506869873532717
p264_seq0105.wav,0,0.0,181266,14.847516865724907,13.282337657753981,14.721882183696506,1.4911961555480957,0.7044021431511938,0.1668409322966344,3.9787333242684797,0.13370571068438597,1.1573911905288696,0.6279378488650312
p264_seq0106.wav,0,0.0,205277,16.846675133347013,9.052001398886803,16.759854956940163,1.813915729522705,0.76743916381385,5.945207092303741,1.3878323733280615,5.91832443780962,1.3194621801376343,0.7000172566293176
p264_seq0107.wav,0,0.0,168000,11.994047164149954,5.722398684881168,11.744469751168648,1.5122663974761963,0.7599836197178533,-0.21035547069175103,-2.6473600653852962,-0.20467927107178183,1.1120120286941528,0.6682186278625205
p264_seq0108.wav,0,0.0,220094,32.81462732275007,22.885720726076777,32.815013276135666,3.8284411430358887,0.9610410200433342,31.784770139593807,21.714787709748727,31.784052477683396,3.2809414863586426,0.9357752673680413
p264_seq0109.wav,0,0.0,160029,18.348534027572885,9.851466715127533,18.295302969730542,2.1435046195983887,0.8437558260313209,10.750915768674286,3.4347572668394606,10.749162469606567,1.4784597158432007,0.8239731784101724
p264_seq0110.wav,0,0.0,210489,20.52104249425455,10.931944259551,20.49425433426489,2.783172130584717,0.8291245754505305,9.718199900536623,1.414414254511991,9.708253332325537,1.4987614154815674,0.8237513405068284
p264_seq0111.wav,0,0.0,202560,41.76936844774708,29.54496334642294,41.791622831940465,4.097192287445068,0.9668461282706016,39.89395713697241,31.23450297926526,39.89421029254309,3.8290672302246094,0.9592506354647716
p264_seq0112.wav,0,0.0,192172,18.239189177125674,8.139723491603867,18.190341363899634,2.3835177421569824,0.8329915304989283,-3.1373327697822906,-2.767576076921771,-3.070062419005466,1.1409697532653809,0.8116788464492596
p264_seq0113.wav,0,0.0,180640,7.763293934598792,1.3711130418994237,7.071792867682126,1.2867165803909302,0.5966126037108505,-1.9001879050879529,-5.882580052656748,-1.9253195241266203,1.143918752670288,0.5721216983069407
p264_seq0114.wav,0,0.0,169398,20.704758930847106,15.444402130212849,20.690582167687836,3.424185037612915,0.9506339481007701,17.666707563385103,14.22009454286989,17.66395565448298,2.6547224521636963,0.9176780070743409
p264_seq0115.wav,0,0.0,240202,14.289295710437585,5.386949271338166,14.15926773540735,1.9889886379241943,0.7222041485582158,-1.2757283048470136,-5.566271274976796,-1.2688938948833948,1.1036537885665894,0.6791528575564594
p264_seq0116.wav,0,0.0,169920,15.683023722229096,9.991895980326985,15.636761898416594,2.2695932388305664,0.8429284243657407,0.27531467453406355,0.5048584438370789,0.2562565947808392,1.1838209629058838,0.8066369375383513
p264_seq0117.wav,0,0.0,200000,21.332108866729058,12.618947035777156,21.303711245410582,2.508984088897705,0.8035876425698304,12.203768600583748,3.1120641063682104,12.208868574662237,1.5573112964630127,0.7708574245508123
p264_seq0118.wav,0,0.0,194080,37.593058466388754,25.334096961612804,37.60814181503811,4.132052421569824,0.9517981920792473,37.489871174412826,25.741852091346225,37.49353888596049,3.9231228828430176,0.9428462543357983
p264_seq0119.wav,0,0.0,187040,11.64874954846496,5.287867417010682,11.35220996163403,1.5179840326309204,0.7356106504090139,-0.0356516307514209,-4.5992488345574065,-0.08706641498961615,1.058487892150879,0.643233785309079
p264_seq0120.wav,0,0.0,182560,24.182204487037144,14.150264249488572,24.170873951638598,2.7238636016845703,0.7644159475432976,15.43503967120114,8.800924089579725,15.43800447816826,1.8584946393966675,0.7037301893896719
p264_seq0121.wav,0,0.0,188331,39.17713242251725,28.630309437155724,39.20504443719362,4.323099136352539,0.9863839449665673,41.040582346241564,29.569329658007202,41.040392535861265,4.369036674499512,0.9877568430311944
p264_seq0122.wav,0,0.0,173440,33.75133453343262,25.35519875651162,33.75262992465737,3.536799192428589,0.92416214385884,32.56743126649167,24.652050240831855,32.5677843711842,2.8732919692993164,0.906186403122899
p264_seq0123.wav,0,0.0,188677,31.85631156027686,20.96547112121479,31.854257863472938,3.473681688308716,0.8937435813682826,29.50915414568005,17.788505067929623,29.50969970033608,2.5983612537384033,0.8371133308468388
p264_seq0124.wav,0,0.0,160093,31.47653092214695,21.327039414416323,31.473952012019303,3.4646129608154297,0.9106000546722343,29.751581477306747,18.933958621431806,29.754857977588827,2.6433463096618652,0.8790096155019023
p264_seq0125.wav,0,0.0,204800,25.709515359880676,16.900415179111356,25.703599358078428,3.379197359085083,0.898220807135717,22.49492584918879,14.377645931384448,22.496182256833276,2.5469982624053955,0.8708762273533491
p264_seq0126.wav,0,0.0,188465,41.24509312717149,27.092531900225985,41.26443760616199,4.261710166931152,0.9521405954329651,39.30089367126762,26.35403655968526,39.30216511795517,3.617574691772461,0.9046222852527008
p264_seq0127.wav,0,0.0,221267,25.4137603861407,22.244564800090387,25.402934026776766,2.769437551498413,0.8990364257761116,18.160090426298098,18.08624184408417,18.15977236991013,1.7382128238677979,0.8839982218194766
p264_seq0128.wav,0,0.0,177135,24.795167752492063,12.947381054358395,24.787758373174782,3.163846254348755,0.8308942814675803,18.275510513145864,7.2685123337271875,18.274049732483427,2.0133326053619385,0.8382615417154422
p264_seq0129.wav,0,0.0,174341,18.37598684145274,10.981247608890502,18.318714162713235,2.250908851623535,0.726375411135942,7.5752404580554735,0.5077254257425114,7.600361568765834,1.3823678493499756,0.6725514774312045
p264_seq0130.wav,0,0.0,169120,38.72670598422164,25.673769788221744,38.74916785779742,4.371816635131836,0.9799878886401235,39.12156258350488,25.69275950437538,39.12126116098178,4.266165733337402,0.978260513721126
p264_seq0131.wav,0,0.0,168301,13.943068149629097,7.9158844701445705,13.796278841475946,1.7606167793273926,0.8363121777752972,-2.389673789953936,-0.8801922653689823,-2.447674311007507,1.1828001737594604,0.8139574040380141
p303_seq0000.wav,0,0.0,213280,42.318034023720735,31.790069819615287,42.372729901217525,4.296489238739014,0.9871800442026595,42.058681795804674,32.659839822381116,42.058852792731585,4.172547340393066,0.9907094400629202
p303_seq0001.wav,0,0.0,195200,15.559564533394001,9.674609233747917,15.441728082482847,1.7061270475387573,0.8275160671320475,8.589005047890643,1.510268486249602,8.598811346899192,1.1584216356277466,0.7559790736622494
p303_seq0002.wav,0,0.0,167680,41.37781667586461,29.61171599363354,41.439028231568344,4.29252290725708,0.9647212652760603,41.3160587734102,29.47447604134423,41.31633610008499,4.119750022888184,0.972305223155556
p303_seq0003.wav,0,0.0,213760,10.489651803977617,5.590987772414084,10.09235705907924,1.3558776378631592,0.8274331829221234,2.541005226721053,-1.7258868793436104,2.563840489488383,1.1251156330108643,0.7696786438522936
p303_seq0004.wav,0,0.0,163840,29.818707031579144,20.46560910241223,29.843024882839906,3.9093003273010254,0.9661996996289536,27.63733844172059,18.22980874212182,27.637377108686984,3.368783712387085,0.9681400629798093
p303_seq0005.wav,0,0.0,244640,40.58108930261,27.310468598236234,40.605548354603734,4.161163806915283,0.9672824494840201,39.86363047508863,26.159012269521874,39.864124023896245,3.5999200344085693,0.960187367337581
p303_seq0006.wav,0,0.0,219200,11.375897857364027,6.05546722158076,11.060976589525634,1.3042471408843994,0.8321176920821879,3.320758210878566,-1.4816386527524663,3.3410462664955554,1.1201876401901245,0.7797875038483907
p303_seq0007.wav,0,0.0,221711,14.51999417550103,10.956681161857194,14.375028102574014,1.8596018552780151,0.8667388952026635,6.92497121004748,2.0580757332731556,6.963861008404441,1.242817997932434,0.8099100426638645
p303_seq0008.wav,0,0.0,233280,8.087814155920434,5.1968670022557175,7.446044708511663,1.2013492584228516,0.7236193614696087,-3.3591357907121244,-3.3175039155391866,-3.3783741555386566,1.0834336280822754,0.6282205560648465
p303_seq0009.wav,0,0.0,315840,36.57029075405135,28.600121192762366,36.604061100923964,4.379571437835693,0.9976894788170274,36.7166495914378,29.47207369706247,36.71683948473523,4.370965480804443,0.9983828225819342
p303_seq0010.wav,0,0.0,174560,41.939684571134954,29.480841791592514,41.99083060861376,4.17848014831543,0.9738837636844987,36.37248389265311,31.2463945839153,36.372247107744386,3.83559250831604,0.957051846409002
p303_seq0011.wav,0,0.0,170720,37.16741974580488,25.4135516222556,37.17195309347956,4.083138465881348,0.9509598540943353,36.14973595456418,24.585530867755004,36.149042337609394,3.74041748046875,0.9407135542138186
p303_seq0012.wav,0,0.0,188000,24.692017571921944,14.833654663408872,24.697910477597485,3.3914356231689453,0.8692401362320732,18.198561780267237,8.660005187469112,18.19377157460189,2.107252359390259,0.8861279213264909
p303_seq0013.wav,0,0.0,210720,34.87889789047542,24.71947833598556,34.88077180817513,3.679159641265869,0.9741482676886815,33.55333022756463,23.057603117120763,33.55391457941571,3.282864809036255,0.9606149437199913
p303_seq0014.wav,0,0.0,193441,27.350857837737983,19.36870498918979,27.34857989800496,2.6926729679107666,0.8602284460907685,23.50053315025004,17.734298424040134,23.502134475661315,2.147533655166626,0.8144980087846933
p303_seq0015.wav,0,0.0,168960,32.569928295540024,24.14473687695309,32.5695447705013,3.898427724838257,0.8992593912314488,29.48612135679069,21.383181713553295,29.48560147553067,3.166477680206299,0.8787032200403596
p303_seq0016.wav,0,0.0,180800,26.11294386471347,19.46593294506526,26.114262178095284,3.9460697174072266,0.9605799025616062,23.523863296857886,18.587227187873328,23.526007569092936,3.4426565170288086,0.9555576585583403
p303_seq0017.wav,0,0.0,179680,20.881413664247543,18.725352346341037,20.848735609936856,1.840942144393921,0.7896117425185318,9.335484255898622,10.162733657105939,9.334475857258083,1.2498853206634521,0.7136945966874232
p303_seq0018.wav,0,0.0,173440,29.840942225072023,21.78026625735848,29.83712593552328,2.6739017963409424,0.9508479778081477,27.400225739859728,20.39488026187624,27.398119810852695,1.8409113883972168,0.897568809492276
p303_seq0019.wav,0,0.0,201440,25.535095158010993,18.705504290100404,25.530530941366933,2.4893767833709717,0.9001572753975371,22.34329394419298,17.088143709138865,22.34625650938314,1.852217197418213,0.8561839774996193
p303_seq0020.wav,0,0.0,185921,19.324596923132102,12.16608980971704,19.277486562961876,2.177133560180664,0.8567694884894793,10.394613540968523,6.122011807272328,10.408232393880956,1.5682860612869263,0.8179436410119553
p303_seq0021.wav,0,0.0,168320,24.271474120000818,13.342058398394418,24.273461177395923,3.377432346343994,0.8976388227242279,17.31072464172406,6.868812690981533,17.31181127650253,1.9729211330413818,0.8706558403101592
p303_seq0022.wav,0,0.0,164640,19.700478451387355,9.991830920816964,19.670452759961044,2.680474042892456,0.8485365208598478,-1.4478318806882822,-1.3852476446849145,-1.4723299289162166,1.2304469347000122,0.8353996889166418
p303_seq0023.wav,0,0.0,170186,21.849391525593465,11.33659926579275,21.84202813955259,2.688624143600464,0.9231546060067899,11.363999809132048,1.7561203066056692,11.369558066347874,1.4594966173171997,0.9007468323430531
p303_seq0024.wav,0,0.0,170400,25.41868473424053,15.417123271258472,25.410255592371346,2.6330020427703857,0.8785963228004802,21.86604525417192,10.437937287769566,21.867906775196882,1.8559612035751343,0.8574741655446999
p303_seq0025.wav,0,0.0,218081,14.985502123094944,12.982012349296738,14.885885301618275,1.4490145444869995,0.7373121089420118,1.808780931747297,4.310388304034592,1.8248955208376425,1.1483070850372314,0.6566552488477121
p303_seq0026.wav,0,0.0,160640,26.89914166379041,21.787971077597444,26.890376906003066,2.884162664413452,0.8362818664164945,22.929132691946187,16.58793852793688,22.927116516238918,2.3640286922454834,0.8110437269443346
p303_seq0027.wav,0,0.0,218401,19.960634702538066,11.389402138567311,19.926026855794255,3.2799832820892334,0.9012169309332476,8.73637174230494,5.1699372770148075,8.736414265889263,1.6634787321090698,0.8941167384910238
p303_seq0028.wav,0,0.0,176001,16.081527849768054,12.965835538816503,15.9785746010808,1.5926169157028198,0.7699695983854828,7.151062086428171,3.4453417214960878,7.149133281198743,1.2015256881713867,0.7376450390407923
p303_seq0029.wav,0,0.0,192480,13.453009736654655,6.605900231139002,13.258816419303361,1.4423611164093018,0.7504398384302395,-0.5580877597176978,-1.6607149398764203,-0.5628983714313334,1.1463727951049805,0.6431730911032766
p303_seq0030.wav,0,0.0,184640,7.200330573189426,4.3321721710329895,6.4411613168047985,1.2724270820617676,0.7189534592403681,-1.3810628229800928,-4.005159985343356,-1.4835740308059147,1.0978058576583862,0.6184859078482174
p303_seq0031.wav,0,0.0,197120,31.35973999857901,21.038821887490286,31.36152536263937,3.910151481628418,0.9503822107501406,30.915719822534754,20.425872777568028,30.916515561952572,3.6452035903930664,0.9527037421362345
p303_seq0032.wav,0,0.0,167681,22.598838892613472,13.441201588806598,22.578047997699997,2.5392093658447266,0.8183222909051511,18.815370961851457,8.101528999278557,18.811967549798617,1.9676194190979004,0.7948349215760622
p303_seq0033.wav,0,0.0,167040,37.75651149837498,26.793629463843565,37.76312069758377,4.082667350769043,0.9679697363220282,37.527286624614874,26.67473500925359,37.526955591127845,3.931554079055786,0.9448422789174343
p303_seq0034.wav,0,0.0,179681,19.597651413901083,12.480582218098512,19.568722382733043,2.8986635208129883,0.8810967410624125,6.306249379729552,6.274515155166105,6.309288813619935,1.4741017818450928,0.8425723027645189
p303_seq0035.wav,0,0.0,186720,33.4827999707751,23.65479642409339,33.48429268167607,3.8422234058380127,0.9556484683306722,31.965070518743627,21.344593517983693,31.964992087501546,3.2781224250793457,0.9356069047409057
p303_seq0036.wav,0,0.0,171520,25.674029263543293,16.31930570169455,25.67104866390702,3.6720666885375977,0.944454521751799,17.55907694607259,14.111765220996743,17.565444596429188,1.8540785312652588,0.9503827056311551
p303_seq0037.wav,0,0.0,175521,30.452611286754454,20.10362059654054,30.45380838952965,3.6813344955444336,0.9559042309799516,27.734707612073848,18.080342762492695,27.73453334314363,3.184481620788574,0.9362225914567707
p303_seq0038.wav,0,0.0,166880,16.664820907127165,9.794472063212147,16.619621384464978,1.7081427574157715,0.7215065869874772,0.19996703520938297,5.650496009467331,0.18804483390191962,1.4152225255966187,0.6668672416473224
p303_seq0039.wav,0,0.0,199976,37.345608835042704,22.098837260092502,37.346854243889,4.2596635818481445,0.9658824694424542,37.03957492506494,22.02732352013114,37.03986370661405,4.236449241638184,0.9757588653341193
p303_seq0040.wav,0,0.0,188640,40.13765683976733,27.898929051626403,40.15840522899366,4.122377395629883,0.9572373791198048,40.11072999637352,26.813578149939925,40.11073949099428,3.6321771144866943,0.9413388486162395
p303_seq0041.wav,0,0.0,231521,17.221467364798436,11.448223977822746,17.144774325936332,2.3076117038726807,0.8150238401241349,9.56453150778519,1.9972576133977042,9.597637325123157,1.4417297840118408,0.760971389220533
p303_seq0042.wav,0,0.0,208641,37.084526602511914,22.3320536823437,37.08656432578636,4.260265827178955,0.9602140840195452,36.91391155323057,22.22205197621626,36.91371255969555,4.219428062438965,0.9641267113594614
p303_seq0043.wav,0,0.0,211200,17.10560186449245,6.775056928557148,17.0443666890065,2.023703098297119,0.7610631408290586,2.504577577983149,-3.794554426239442,2.505281795043151,1.179160714149475,0.710605342985697
p303_seq0044.wav,0,0.0,200800,33.69734020291968,25.875622016031986,33.695629664534174,3.3437740802764893,0.9076246921163458,30.489544884926623,24.08704776304668,30.48934591157131,2.661972999572754,0.8916845812169278
p303_seq0045.wav,0,0.0,207681,21.034415140358355,12.41317960731449,21.00250492535967,2.58549427986145,0.7385391497094249,12.0938792742875,5.822735938291805,12.094507777279109,1.6923508644104004,0.7056498520781183
p303_seq0046.wav,0,0.0,160480,18.658991146772706,12.382286906108616,18.621325327902316,2.587576150894165,0.8286885818549675,12.475478735727636,4.029513261725719,12.49576055952887,1.6876780986785889,0.7579634373146743
p303_seq0047.wav,0,0.0,229760,39.28543427369776,27.561924119186997,39.30232120892171,3.9847412109375,0.9739931452787304,38.10461686327968,27.618673254069197,38.10490456932903,3.6322274208068848,0.9645394928772821
p303_seq0048.wav,0,0.0,165120,10.71670635734246,5.8427660588101915,10.563391560962112,1.4969927072525024,0.7524932671851584,-4.672336425297797,-3.069911424066478,-4.542477833255924,1.0712953805923462,0.6711234126538573
p303_seq0049.wav,0,0.0,161601,33.1394914480924,21.651433476053707,33.14577307283038,3.9236881732940674,0.9353653408122072,32.61608194797702,21.686356794307613,32.61874371278927,3.7347655296325684,0.9296346071005652
p303_seq0050.wav,0,0.0,162080,13.158056759407227,5.428627805157791,12.95429198927631,1.6023229360580444,0.7140082754491022,3.835854262626515,-3.495388826507132,3.803501371518012,1.1364269256591797,0.6400938750879595
p303_seq0051.wav,0,0.0,175040,38.51029537334682,25.94587295336058,38.512012876083006,3.870204210281372,0.9588151864972182,37.48143453002854,24.558899317026782,37.48254239878843,3.2859511375427246,0.9431848190003428
p303_seq0052.wav,0,0.0,162721,25.02484159405927,18.773926023802012,25.070753731862293,3.324002504348755,0.8852514122149936,19.129235258876445,15.230179205863282,19.142122098403515,2.0978097915649414,0.8592853439677272
p303_seq0053.wav,0,0.0,209120,31.02322759358998,20.324194205827464,31.02139728566083,3.6646251678466797,0.9274535367522454,27.996144033200135,17.78196676141275,27.99379472790299,3.0844247341156006,0.8650396607076086
p303_seq0054.wav,0,0.0,178240,12.632655367699899,7.6389145159581515,12.39659313585911,1.458375334739685,0.6791808188264199,3.6271524127077632,-1.7824376978891934,3.598312970096307,1.1628905534744263,0.5975403175050934
p303_seq0055.wav,0,0.0,168960,31.824184379846816,20.228543198452087,31.82768391955129,3.991095542907715,0.969515713109142,30.24454140567325,19.17965253974934,30.24627041438299,3.664318561553955,0.9718821872931085
p303_seq0056.wav,0,0.0,211840,40.202009372826794,27.225763010746498,40.22548354077528,4.135679244995117,0.9395001694837799,39.79781766775322,26.23891983955041,39.79774242016631,3.828714370727539,0.9293149426057733
p303_seq0057.wav,0,0.0,170770,24.033402738272372,19.118454698089444,24.032956626016762,4.059088706970215,0.9863626569158672,23.010236454378553,18.673227145091897,23.011134062235957,3.8320693969726562,0.9902886482486115
p303_seq0058.wav,0,0.0,161920,30.11303369468143,19.917387641188995,30.110976113113995,3.310513734817505,0.9113341467721017,28.12789593669532,16.913172897976402,28.12951197261778,2.598221778869629,0.8829464256906506
p303_seq0059.wav,0,0.0,218720,17.007948960910714,13.898163067874979,16.925053169021048,1.890730619430542,0.8044084293772455,9.97732704059984,5.047439890333879,9.955130901767872,1.4399423599243164,0.7522649136314712
p303_seq0060.wav,0,0.0,190240,28.580513303402487,21.4820078137606,28.575131662987804,3.0928990840911865,0.8596814081046129,20.463479312926573,20.591889533754898,20.460901372510886,2.4717912673950195,0.8375864116531819
p303_seq0061.wav,0,0.0,179360,12.917047172849557,6.025534598519452,12.734673402440361,1.3163167238235474,0.7518570772844031,-1.869816808645105,-1.8889586486677237,-1.831790465045437,1.051220178604126,0.5598958050084691
p303_seq0062.wav,0,0.0,192480,37.69350409689946,27.298009876984295,37.69771053274479,3.933906316757202,0.9699381625342519,33.70160773429937,28.192706981577768,33.70191637576773,3.4645392894744873,0.9501141981802799
p303_seq0063.wav,0,0.0,184640,10.650615034613093,5.714267678270737,10.26755131466129,1.493407964706421,0.7321704105264228,1.2495343731975808,-3.5418079527056014,1.2656133751457268,1.081836223602295,0.6514616106655295
p303_seq0064.wav,0,0.0,185120,36.94638010162793,26.583847610978182,36.95419299363279,4.086416721343994,0.9820438787860141,36.93933694324518,26.664035073500358,36.93921460635886,3.685864210128784,0.9675821746486866
p303_seq0065.wav,0,0.0,200949,39.9616452105585,25.42949523811046,39.96465167252273,4.094571113586426,0.9419455587947954,38.313617791084994,23.596491096164034,38.31450102975701,3.5400869846343994,0.9128496052087787
p303_seq0066.wav,0,0.0,237280,23.034386453341433,12.250586850391263,23.04331997923251,3.016737699508667,0.8794743179503617,12.861208599174695,3.058956247907025,12.862488733955743,1.4862570762634277,0.8605331282504826
p303_seq0067.wav,0,0.0,194156,20.008209010724933,8.070688438829782,19.971913276148676,2.6311144828796387,0.7168685838258497,0.8348613656267165,-1.588014479363279,0.8415116706937448,1.1836931705474854,0.7039182614176616
p303_seq0068.wav,0,0.0,187360,40.058640027106705,27.00754139740936,40.069617045315226,4.3019118309021,0.9678195565762554,40.67953130973203,28.3235748912296,40.67937370457459,4.332295894622803,0.974645731861223
p303_seq0069.wav,0,0.0,195040,30.78753037582532,22.585795626593075,30.786682208619656,3.22149920463562,0.9134014450121092,23.18195941836057,21.857756793392,23.183309476591354,2.685762643814087,0.8971106932851713
p303_seq0070.wav,0,0.0,172961,39.03617319274523,28.306153165842463,39.04842756337037,3.840789794921875,0.9469622917328971,38.24121822585833,28.900408742905032,38.241307124089154,3.411482095718384,0.9428767125508116
p303_seq0071.wav,0,0.0,167520,21.498707172864762,14.338127082942995,21.586663262755074,2.6859121322631836,0.8371892385878003,9.83392207524738,6.316440179438147,9.849519405912424,1.3639869689941406,0.7472083651342972
p303_seq0072.wav,0,0.0,162560,17.265160871476283,9.736646876324071,17.18391181737892,2.0668513774871826,0.7891010487641794,11.344464041211799,2.110427040283806,11.338416283470508,1.3136769533157349,0.7637507800687733
p303_seq0073.wav,0,0.0,202880,33.70620306368298,25.915592233759366,33.70657404175169,3.294365406036377,0.973146553636683,32.614736428279876,25.777358587425926,32.61474930493483,2.935598134994507,0.9586943785953584
p303_seq0074.wav,0,0.0,219544,-0.5807526150913761,0.9945979628481416,-1.5262888127642564,1.1991610527038574,0.6413322362899396,-4.406583363060075,-4.866032675059974,-4.4498698459023185,1.113095760345459,0.6122025417398737
p303_seq0075.wav,0,0.0,194727,19.835758690567495,10.503615777323796,19.80717513117215,2.6340014934539795,0.8837095173423939,7.961018171644213,4.665583408710859,7.948862922871749,1.378422498703003,0.8715606597015546
p303_seq0076.wav,0,0.0,170561,35.3919353416204,25.042019630911753,35.40091933852908,3.7948036193847656,0.9441831243376144,30.318093538930583,23.493281399771448,30.317353548790873,3.156064510345459,0.912415863988727
p303_seq0077.wav,0,0.0,207680,30.08367550035527,23.99478219422073,30.0797940761267,2.846283435821533,0.9003444693571389,27.829273564034818,23.03842363320536,27.828703119130953,2.221717596054077,0.8683203574680242
p303_seq0078.wav,0,0.0,180398,12.659276706586462,6.4663213786312514,12.50239887878859,1.7769644260406494,0.7346713525264258,6.61428210283992,-0.0665541673857108,6.626483217476975,1.4455366134643555,0.7111659559863605
p303_seq0079.wav,0,0.0,199360,20.798444063887622,12.184005047888283,20.785117851850675,1.9944757223129272,0.7993730442054048,7.1244846264712445,9.62240347018001,7.12297818203001,1.7279387712478638,0.7412157755812815
p303_seq0080.wav,0,0.0,164161,37.227496593638996,25.67121889960049,37.227639009914846,3.9592580795288086,0.9496986896914895,35.55101495266554,23.84230025543863,35.55329026874088,3.472477436065674,0.9243154578927659
p303_seq0081.wav,0,0.0,186114,17.211952800746275,8.81698577082472,17.140337283489878,2.3888347148895264,0.7550043399982183,6.66016156350894,-0.6601972922355427,6.648281199710637,1.1701630353927612,0.7305772159191579
p303_seq0082.wav,0,0.0,204339,13.275913305178374,7.686166040249518,13.08153411423145,1.5674009323120117,0.6850125954693588,4.586647699885205,-1.549140617691419,4.614468879927859,1.186792016029358,0.6253847919701725
p303_seq0083.wav,0,0.0,180112,19.80553669742291,10.212256516163587,19.76116892434905,2.284588098526001,0.7811291118890639,14.348453873667452,2.8149378108520993,14.340595554595206,1.672444462776184,0.749820808563594
p303_seq0084.wav,0,0.0,172371,31.48112158229595,22.73824795790264,31.498304736619325,3.757850170135498,0.9596918819077619,31.37788721088132,23.198040787629967,31.3814637029094,3.6588783264160156,0.950943048387482
p303_seq0085.wav,0,0.0,204744,19.9505473495472,12.744602730738944,20.006939069055107,2.5781848430633545,0.9006855619611527,8.730603310064856,4.738809570544133,8.741234232565848,1.3860005140304565,0.8365622431182372
p303_seq0086.wav,0,0.0,201023,12.700820163896783,5.922694883427739,12.47276356538293,1.5412285327911377,0.7470741756315088,-0.9934639815614931,-2.127922193309278,-1.0046649238397833,1.2114832401275635,0.646603761182361
p303_seq0087.wav,0,0.0,169761,33.30912002235707,25.86621536071793,33.31003206040667,3.595973491668701,0.9244902916064682,29.909208895324948,22.460430696868734,29.90953481537629,2.8120853900909424,0.8780498532182555
p303_seq0088.wav,0,0.0,176800,23.643640679886268,16.23467826694684,23.63902424669729,2.2903788089752197,0.851429091020294,17.304596554969216,13.42424169545414,17.304534877285132,1.4731947183609009,0.770803913127955
p303_seq0089.wav,0,0.0,222963,16.10373649147529,7.04271168616762,16.014985215901984,2.0516269207000732,0.8033322331584222,0.2676630384624348,-4.435075765639808,0.2538571134021136,1.183901309967041,0.7521669161619567
p303_seq0090.wav,0,0.0,208759,15.231225771356819,12.736455976545477,15.107981193530431,1.5825291872024536,0.7255293307534361,0.19541063705557116,3.2526616540229627,0.18855275128353466,1.1147980690002441,0.590502410403614
p303_seq0091.wav,0,0.0,163041,26.400855510156585,20.965089042672833,26.39243127769457,3.1103804111480713,0.8767512396403895,21.621101390009798,15.44663474925303,21.61939877837741,2.0106396675109863,0.8433591987398251
p303_seq0092.wav,0,0.0,198720,22.01053668667154,14.584904494782975,21.987430594502648,2.7748637199401855,0.8187364361446345,20.152508478238044,9.326793570968062,20.1568950631998,2.279552936553955,0.7904925254555226
p303_seq0093.wav,0,0.0,164547,9.128522952119324,8.148562015795491,8.727197187935648,1.304117202758789,0.539207728617826,-1.9638330150825525,0.6805550327453362,-1.9591641256617929,1.0945863723754883,0.43928641565458304
p303_seq0094.wav,0,0.0,219241,30.33860647035208,21.78705248075938,30.349011416799165,3.7915966510772705,0.9520631599610465,28.864851487805506,21.459730860298084,28.866997158247784,3.569610118865967,0.9334275887180347
p303_seq0095.wav,0,0.0,179680,24.17366603052795,13.676900180085665,24.161923857318218,3.053204298019409,0.8049822000020309,20.525329291671284,8.128000506402328,20.52501055162991,2.0566208362579346,0.7799044592252421
p303_seq0096.wav,0,0.0,179520,17.704021619575318,9.02362334847554,17.63956694354077,2.507061719894409,0.8802730973025787,0.9944388624764194,-1.176292726462257,1.0054791400014924,1.2112215757369995,0.8304684540259782
p303_seq0097.wav,0,0.0,203681,23.907715755527082,15.236655343025232,23.890104798795804,2.59503436088562,0.7654395701323842,17.422580460086476,7.034473389551997,17.413824931158423,1.8798481225967407,0.7167118089643745
p303_seq0098.wav,0,0.0,184160,15.41237460756448,7.34317584444563,15.293911643915859,2.0300769805908203,0.7283360945531415,8.389929549413848,-0.950853663784119,8.401781380974843,1.197989821434021,0.6741903666332041
p303_seq0099.wav,0,0.0,166240,40.80085137899212,28.336990010844506,40.81706900031073,4.250602722167969,0.9709865339671344,41.940610095698,28.520214766172934,41.94051598529335,4.1100616455078125,0.9661249013594688
p303_seq0100.wav,0,0.0,189441,31.71200060475034,22.275360301340115,31.712818837527976,3.7696728706359863,0.9256626074432521,28.477689041942877,20.045801504675747,28.477822297447403,3.155985116958618,0.8712613376639774
p303_seq0101.wav,0,0.0,214221,12.844658971931157,10.903870981067223,12.691786873061009,1.4254473447799683,0.6899783722657105,-1.9651924763270197,2.2219718685174303,-1.9582575755697629,1.0888696908950806,0.5547956532728686
p303_seq0102.wav,0,0.0,202225,14.796948993656189,8.424065739630983,14.859149840822399,1.8405673503875732,0.7971060500342593,0.3702309583232788,-0.1562494408948676,0.41076470631677653,1.1055443286895752,0.7049741290678033
p303_seq0103.wav,0,0.0,178987,35.61851331407981,24.830838062288027,35.62952715875002,4.140990257263184,0.9673843339670715,39.06877067472149,25.95531108358186,39.073144537431766,4.161585330963135,0.9794136820457996
p303_seq0104.wav,0,0.0,167681,43.25022193699115,30.09851714591531,43.292907153823506,4.259642124176025,0.985821574396637,42.204355051277375,32.13210527887921,42.20447274101473,4.115001201629639,0.9750145011807068
p303_seq0105.wav,0,0.0,166627,37.67801620098434,28.015682029372947,37.68802260995612,3.560967206954956,0.9681688971427559,37.418754784877066,28.882291035261982,37.418479284695906,3.311735153198242,0.9686459063329808
p303_seq0106.wav,0,0.0,180960,9.59345443611888,2.9464033937978398,9.101494938519659,1.2961599826812744,0.7371204962729759,0.37150547911981635,-4.266799481341533,0.3268910386959842,1.1611354351043701,0.6295149235987222
p303_seq0107.wav,0,0.0,217403,23.183510195500318,16.12560688593582,23.174938365325044,3.6078109741210938,0.9370724964766584,18.40409847759315,14.049074929812008,18.39993099399497,2.9671874046325684,0.9426248648835882
p303_seq0108.wav,0,0.0,210925,31.050628265341402,25.32895411270724,31.0475076129418,3.330536365509033,0.8844673131141506,26.637623155916657,24.099185757053956,26.63735921366612,2.41843581199646,0.8690588678847178
p307_seq0000.wav,0,0.0,204160,14.488349850832563,10.915250862164935,14.333986772754617,1.822066307067871,0.7849846403905776,6.546272742797468,1.3772223883233747,6.588656243711345,1.2047452926635742,0.7186005031675858
p307_seq0001.wav,0,0.0,194721,15.443384830726032,12.278475591803959,15.323500848763683,1.7916276454925537,0.859929711743138,8.761377705087558,4.453083951983054,8.782473924228094,1.1689053773880005,0.767363809523076
p307_seq0002.wav,0,0.0,207041,14.54438075043985,11.605383878042414,14.41178246782213,2.2068231105804443,0.8911492421083129,1.4709438762075975,3.7188597937889822,1.4632878540592855,1.2248095273971558,0.8710712528220192
p307_seq0003.wav,0,0.0,249280,40.045509763773865,29.70390397360744,40.0901508525324,4.060262680053711,0.9854420813719188,33.9476614275641,30.371084964150675,33.94757222589094,3.6691410541534424,0.9888810281092155
p307_seq0004.wav,0,0.0,226560,17.903208201240815,12.583014940037542,17.87116626348328,1.7324483394622803,0.8520150923825284,2.68803042255924,8.008468163673333,2.6820477581317554,1.2366257905960083,0.7984070581588957
p307_seq0005.wav,0,0.0,206720,14.74483991111602,12.48445027940497,14.661459288673173,1.548557996749878,0.8581431698376736,-0.25039875735682104,7.657657410841715,-0.22937756748113905,1.2116719484329224,0.7923931945904342
p307_seq0006.wav,0,0.0,274240,4.353410012320291,4.822866720292977,3.7325185711752935,1.2113765478134155,0.7305290249787317,-1.4460232895230705,-2.5257464604872655,-1.4354939517888388,1.0846576690673828,0.6837661743812545
p307_seq0007.wav,0,0.0,220480,41.96878174083288,29.91085837425774,42.06710023158732,4.2620415687561035,0.9915862608609429,41.77256557064045,30.081150674438643,41.772752952935754,4.112983703613281,0.9867863438792751
p307_seq0008.wav,0,0.0,295433,32.904239296986184,25.075619579958623,32.96325946870767,4.1457109451293945,0.9886384522899145,31.069849719799095,23.69222750757554,31.070238929315444,3.3253989219665527,0.9831825128377513
p307_seq0009.wav,0,0.0,166400,17.788990769597252,13.74787249445346,17.829821583679863,2.1205904483795166,0.8693367404647868,5.06682762612682,4.66754619485838,5.064150855024381,1.2447071075439453,0.8122403794930431
p307_seq0010.wav,0,0.0,189440,41.40700257566625,25.107977700385867,41.43272946416829,4.318645000457764,0.968053191982135,41.865801234751416,26.41933584783405,41.869609693431556,4.251729965209961,0.9730806852602651
p307_seq0011.wav,0,0.0,218400,41.24552699557707,26.964469325688363,41.27332876619552,4.2925615310668945,0.967941075882662,41.502246909357495,26.262531878503644,41.50392877055098,3.968634843826294,0.9571973122742709
p307_seq0012.wav,0,0.0,174562,31.116850077504022,21.426659197532874,31.117299984334664,3.705260992050171,0.9322911592270795,29.90513307167778,20.212698627046787,29.9068399480589,3.2512876987457275,0.9157631036270759
p307_seq0013.wav,0,0.0,176320,39.86357216220473,27.830920212247964,39.915154094430264,4.3640313148498535,0.9827588241621982,41.02963752543146,29.41609637714453,41.02967113089253,4.371238708496094,0.9845456414670327
p307_seq0014.wav,0,0.0,200160,17.146060015132292,9.335418064106216,17.065926692610287,2.16706919670105,0.7553160554751891,11.503397444010048,3.110382104056343,11.45825361311159,1.344452977180481,0.7132051108162412
p307_seq0015.wav,0,0.0,197600,32.20780517919869,24.96501358848861,32.208716862081836,3.214057445526123,0.9459295786792149,29.80017791828007,24.055354869823415,29.80067819207516,2.8159029483795166,0.9420914735841082
p307_seq0016.wav,0,0.0,212160,42.771234220569674,27.229070848594898,42.80873414511608,4.137235164642334,0.9255167294196828,42.51831481537974,26.844481837685425,42.51809825874825,3.7248802185058594,0.9137517024410993
p307_seq0017.wav,0,0.0,165120,30.158990011669133,21.22305982417191,30.17366091789432,3.8097310066223145,0.8844290265433121,28.46967743959928,20.733450491637186,28.473933544350846,3.477104902267456,0.872771803503412
p307_seq0018.wav,0,0.0,185760,18.431398857169437,12.630753073176685,18.375120752690528,2.1271657943725586,0.8003411503579803,11.342039380924726,3.8682300132318956,11.330695126787273,1.2102864980697632,0.7453043439968238
p307_seq0019.wav,0,0.0,182271,28.393249570540505,19.404607471188253,28.38987309547974,2.6094298362731934,0.9016394644822469,25.66485643849667,17.941200035360602,25.66579057033294,1.9184520244598389,0.8711533000267011
p307_seq0020.wav,0,0.0,187681,23.142202188733613,16.255658916126425,23.203736409805366,3.1087114810943604,0.9199065597111037,13.003735170672028,9.180006432661592,13.009467347197434,1.502814531326294,0.8631672598764626
p307_seq0021.wav,0,0.0,182080,26.345036570459463,20.105653318855367,26.34524348408693,2.6888718605041504,0.9092166711103408,23.152524144069417,18.443281785656183,23.15374835617628,2.110619306564331,0.8580531558021189
p307_seq0022.wav,0,0.0,191206,39.144801039382024,27.09463452369823,39.167228243233815,4.0181355476379395,0.9729665065890907,39.1342075615728,27.03122067522244,39.13376023285012,3.9445862770080566,0.9799589536595846
p307_seq0023.wav,0,0.0,205440,33.586673414965865,25.905093330505363,33.589417758851454,3.7960317134857178,0.9186566235113414,29.339194613388848,26.470618287416553,29.34018724847604,3.423261880874634,0.9199855028788505
p307_seq0024.wav,0,0.0,213903,39.72344128162664,27.1301326258273,39.7392124411935,4.412375450134277,0.9755424436111091,40.46277361939268,28.32803429347955,40.4629987783338,4.383493900299072,0.9889598460765624
p307_seq0025.wav,0,0.0,168960,24.82606788037743,17.740382002200317,24.815345404792705,2.8258614540100098,0.8246585668938406,20.950634142137943,12.007386109495954,20.951504836914566,2.288428783416748,0.8361802167620374
p307_seq0026.wav,0,0.0,185440,16.139985886451605,10.443012213533251,16.04418267635281,1.62648344039917,0.8157930202742734,6.428868049513352,3.8567529874545783,6.42758772869656,1.1006078720092773,0.6844737149860954
p307_seq0027.wav,0,0.0,193760,20.629503915243397,16.571445859478732,20.597809852733505,2.1680424213409424,0.842639558133569,12.896649871029473,9.104645081932178,12.89805031672076,1.532226800918579,0.8279179868756207
p307_seq0028.wav,0,0.0,207063,33.21383543763539,21.601550780641915,33.222432293401305,3.6602888107299805,0.9337336545904743,31.500621125332884,19.102462221015905,31.50000335764947,3.333650588989258,0.939734810329056
p307_seq0029.wav,0,0.0,176481,26.930664678014757,17.963879241440996,26.933734897979736,2.8814353942871094,0.8898072051006232,20.02784478390291,14.495605399876489,20.02813078604683,2.3738789558410645,0.8717662175150984
p307_seq0030.wav,0,0.0,211200,13.807060545617349,6.985795073650627,13.706528585467794,1.467388391494751,0.7519721028258506,-2.999585573650414,1.8900788903013768,-2.959435714661638,1.244254231452942,0.6524828882678372
p307_seq0031.wav,0,0.0,181920,18.288609178598264,11.517176619324191,18.23741885988117,2.220428466796875,0.872176625460365,12.963906662034827,6.066391760457156,12.979245934344299,1.4097820520401,0.8406640117865581
p307_seq0032.wav,0,0.0,161440,10.883892985437386,8.328497443500703,10.619479449621823,1.3788201808929443,0.7342968163557795,0.7762394731915796,-1.057664254598112,0.8212235566555902,1.107572317123413,0.6301897480735094
p307_seq0033.wav,0,0.0,212643,40.199882196020916,28.063671916769156,40.22845825566901,4.44936990737915,0.9906205186915281,41.25992281839722,29.240248542563492,41.26007541288053,4.471649169921875,0.9988073365467603
p307_seq0034.wav,0,0.0,229920,7.3922412455265345,7.903439117874948,6.605095730707858,1.25386381149292,0.6460526847177084,-1.3081203361353713,-1.609859792282429,-1.2420388682687398,1.0795564651489258,0.5764161794028246
p307_seq0035.wav,0,0.0,210560,11.474921353688547,6.42003576827419,11.23179003499812,1.3461514711380005,0.7409159294250726,-0.6414125101861821,-1.5432644882892834,-0.6354182809160982,1.0628390312194824,0.581045093055211
p307_seq0036.wav,0,0.0,183200,23.140486125771837,15.682442044218044,23.128873408502773,2.828178644180298,0.8572140566971028,18.568103625794304,11.527272235003803,18.575898095585938,1.9877870082855225,0.8319463018918031
p307_seq0037.wav,0,0.0,253120,42.85196514055755,28.90985777162052,42.913886951905994,4.453587055206299,0.9861597067233202,44.283534161460764,29.963977675955054,44.283763867214674,4.519444465637207,0.9925902813682229
p307_seq0038.wav,0,0.0,201600,41.83987158154699,28.289114925001474,41.88964802830547,4.24322509765625,0.9757057074810364,42.01681871883353,27.975633065314423,42.01688494726046,4.011612415313721,0.968131178776132
p307_seq0039.wav,0,0.0,224640,36.36606301025101,24.46305339944238,36.37393299976894,3.9259486198425293,0.8715085652155551,35.31649996324995,22.31894126483706,35.31607358673861,3.554150342941284,0.8708660659365667
p307_seq0040.wav,0,0.0,177296,14.776791693386661,12.332986248568824,14.686885352407945,1.7507076263427734,0.768035158034294,6.275784606821291,3.8487946990348436,6.274333207793756,1.2402317523956299,0.710886380917346
p307_seq0041.wav,0,0.0,166880,5.196943617366918,3.7803618135082777,4.590799209827337,1.2523878812789917,0.7160162217566057,0.35391054000211264,-3.2007556324541175,0.3204890351897489,1.104019045829773,0.6752777632377858
p307_seq0042.wav,0,0.0,172160,41.48947136945408,26.33541121844373,41.51115141024689,3.9998767375946045,0.9687250251173162,40.574832032749256,27.420772126139433,40.57494418096123,3.5924479961395264,0.9644807893839398
p307_seq0043.wav,0,0.0,161601,39.78082483424379,24.850095414271944,39.792304197685965,4.210285663604736,0.9639243223091978,37.72691069622037,23.9710061233705,37.72707869936313,3.832080364227295,0.9448522724429641
p307_seq0044.wav,0,0.0,207520,41.90314337343477,26.67093951321045,41.95859757665577,4.265855312347412,0.9531968494102877,41.822054936291835,26.277339357631785,41.82243247812472,4.011855125427246,0.9442402207671633
p307_seq0045.wav,0,0.0,167360,37.154603035077486,25.943236677421726,37.16629096992193,4.259714603424072,0.9764534618615588,37.96191716188276,27.40871340613129,37.961986585329356,4.229379177093506,0.9832986852980794
p307_seq0046.wav,0,0.0,177281,7.022960290120737,4.268611103203521,6.497901986459857,1.2813975811004639,0.7238370413802733,-0.09682125918479363,-3.040345548442837,-0.04398036654534008,1.080222487449646,0.6799186136083284
p307_seq0047.wav,0,0.0,194561,28.963379710221517,21.49773603001651,28.968777664239063,3.5437207221984863,0.8354989187690892,31.470529905092533,19.417985912629184,31.46947069372021,3.2817277908325195,0.8451469882954329
p307_seq0048.wav,0,0.0,208640,30.669740323552045,22.169026593132937,30.669116380933502,3.38844633102417,0.9150704444869014,22.74368131688793,21.311532691327645,22.743723557595118,2.8003039360046387,0.8989938983320304
p307_seq0049.wav,0,0.0,200641,24.785271891528602,19.563966647511364,24.774662293732938,2.9203081130981445,0.845025907862058,21.15851040100615,13.383346447710023,21.157196352492615,2.236959934234619,0.793450268061355
p307_seq0050.wav,0,0.0,213121,17.258606494802727,8.967295457314675,17.17946563260538,1.9073264598846436,0.8154224876626476,11.603324155973853,1.645994140485983,11.586360234144177,1.4259181022644043,0.7685389231646711
p307_seq0051.wav,0,0.0,215840,25.85866046788338,21.433330922408178,25.849728355731184,2.4351279735565186,0.9174025703764126,18.352899921330618,16.767261709325776,18.352100781556995,1.727707862854004,0.8847729494211383
p307_seq0052.wav,0,0.0,193281,14.421562174962425,8.243036398105815,14.285060630699416,1.8977136611938477,0.7343287531928147,-0.8906309284176135,-2.2083398769614515,-0.8970223765597184,1.1591744422912598,0.6854921083958799
p307_seq0053.wav,0,0.0,200481,14.248267976244954,6.614443475798633,14.096967961173476,1.6754859685897827,0.7661307956570892,3.2159246732643183,-0.8913197196750393,3.198804450780429,1.1255549192428589,0.6850680160243409
p307_seq0054.wav,0,0.0,167040,36.6442822522469,26.129911842098384,36.64965621027493,3.7158753871917725,0.9593574492712708,37.34383747143452,26.469659081468492,37.34372472684375,3.553659439086914,0.9629290527168747
p307_seq0055.wav,0,0.0,160160,1.2910914400145987,0.9489678887874938,-0.056466909418071407,1.1613949537277222,0.5991682773558407,-2.994918399277985,-4.557196114450377,-2.9432631361213613,1.0836714506149292,0.5832091375225703
p307_seq0056.wav,0,0.0,200801,31.356338143832797,20.64687600629093,31.37001734149561,3.812277317047119,0.9228591635458703,30.322668611002932,20.451587050878512,30.32576129272033,3.7211995124816895,0.8998751002332658
p307_seq0057.wav,0,0.0,193458,14.42305674589841,9.092886620674632,14.31971877071544,1.7151341438293457,0.8473127606426301,9.104704029233698,2.5717598924131098,9.117722854083599,1.4412875175476074,0.7973218013226548
p307_seq0058.wav,0,0.0,213440,25.062729281358923,14.539669312136162,25.055409082173846,2.8258821964263916,0.8362638328420953,21.304101850767985,9.482248413063573,21.301185727642967,2.3707497119903564,0.8244263852262392
p307_seq0059.wav,0,0.0,160960,30.57505336246461,20.558761522305034,30.57340284555377,3.4848716259002686,0.8704499102452778,27.762590396222873,16.841013623431508,27.764499098811047,3.0121803283691406,0.8768266610772346
p307_seq0060.wav,0,0.0,219040,6.591403600944776,1.3478329782384906,5.6786795215588,1.2603610754013062,0.7445862107217281,-1.013492544804489,-5.0166286408737975,-1.0938150812440735,1.0668325424194336,0.6803591196608885
p307_seq0061.wav,0,0.0,231040,40.1866466687313,24.79425671411673,40.23137022236658,4.38739538192749,0.9763654885373227,40.369705632186694,24.878824845139352,40.36979610578381,4.3774614334106445,0.9779465602462726
p307_seq0062.wav,0,0.0,190720,41.57400065519823,27.20748593952247,41.618039877735676,4.218830108642578,0.9839499377104535,42.668228653310656,27.32855275392148,42.66866871340062,3.872065782546997,0.9736128149678526
p307_seq0063.wav,0,0.0,164069,21.482601585415114,15.03216833368781,21.453573018437165,2.364607095718384,0.8385227212022386,16.888015685560166,8.193403039693727,16.878302616279687,1.7267645597457886,0.8233299769781592
p307_seq0064.wav,0,0.0,210720,14.881150804028183,9.005905689979022,14.74563796647912,1.9487762451171875,0.7895950458488051,6.71540178315772,-0.9860174333114889,6.703507879799475,1.1365392208099365,0.7046332996727634
p307_seq0065.wav,0,0.0,201120,25.205678464144377,18.669925490607334,25.194487502383254,2.832688570022583,0.9002405515183076,21.784229505767435,12.902819070435728,21.78054302080796,2.295821189880371,0.8875529661598488
p307_seq0066.wav,0,0.0,162560,28.447879731234487,22.344893004165172,28.44322730669755,2.620763063430786,0.9260597202904451,21.58342284028697,18.026881303260836,21.5828084315718,1.9694924354553223,0.9026399602536149
p307_seq0067.wav,0,0.0,175064,41.01986906545048,27.11240635911784,41.0548214778956,4.192546844482422,0.9740493095638704,41.23544935961546,27.739609304757284,41.235756744185316,3.943847179412842,0.9725622690557169
p307_seq0068.wav,0,0.0,169600,36.92691242305936,24.377918283186194,36.936302869047665,4.069231033325195,0.972104502768795,36.28649506961066,23.30169673573906,36.2865276537267,3.713564872741699,0.9643906445857203
p307_seq0069.wav,0,0.0,199083,31.217144176300586,16.649054903762668,31.25505890114102,3.858919858932495,0.9548118257738295,27.601905751994988,13.708722550014038,27.60321581667593,2.196227550506592,0.9479485467929679
p307_seq0070.wav,0,0.0,187360,41.349226188619866,25.209298924781155,41.37673991803246,4.367452621459961,0.9838982217195444,42.83142049261351,25.564558239659107,42.83155461253341,4.43711519241333,0.9884383407483933
p307_seq0071.wav,0,0.0,207040,31.89715091120467,23.301376706621987,31.897798612450647,4.248051643371582,0.979827054259766,31.66007966788885,23.752491441162224,31.65961231076935,4.188042640686035,0.9811490395954361
p307_seq0072.wav,0,0.0,181481,41.15910882274289,28.008080105416987,41.250536438378106,4.442887783050537,0.9861713234151894,42.358323534884164,29.475373980730534,42.3582162590788,4.385106086730957,0.9881497747891458
p307_seq0073.wav,0,0.0,202882,21.495614921406233,10.961719373582367,21.468507085240635,3.0120291709899902,0.8406062613434911,7.694648618408242,3.518502812651965,7.690024136863992,1.507416009902954,0.8519377511649545
p307_seq0074.wav,0,0.0,196640,33.875446120512734,25.579741646182725,33.88556124605908,3.5973916053771973,0.9593713260245302,27.187294169522573,25.772531899624425,27.186554776595685,3.188046932220459,0.9517344353647327
p307_seq0075.wav,0,0.0,199680,24.6128690101696,14.057577546389455,24.60587189550362,3.462052822113037,0.9367981337186791,14.759440644603188,10.339904472606287,14.763224977568917,1.7192730903625488,0.9145719010645177
p307_seq0076.wav,0,0.0,200944,36.323464435125494,24.241736593634126,36.33058064852217,3.6163671016693115,0.9233386785369081,26.951495829180622,23.98897652314169,26.95086867911972,3.1864967346191406,0.8972842842467386
p307_seq0077.wav,0,0.0,186080,39.2125836353527,26.814709475214535,39.2167770893971,4.188797473907471,0.9510802250239662,37.04641961097616,29.24671211251229,37.04652694128733,3.831010580062866,0.947782182020651
p307_seq0078.wav,0,0.0,211040,41.24001066452318,28.06381483086501,41.28545159473542,4.484025478363037,0.9921976372449111,42.608705270686244,29.38993021380022,42.609096382389346,4.449155807495117,0.9958713815341445
p307_seq0079.wav,0,0.0,183361,40.07197666678177,28.72369838690447,40.120764309321146,3.9622740745544434,0.9637605248445941,33.51651704885494,29.441019892963425,33.516677273067124,3.600749969482422,0.9542809274529374
p307_seq0080.wav,0,0.0,161761,26.62987386478782,18.2336139066395,26.6408841938849,3.2859346866607666,0.9045619466826063,23.976829984305255,16.12714154067488,23.982072597624743,2.7536067962646484,0.8890883473544314
p307_seq0081.wav,0,0.0,179680,42.11997790308792,28.64234176817871,42.180079667382095,4.230123043060303,0.9677781610225273,43.02881177291632,29.701962113570566,43.02870816830284,3.9963788986206055,0.9611064686413012
p307_seq0082.wav,0,0.0,197280,34.98361886339809,20.897075960042784,34.99889608432789,4.211089134216309,0.9521777503451011,34.20505969751727,20.282939606025653,34.20491458739654,4.006941795349121,0.9505466404294394
p307_seq0083.wav,0,0.0,202793,15.856030745577085,12.206917060429488,15.754439479479771,1.4514604806900024,0.7637450535510366,1.028969258956412,3.564408215669312,1.0270751226852375,1.1531543731689453,0.6823862472783517
p307_seq0084.wav,0,0.0,162561,32.75442740586928,22.650666008772934,32.75959201959417,3.8490231037139893,0.9194753550200705,30.940784660457794,20.906990134016908,30.940309135066727,3.406114339828491,0.913885394591609
p307_seq0085.wav,0,0.0,182560,31.847251830614518,22.383233726419753,31.862048828251446,4.246686935424805,0.9826559528605637,31.003476537735665,22.67729677873712,31.003090233170617,4.207091808319092,0.98481594435426
p307_seq0086.wav,0,0.0,209280,31.8708240626807,22.406623296456214,31.870903411570588,4.2423176765441895,0.9574966930807268,31.166844707112624,22.722967978247645,31.16710353177915,4.274045467376709,0.970156852403577
p307_seq0087.wav,0,0.0,162080,19.988261126557852,10.224346973596168,19.952896043297528,1.9064053297042847,0.7485814218691991,9.33135418158767,4.368384023387106,9.334041155042499,1.1553319692611694,0.676568488497657
p307_seq0088.wav,0,0.0,174080,20.042299533778678,11.383169104011438,20.007433799022422,1.7740644216537476,0.8282451952982968,10.832287142967264,5.971083126445042,10.826728321824765,1.122729778289795,0.7472573292777077
p307_seq0089.wav,0,0.0,211541,22.00234919806976,12.041281925777755,21.979385914978447,2.5149755477905273,0.8425857526527462,16.7759329950982,7.505022483966616,16.769198873988294,2.0887231826782227,0.8302309573486153
p307_seq0090.wav,0,0.0,173120,25.733458404809628,14.581075395118924,25.735613076287144,2.664973497390747,0.8327468529272378,17.488983011113223,9.957730161014894,17.490558164184108,2.1611828804016113,0.7988218218452594
p307_seq0091.wav,0,0.0,200481,41.28409045863141,29.44882702133664,41.33472436802166,4.326277256011963,0.9599900693865687,42.7928750301423,32.0369032425214,42.792733030991066,4.272904872894287,0.972663107329864
p307_seq0092.wav,0,0.0,221826,31.033607499984228,22.660173739435688,31.031429665971704,3.9945833683013916,0.962556452431042,30.99150467047028,23.202537715186253,30.99125963344298,3.9747610092163086,0.9738881548006775
p307_seq0093.wav,0,0.0,178401,22.57022085789684,11.795669758904978,22.572716823618006,2.791820764541626,0.8907981257206578,10.547449310661253,1.50149920202954,10.551373682856372,1.4774351119995117,0.8453919072974733
p307_seq0094.wav,0,0.0,201476,7.788926200137105,7.23132623519081,7.150311835294176,1.3370335102081299,0.7668124717578011,-0.19076804974970327,-1.208975372530412,-0.23343035901954878,1.122556209564209,0.6772896467624238
p307_seq0095.wav,0,0.0,161349,22.24556219118391,14.931759071137936,22.233684025767975,2.1340529918670654,0.8842613086085981,16.654186070342874,11.700296401963476,16.65557107231103,1.2602945566177368,0.8284091444661116
p307_seq0096.wav,0,0.0,161943,23.308097519593595,11.071565408826757,23.328469918032233,2.6471893787384033,0.8861421942387222,10.829505637696627,0.5905399767466526,10.825080753841616,1.5581154823303223,0.8608934616328024
p307_seq0097.wav,0,0.0,198840,31.676640272094115,21.424458228217954,31.680046048849636,4.232682228088379,0.9771349576356915,31.09620288387614,21.57751234172753,31.096665931334556,4.136032581329346,0.9795388194334185
p307_seq0098.wav,0,0.0,163005,25.253986639553755,15.599584548364879,25.248948741319893,3.2002453804016113,0.8705154785890006,20.287628266084173,11.612531886242508,20.287078503569525,2.408933401107788,0.8498856327848026
p307_seq0099.wav,0,0.0,177308,41.23298927318225,27.386307358368,41.27970198705019,4.028513431549072,0.9813284308032559,40.93874681045115,27.5233681013836,40.938418585868675,3.787611484527588,0.9808869453203304
p307_seq0100.wav,0,0.0,168790,17.113747912795155,10.819847590998295,17.13785813695161,2.43385910987854,0.7262629689887228,4.1154492887607805,1.8738294363544066,4.086997722094566,1.182161569595337,0.6350621852218311
p307_seq0101.wav,0,0.0,204555,24.31267584110529,12.488605333978017,24.30717468641572,3.1829967498779297,0.9083780003757296,8.147941121106728,4.497789825349132,8.151795819567546,1.5937411785125732,0.8971975119092539
p307_seq0102.wav,0,0.0,197600,8.484409815067686,4.214949353758621,8.016812517573559,1.2956628799438477,0.697277735635261,0.4842699919405361,-2.689251827246822,0.539947989152614,1.092179298400879,0.6533488644252868
p307_seq0103.wav,0,0.0,180329,10.414775704859416,6.660662920616449,10.155620612715953,1.3815367221832275,0.8094730009163799,0.2833842025411274,-1.1564420845487773,0.26586760164689355,1.07082200050354,0.6666624034932079
p307_seq0104.wav,0,0.0,213729,12.384532559261679,5.837968300181152,12.15935986208991,1.5284117460250854,0.7420515970117709,0.6731152750326618,-1.4656828429522093,0.6519976010885491,1.1135668754577637,0.6519085894840425
p307_seq0105.wav,0,0.0,198562,25.97546364323666,18.11927429404576,25.97351375801596,2.7927091121673584,0.9252173832944217,16.06562728114018,16.83791671498429,16.067350312609257,2.260434865951538,0.893965721535149
p307_seq0106.wav,0,0.0,220640,33.22409767765569,25.375327941037018,33.225107306149994,3.299069881439209,0.947207362655341,31.60564744721212,25.816246044127105,31.60581941243163,3.0606274604797363,0.9480701302725945
p307_seq0107.wav,0,0.0,189440,37.145662421518,27.567773177936004,37.16807216632639,3.779789686203003,0.9622049672946692,29.987611715877776,28.042988570672986,29.98749427374408,3.415985107421875,0.9452797264951335
p307_seq0108.wav,0,0.0,161120,17.006530010521566,14.08641870309357,16.9381968040399,1.8792684078216553,0.7976630747895932,9.724113823385599,5.62931782126688,9.716052429694841,1.3126308917999268,0.760146549393991
p307_seq0109.wav,0,0.0,214769,24.680837213625743,14.403140675485753,24.67076187920582,3.122187376022339,0.8708058242841785,20.360254929186233,10.568551435232262,20.35532707168454,2.452395439147949,0.8229696393198592
p307_seq0110.wav,0,0.0,195520,22.854949527138487,15.808520450443957,22.835477813757944,2.46769642829895,0.7950093654164188,12.34956461055486,13.712312743134182,12.339374967790471,2.0932908058166504,0.761730334469352
p307_seq0111.wav,0,0.0,181120,37.268182715685455,26.78163142017627,37.27761994870534,3.915936231613159,0.9466019751828116,31.640482187433065,27.52895556923671,31.64013310021632,3.4509050846099854,0.9477400441954423
p307_seq0112.wav,0,0.0,181920,21.729903916309002,18.163932473370952,21.704086616469617,2.65535044670105,0.8696104973774126,18.44278839353812,11.858419738480677,18.445885586472222,2.0976788997650146,0.8330936803530555
p307_seq0113.wav,0,0.0,198241,41.41481218106422,29.621608908050977,41.46154286345828,3.9609222412109375,0.9624859590392357,41.790080989525265,30.334052209123534,41.790053705996755,3.6996424198150635,0.9647950554683548
p307_seq0114.wav,0,0.0,175520,40.55736476884282,26.046214971161564,40.57672741313853,4.187849998474121,0.9559367170022348,41.53190807505457,25.742379090837,41.53354250813929,3.8829522132873535,0.9729354498103367
p307_seq0115.wav,0,0.0,202684,32.85787461082116,22.399652817207055,32.85627988442961,3.2851719856262207,0.8990633405471867,30.875177361676162,21.746166714551872,30.875242607046953,2.744147777557373,0.8651257014413548
p307_seq0116.wav,0,0.0,161920,31.99120058682051,23.403595654259473,31.988819498680698,3.2645177841186523,0.9067859120083753,29.542702306854377,20.969132626143917,29.542999218530113,2.844027519226074,0.9142481708308696
p307_seq0117.wav,0,0.0,183200,15.142714899421826,6.8650127062067146,15.021917706001036,1.8308887481689453,0.7936037730065667,8.211582671697116,-0.888895049023459,8.232480520059877,1.181154489517212,0.7269818402951792
p307_seq0118.wav,0,0.0,176850,17.747205053391106,14.895046402795765,17.687770710585614,1.6688611507415771,0.7840238024709242,7.483590635224995,7.645972760671625,7.488183921387193,1.289367914199829,0.7264699639446713
p307_seq0119.wav,0,0.0,225315,8.154072795317985,3.5212477154785335,7.5652085897452395,1.2976279258728027,0.656510185775608,-0.14681796685532303,-4.766467653206784,-0.14120140472954237,1.057862639427185,0.6111814730969346
p307_seq0120.wav,0,0.0,207361,18.268792881790002,10.050611753612054,18.213726220567793,2.055025815963745,0.7767421237682973,12.904983129873,2.7928919627581523,12.906254787860787,1.1796190738677979,0.735602012943503
p307_seq0121.wav,0,0.0,203133,38.30046810622071,26.25121197232052,38.322082189628425,3.706145763397217,0.9718242486784272,37.720441831307056,26.387966624232597,37.72047234028059,3.3458986282348633,0.9644780255665245
p307_seq0122.wav,0,0.0,205519,22.228661367784817,17.068786888936366,22.208879100170712,2.4711334705352783,0.8848199413118472,18.584136436892578,11.42356607355653,18.58213048870989,1.8496304750442505,0.8449560927636744
p312_seq0000.wav,0,0.0,167092,22.371726595644272,13.687652084258907,22.351177517367347,2.564729928970337,0.9659597353075996,17.507971827158894,7.980439881679359,17.514120786151707,1.8442294597625732,0.953693822672967
p312_seq0001.wav,0,0.0,182560,26.14045865621638,19.938163230763163,26.14049183175032,3.98149037361145,0.9887219217183151,20.253195556105087,17.05774183946957,20.253418585221787,3.525055170059204,0.961011782337174
p312_seq0002.wav,0,0.0,167031,30.286900084837654,24.197927625645708,30.28686777402054,3.395073175430298,0.9805914943099588,27.443898250658002,21.222045559135474,27.44449591768422,2.8088929653167725,0.966195411126399
p312_seq0003.wav,0,0.0,198576,20.00167720729096,14.111846857710912,19.96542225960839,2.346177577972412,0.9715884416982867,11.437858048577054,8.234591311843324,11.437936036297332,1.5080981254577637,0.933499106868403
p312_seq0004.wav,0,0.0,228311,40.88756866903988,27.278296744873543,40.92026724804316,4.305695056915283,0.9872707472998452,39.59211857848726,26.569777790577543,39.59237806797206,4.0848493576049805,0.9776899893000129
p312_seq0005.wav,0,0.0,164571,7.408365213895198,6.064744099957812,6.8725936217273755,1.2539070844650269,0.8325105476564346,-3.5686190362555292,-1.862195915983306,-3.5731655071281114,1.06552255153656,0.6818595719822499
p312_seq0006.wav,0,0.0,206560,38.2267823454597,28.845929537157044,38.25452549632989,4.377476692199707,0.9878452820096909,38.424724445544065,29.277188764935072,38.42488337174279,4.4260945320129395,0.9934067286317452
p312_seq0007.wav,0,0.0,275515,17.30986862939147,8.480965366656452,17.271111566050475,2.137265682220459,0.9393815567500625,0.7522110389167241,-3.5001967064811312,0.7678236039033688,1.1606082916259766,0.882627809262341
p312_seq0008.wav,0,0.0,210005,36.05211614393034,26.23413200128002,36.06782642747337,4.4127373695373535,0.9998439987533545,36.244398179868654,26.92071693731112,36.24440289583584,4.367673397064209,0.999965047057372
p312_seq0009.wav,0,0.0,285244,28.768199245230477,20.46559584825491,28.811621015213404,3.794513463973999,0.9958847195327181,20.8339220302067,12.892787071606826,20.834011159450156,2.834845542907715,0.9952660415584232
p312_seq0010.wav,0,0.0,163200,23.63720920077244,16.319815333886844,23.704517558468474,3.02927827835083,0.9882264650163325,11.374467403981791,8.144479661513305,11.377157098012011,1.6120953559875488,0.9679033769853145
p312_seq0011.wav,0,0.0,199476,27.27521431972859,14.6969417197114,27.271348832274242,3.5140480995178223,0.9371364625329546,23.032944801186694,8.87445160571782,23.035728573287365,2.584406614303589,0.9302504272347254
p312_seq0012.wav,0,0.0,184831,35.54352473955598,20.4550304965671,35.54331068439212,4.03755521774292,0.9780843441246218,31.642469634200214,15.87550414421368,31.642317351454455,3.299811601638794,0.9682550888999676
p312_seq0013.wav,0,0.0,183136,27.2238253256039,14.608259866916821,27.223309569018184,3.7468507289886475,0.992889943548246,17.86866006595837,10.187712847659421,17.871627072837132,2.5589685440063477,0.9940724106653038
p312_seq0014.wav,0,0.0,189280,26.426491485014225,11.606794390723335,26.444219176063648,3.518939256668091,0.9818889238789285,15.324900413642016,2.5232686007270777,15.322065494027822,1.7381770610809326,0.9678325645859507
p312_seq0015.wav,0,0.0,198080,42.432695920829524,25.12610184607089,42.46400930887569,4.410821914672852,0.9776910238956955,43.242699590971235,26.69103448401425,43.24278086242845,4.3945136070251465,0.9803465570901596
p312_seq0016.wav,0,0.0,191643,26.164025076651143,12.349626606791828,26.16525434607469,3.297816514968872,0.9824202973325669,10.112240652616808,4.47551476795808,10.11631351380369,1.7027816772460938,0.9750104907273666
p312_seq0017.wav,0,0.0,182811,37.3830400264665,24.171001866271496,37.387582653403236,4.406087875366211,0.9946828366000127,39.67366526251201,26.070393045158966,39.67406313600449,4.450430393218994,0.9991227553212341
p312_seq0018.wav,0,0.0,175616,27.69794794031356,17.230407754086606,27.70049144983817,4.012526512145996,0.9808624157493949,20.77243427745787,14.194929144120573,20.773203547400485,2.3591954708099365,0.9767352808513616
p312_seq0019.wav,0,0.0,169509,41.36874835883993,24.056767807511182,41.39273913007578,4.32768440246582,0.9982809265508974,42.88901799021443,24.289413587111305,42.8891149293205,4.439703941345215,0.9995682842792216
p312_seq0020.wav,0,0.0,173651,16.183299636561173,7.11795120456395,16.097068479878885,2.130255699157715,0.9113186302216115,7.809593495405368,-0.26303533422267283,7.809784415133385,1.3318774700164795,0.8517640185266849
p312_seq0021.wav,0,0.0,180537,17.980401645587637,9.259461068778839,17.957158648121126,2.4589638710021973,0.8932422733929686,3.067070889818246,0.44766493700373744,3.091830635388656,1.2841789722442627,0.8662000814938149
p312_seq0022.wav,0,0.0,181843,27.436604652792788,16.49652308985657,27.43697588642524,3.3525068759918213,0.9623227059513443,18.892590036002062,11.7848694687565,18.888285878414145,2.599485158920288,0.9353767942579718
p312_seq0023.wav,0,0.0,172568,34.91749909960605,23.12162556081844,34.91809823278309,3.464963674545288,0.9988304179679907,30.04095272430879,21.548900546017148,30.041019807060746,2.922208070755005,0.9969333648359879
p312_seq0024.wav,0,0.0,183639,18.57036273021523,10.252077051633625,18.665127472397096,2.3146238327026367,0.9006669727188875,3.2511400393888277,1.4536567575913644,3.27380293430666,1.2169389724731445,0.7932920439029947
p312_seq0025.wav,0,0.0,178255,11.084670648151418,3.604446185978331,10.769496611561774,1.5775487422943115,0.8388807502381526,0.7473907719804169,-4.706168122824,0.7241542367920893,1.085253357887268,0.7522240869658787
p312_seq0026.wav,0,0.0,200145,26.742361272257543,15.420311613920328,26.738375819843796,3.4750864505767822,0.9673525059018439,22.686061863975596,11.702684658700909,22.68453362120932,2.6683695316314697,0.9454179694231303
p312_seq0027.wav,0,0.0,171989,39.298591415842054,23.818144982109043,39.328868900398845,4.265153408050537,0.9892347818238459,39.804223077021305,25.342211646592975,39.81010537329353,4.207010269165039,0.9882714615815382
p312_seq0028.wav,0,0.0,195592,0.8706118571036161,0.5311447634019806,0.2455010856190071,1.2447419166564941,0.7194404295393634,-3.6315857460680028,-5.4331286910889975,-3.670888227417035,1.1203930377960205,0.6849241215648176
p312_seq0029.wav,0,0.0,166001,18.847251773598614,9.199131981757924,18.805955698229578,1.9772106409072876,0.7759761004942543,7.893007640072469,2.779486130184929,7.89576308044737,1.2031588554382324,0.6671105769262841
p312_seq0030.wav,0,0.0,181328,30.19670896278437,20.16112232052204,30.194373802843536,4.0664567947387695,0.9781970924525119,28.83312318250759,20.192816523473624,28.833637185995514,3.8766651153564453,0.9815924053596986
p312_seq0031.wav,0,0.0,186548,26.474577775496094,20.776805375014913,26.46984459687352,2.939549684524536,0.8750157998153281,18.90637284621964,15.02695389422884,18.907695425310948,1.9978742599487305,0.8431173676608487
p312_seq0032.wav,0,0.0,173378,39.89777854321398,23.7744230556013,39.903944676805516,4.139950752258301,0.9840095378073989,38.970560593581304,22.43290340673566,38.97054543565324,3.7191362380981445,0.9776214052298827
p312_seq0033.wav,0,0.0,178697,39.77586590836615,25.88473139558064,39.78970722134929,3.781708240509033,0.9760195334601343,39.46708550627588,25.40215305972165,39.46710884307195,3.2708840370178223,0.9738485506502401
p312_seq0034.wav,0,0.0,163408,16.70099885529986,10.544091542531447,16.674775547001484,2.150205135345459,0.8764283657689356,3.3700988031981147,1.45607098976482,3.3178479304969595,1.169376015663147,0.7839035946455322
p312_seq0035.wav,0,0.0,193675,21.0830375161618,13.268368718580707,21.17449039799019,2.9282405376434326,0.9630604296880694,8.469420880019278,4.945087794969711,8.487234969547599,1.4279577732086182,0.9172972322723542
p312_seq0036.wav,0,0.0,185477,22.964506963946697,12.12519544674465,22.950123141886625,2.869384765625,0.8667006486363156,13.678224109604537,5.800344381819464,13.67391947135407,2.0185015201568604,0.8188490699002378
p312_seq0037.wav,0,0.0,175404,25.03082531519219,13.093318698157717,25.023580421153085,3.150969982147217,0.878655526324281,18.455471382882866,8.3180884345044,18.453475502782656,2.5907912254333496,0.8524479841963652
p312_seq0038.wav,0,0.0,162159,34.8150902216011,24.131897056528747,34.814177061008685,3.6712985038757324,0.9434088881331107,31.41453732643575,22.68931428636924,31.415258364358813,2.9863052368164062,0.8968432944787728
p312_seq0039.wav,0,0.0,168573,26.019159075302948,14.30750797991286,26.01051994588534,3.7564520835876465,0.9337951241910964,17.107033339576592,11.093475313594944,17.105832121424182,2.5749542713165283,0.9424928352881011
p312_seq0040.wav,0,0.0,186288,32.39144809329546,22.972713485914507,32.38969161220907,3.4959142208099365,0.9005746216017306,28.358484638816623,18.89811695373204,28.36118330438097,3.101111650466919,0.8620468350887849
p312_seq0041.wav,0,0.0,190835,34.40900815876138,23.734426572987665,34.40900667138062,3.7337334156036377,0.9840843639486262,27.805710270943152,23.66687364228213,27.806635956523664,3.2587506771087646,0.9550177128999823
p312_seq0042.wav,0,0.0,177312,24.176286015586296,18.15648660123027,24.164093923401495,2.8166394233703613,0.9350816398462309,19.866385364406838,11.660594285608116,19.86282859243497,2.1934814453125,0.9155513919685887
p312_seq0043.wav,0,0.0,187234,43.093344672286015,26.683445967967785,43.146008379381016,4.126587867736816,0.9720522252245649,40.5311228968406,26.34552218785309,40.531155422513294,3.892977237701416,0.9700160574793211
p312_seq0044.wav,0,0.0,190068,35.44418124037406,21.340561064804014,35.4487793960762,3.893622398376465,0.9546730050579368,33.59289709645241,18.381855953462654,33.59115218493648,3.3990535736083984,0.91800298063155
p312_seq0045.wav,0,0.0,172600,17.86943639149436,12.249638188666347,17.822626036770345,2.0725042819976807,0.8608591019689481,9.411534403354008,3.135804057496845,9.411897668332953,1.4848580360412598,0.8084631357373911
p312_seq0046.wav,0,0.0,165149,35.24703483656302,22.567361817558936,35.25450059691816,3.983349323272705,0.988280115437079,34.73314035069807,21.82154347864459,34.73310779399851,3.732537269592285,0.9802074169063191
p312_seq0047.wav,0,0.0,173474,29.964976982898946,19.556243177595288,29.965028449570276,3.609079122543335,0.9074514351373187,25.111056536208874,14.049610098119745,25.111932491975523,2.9338443279266357,0.8884397480982104
p312_seq0048.wav,0,0.0,169891,23.89383430420318,13.662319370927461,23.88210565200699,3.4736649990081787,0.9150064930121226,11.366238148141584,9.40385539494751,11.360472455104457,1.676722764968872,0.8597182315793632
p312_seq0049.wav,0,0.0,161277,36.2961315628949,21.383093524447627,36.30155352764429,4.201748847961426,0.9526214583798679,38.79910123712904,24.735446274693214,38.798927222673136,4.172717571258545,0.9568793528404699
p312_seq0050.wav,0,0.0,182538,40.83556301525242,24.759593617874575,40.862255649451185,4.241806507110596,0.9849120204987426,40.83157192505052,25.417786896811783,40.83599158998658,4.179154396057129,0.9753851739599484
p312_seq0051.wav,0,0.0,180000,39.60307414658178,23.30302851187699,39.61274862303629,4.260959148406982,0.9830040082790147,39.41356172879849,24.587453918321962,39.4176589296183,4.09873104095459,0.9813698616505327
p312_seq0052.wav,0,0.0,165543,31.54422385531649,16.69714327083011,31.552573137375962,3.9961066246032715,0.9289931714828258,28.775971060919723,14.006261655596278,28.77696609883456,2.916022777557373,0.9228511431567269
p312_seq0053.wav,0,0.0,173145,11.828912656360352,5.387487714524762,11.680180820843418,1.5205539464950562,0.7940510097712015,-3.427646270245328,-3.585940093933675,-3.397974325646778,1.0918629169464111,0.7544557455062357
p312_seq0054.wav,0,0.0,162762,30.615009487959863,19.69769520036398,30.61244739256399,3.365020751953125,0.9533003466149509,27.752968813922408,18.316624503590184,27.754966892744186,2.622051239013672,0.9347590065190264
p312_seq0055.wav,0,0.0,166504,27.04391449467679,16.576621550724614,27.04244591125937,3.830301523208618,0.9627470659038401,20.761373486949317,14.585058964729475,20.761029440593273,3.129786491394043,0.9646466743330054
p312_seq0056.wav,0,0.0,172912,23.89245636763244,10.829310666166856,23.891742039847664,3.3802545070648193,0.8773627412739761,13.382098731464701,1.6612520886791213,13.380086092377097,1.554051399230957,0.8711596516732203
p312_seq0057.wav,0,0.0,164103,38.670824581371875,23.89032978068344,38.679170517850935,4.267359256744385,0.9919590280452595,39.812043249967374,25.88402247809419,39.81695861944781,4.326406955718994,0.9950097992869197
p312_seq0058.wav,0,0.0,164979,26.41763924651123,20.714240493969758,26.412910262508444,2.7161073684692383,0.8919793560006933,20.11838657429978,15.801148116542175,20.119361614373087,2.0489895343780518,0.8585723239463119
p312_seq0059.wav,0,0.0,169124,16.17176424253439,7.1373944348193605,16.104974421191088,2.006417751312256,0.8660634968343939,-2.306679846582711,2.031625664525671,-2.3424586223326553,1.1364068984985352,0.7461705093854876
p312_seq0060.wav,0,0.0,163165,28.49831451844897,15.172974899119794,28.52155671843761,3.70766544342041,0.9531254420375836,20.82839661418649,8.391828038455259,20.825790788893297,2.5734875202178955,0.9375803061560116
p312_seq0061.wav,0,0.0,184816,43.9648996170924,28.0821697407024,44.008319813441624,4.07373571395874,0.9700895460138617,42.1976273944109,28.38118156048795,42.19785360688145,3.595283269882202,0.9550627219477323
p312_seq0062.wav,0,0.0,165064,33.13231188853929,25.48996431987444,33.13150695792133,3.807875394821167,0.9208635778034734,30.89817857648795,23.07408709147745,30.896383533578327,3.351339340209961,0.8966532635259139
p312_seq0063.wav,0,0.0,188339,31.564688798441253,21.384948123121763,31.569627832320663,4.235977649688721,0.9791790517179829,30.022329734108368,20.92821538332779,30.022328403128746,4.088240623474121,0.9575407487867278
p312_seq0064.wav,0,0.0,187694,29.35749004416224,17.969699260321764,29.401950002460847,3.8140053749084473,0.9158609612606113,20.17720914755421,12.374803177303697,20.176731937560675,2.156550645828247,0.891802867026101
p312_seq0065.wav,0,0.0,206112,17.750246320175997,8.247896224050548,17.69375766001178,2.191614866256714,0.8108684823904034,11.529355252782377,2.1681527594468704,11.53334921184998,1.7051746845245361,0.79647214700332
p312_seq0066.wav,0,0.0,190833,23.182945741314214,10.895922970559901,23.174196329262834,3.2922706604003906,0.9303232114115098,10.188692376571789,5.219214312110263,10.19000354931265,1.5431392192840576,0.8841975182985513
p312_seq0067.wav,0,0.0,166513,39.36792749648086,25.050170536293344,39.37131593849595,4.374935150146484,0.9893122229153039,39.90386104191942,26.366708601904516,39.904478143684756,4.313989162445068,0.9967418414939008
p312_seq0068.wav,0,0.0,179887,31.29996452244001,20.18207010709135,31.299600833501525,3.2118330001831055,0.9615122980467471,19.886900213071677,19.046596616972117,19.88834011203498,2.680935859680176,0.9397161755551032
p312_seq0069.wav,0,0.0,173567,28.22274652477784,17.8916156163859,28.217939042893228,2.9616305828094482,0.908963681428084,17.331689901116476,16.650591390583447,17.33412551698709,2.5173258781433105,0.874893431679337
p312_seq0070.wav,0,0.0,191695,17.703796805582652,8.744096417461396,17.668239284496142,2.3373258113861084,0.8967159326184654,-1.4456734249292436,-0.5787523098720302,-1.4570726877786342,1.3277580738067627,0.8573922105902513
p312_seq0071.wav,0,0.0,174994,9.29820052063851,4.892220643535281,8.996426758841192,1.5512897968292236,0.8078182024318734,3.357599910355187,-1.4438230042370899,3.3540204525025614,1.1572123765945435,0.749277398119932
p312_seq0072.wav,0,0.0,177962,22.897493806335014,12.361254946607184,22.88140062213106,3.388411045074463,0.8700455716076261,8.095538356321732,4.442551223521388,8.11375775051375,1.5648114681243896,0.8448149670158306
p312_seq0073.wav,0,0.0,212167,14.161761892874981,6.393026041248325,14.028951026550162,1.6440180540084839,0.8751715759550822,6.112692126526485,-1.081509014678999,6.121338755405081,1.155841588973999,0.7992585129899445
p312_seq0074.wav,0,0.0,197191,28.385338789718052,17.6523560670141,28.38087245711015,3.9885711669921875,0.9607776528262181,21.672564526957736,16.558705943357307,21.67333147550595,3.747959852218628,0.9509865565843771
p312_seq0075.wav,0,0.0,170064,18.403557785520608,11.87563922703825,18.346866241847067,2.6838576793670654,0.8652630453881303,10.508689945407797,2.6736397770035136,10.50517268683538,1.5618088245391846,0.7991666835170753
p312_seq0076.wav,0,0.0,199306,24.38796563977241,18.56706433838574,24.378238802606038,2.905747652053833,0.8908440753172596,19.588886837219412,12.069464760988573,19.58776410812761,2.344221591949463,0.8702378108683131
p312_seq0077.wav,0,0.0,169315,33.46518738799314,20.069615889613193,33.4648739627869,3.867652416229248,0.9363034741021384,31.06017094190274,17.03990114053247,31.058772748877622,3.1840901374816895,0.9172118125887774
p312_seq0078.wav,0,0.0,172205,38.53437873435966,25.28229644017521,38.54257611605605,4.370878219604492,0.9826178515162292,39.045217463036025,27.06141749053931,39.04510978555883,4.4372782707214355,0.9910026294241127
p312_seq0079.wav,0,0.0,168217,34.914673017347496,22.344581213123778,34.923781661937184,4.0154194831848145,0.9773485404535347,34.16066504672227,21.534174188723142,34.16167249048313,3.6514716148376465,0.9601968813799853
p312_seq0080.wav,0,0.0,163518,32.637596284835205,18.7314756663298,32.67252272458488,3.848073959350586,0.9316425037540282,26.498407642074074,16.10557438532591,26.50280719378451,2.912968397140503,0.9196873728859913
p312_seq0081.wav,0,0.0,177677,39.82714642738041,24.00168612654894,39.84100779266462,4.250539779663086,0.987320994368214,40.06036210343276,25.950250570679156,40.06487380199382,4.212628364562988,0.9900364071259649
p312_seq0082.wav,0,0.0,196863,31.450645052041573,21.818855006898872,31.449561613512227,3.8310446739196777,0.9560905348449757,29.743625774800662,20.20740449567424,29.743516234303872,3.3019120693206787,0.9438787836856564
p312_seq0083.wav,0,0.0,167327,19.313327455358085,10.432268211419693,19.27609088638312,2.6732566356658936,0.9075641887732472,13.384312473617598,3.9974377172747744,13.391732161772655,1.9565215110778809,0.8449756995168477
p312_seq0084.wav,0,0.0,178684,41.38706460585034,26.823404075627337,41.40989697944168,4.130873680114746,0.9679332751997026,40.948444333444286,27.279742748153975,40.948476132549764,3.8054890632629395,0.9562018076815063
p312_seq0085.wav,0,0.0,191634,25.808565398279356,14.60098471618219,25.80345611665149,2.680328130722046,0.9280071629166717,18.61036217669664,11.074077308275257,18.61155314143335,1.8904777765274048,0.8716181454337248
p312_seq0086.wav,0,0.0,179581,15.703014623168132,8.848710634799808,15.733543445768172,2.188105344772339,0.8584467201295722,0.6791315836534748,-0.21262626189917652,0.6374785497302894,1.1404763460159302,0.7652757127624067
p312_seq0087.wav,0,0.0,173167,15.165716349045029,8.75710781023852,15.168891716375843,1.6906659603118896,0.8987965753137273,-0.7526168925656453,-0.7454867995428495,-0.7652582410290751,1.1502504348754883,0.787884349031683
p312_seq0088.wav,0,0.0,164111,27.584905715226462,21.032125281359175,27.57888867427562,3.4401707649230957,0.9568062218332172,19.878714929703182,20.161858662189164,19.878862376620965,2.7784616947174072,0.9422648854166064
p312_seq0089.wav,0,0.0,176689,28.319384038588204,16.318617837878218,28.330711666298537,3.7953102588653564,0.9195976969018868,22.759834922283684,11.411072866339905,22.757035088675146,3.121229410171509,0.9268181384582995
p312_seq0090.wav,0,0.0,167132,19.27420918385629,9.003503518736018,19.241690835737625,2.9642810821533203,0.8087484613144643,-0.8211048436474553,-2.265824560273506,-0.8146837908204747,1.4304780960083008,0.806854024249509
p312_seq0091.wav,0,0.0,201394,39.68962539834621,24.321082459297653,39.695257400461685,4.439455986022949,0.9923222430409947,40.13755996254289,25.794051692218538,40.13854443125855,4.390779495239258,0.999102171096237
p312_seq0092.wav,0,0.0,180444,33.16664430130462,21.364969492371568,33.16646274506687,3.805727005004883,0.8949969045226582,30.0961948466329,17.622788641084757,30.094152838030396,3.2057693004608154,0.8514845613845954
p312_seq0093.wav,0,0.0,193779,23.507922111494697,17.728649828788143,23.500999701392825,2.772702217102051,0.941177789641999,18.17667117976078,11.791902046930208,18.178995570863314,1.9909988641738892,0.907461865783429
p312_seq0094.wav,0,0.0,161256,18.75080331572045,10.237963541862957,18.733687199323214,2.348712205886841,0.8547731572298902,3.0318444490831196,2.0096189754852527,3.0431518265555657,1.33896803855896,0.8117436287106801
p312_seq0095.wav,0,0.0,168393,31.405572525636792,22.042995425867993,31.404835153938166,3.542795419692993,0.9594514479063128,28.96861922316102,21.022107002417325,28.969211536257667,3.0501787662506104,0.9298211046041146
p312_seq0096.wav,0,0.0,160932,41.35283886770541,28.86517717607161,41.378395047429485,4.271384239196777,0.983495313802934,40.105094400037025,30.386576689845917,40.10513289124133,4.02255916595459,0.9794513596426285
p312_seq0097.wav,0,0.0,161968,41.21107331623597,26.794705236561803,41.23219816206969,4.391579627990723,0.9894046480544437,42.45103163614792,28.553510491262415,42.45094465455138,4.4006218910217285,0.993731062102474
p312_seq0098.wav,0,0.0,168067,21.95076706770207,11.290517760535716,21.928983451457,2.388657569885254,0.8477913978542414,16.536713816819656,4.571591317209252,16.536365988973,1.3396137952804565,0.8255494569951085
p312_seq0099.wav,0,0.0,178657,19.04209419204611,11.59709300879169,18.997944510657735,2.6879019737243652,0.8983340886683214,0.8685779960464224,0.7484219996975495,0.8643147314864986,1.3424549102783203,0.8651406936410034
p312_seq0100.wav,0,0.0,167068,13.370753484264078,6.02106767396915,13.243244372435996,1.567009687423706,0.8106051247686691,-1.6027091260823738,-1.4254854795757146,-1.5509242035770403,1.0724347829818726,0.5978924583250823
p312_seq0101.wav,0,0.0,192565,19.525216263558644,11.700915320547237,19.497996543592166,2.2249629497528076,0.8599673476826869,4.829845710687714,7.708159597990588,4.804120461132221,1.4797626733779907,0.8158718055258664
p312_seq0102.wav,0,0.0,174359,31.68212738516025,20.407759709647323,31.680220992636162,3.757197380065918,0.92502554096523,30.30288940772874,17.405330353552834,30.304811054706576,3.2482993602752686,0.8977652158441966
p312_seq0103.wav,0,0.0,181409,15.316344922712293,10.492307003711197,15.205949609923739,1.7842174768447876,0.8768312597935864,5.661098535364031,1.4031181190805397,5.664774827954249,1.285220980644226,0.7767720367619325
p312_seq0104.wav,0,0.0,194438,17.272312117097652,10.335176586340673,17.194412912788756,2.2616264820098877,0.8686836780571263,8.89509782985158,3.6347282832781618,8.876544886721465,1.391261100769043,0.8245468056365408
p312_seq0105.wav,0,0.0,208692,39.74118421308723,26.009018371074994,39.77468954235971,4.0893874168396,0.9868123021986975,39.15326860341186,25.332576563813642,39.153056948849326,3.8756160736083984,0.9868270321626399
p326_seq0000.wav,0,0.0,206111,22.440562755212493,16.144669235685793,22.42061863489415,3.0255472660064697,0.8678081664810281,19.747564221520385,11.638915765080604,19.741018160358784,2.056053400039673,0.860414005082134
p326_seq0001.wav,0,0.0,179563,11.027542637908747,7.644284919075724,10.674832899600766,1.6308352947235107,0.8385869865074852,0.3414808620614976,0.7355276348989743,0.3439236193647055,1.1582335233688354,0.7342777755974473
p326_seq0002.wav,0,0.0,164800,31.617886442065924,26.625210333190942,31.62157877171208,3.7058393955230713,0.9224675269550349,30.751944232731052,25.347730937951756,30.75106195100164,3.0409703254699707,0.9061185870996801
p326_seq0003.wav,0,0.0,182163,35.620379835910114,28.249440190147116,35.62475531010928,3.834225654602051,0.9817785960350394,35.68200029284492,28.94388581841429,35.68174921901512,3.4887795448303223,0.9703841329908949
p326_seq0004.wav,0,0.0,217120,37.91676572679718,28.767806716633178,37.94569262924917,4.058681011199951,0.9779509273085243,29.77140285021133,29.100756626247176,29.771141239324976,3.5027666091918945,0.9761174035584181
p326_seq0005.wav,0,0.0,235104,30.78033330145309,25.52301738619138,30.781707711849773,3.921541452407837,0.9603273843059955,30.017800948718328,23.796431383527445,30.019608175774778,3.1401379108428955,0.9251382017301332
p326_seq0006.wav,0,0.0,247328,28.243020211209004,24.060537608204125,28.24145906611134,2.8145880699157715,0.9435689136026275,19.09481440626767,23.35514106970828,19.09458964992001,2.340054512023926,0.9345582111729208
p326_seq0007.wav,0,0.0,181802,16.255602754589923,11.529547916884146,16.17187434087899,2.5000689029693604,0.9043985852664299,0.18880031697599495,1.7507106647244475,0.18846389840414857,1.2377426624298096,0.8769346993019891
p326_seq0008.wav,0,0.0,259938,35.396012442885315,28.661033941910087,35.40683667524804,4.083995819091797,0.9790857111224843,35.887063689437895,28.728343713112828,35.887067380871464,3.79008150100708,0.9699319136807674
p326_seq0009.wav,0,0.0,166880,28.306180713710994,26.846631015740808,28.306124876539982,4.219330787658691,0.9814123821334617,29.901883010470677,28.579390320673713,29.902982612066328,4.256872653961182,0.9860262690609032
p326_seq0010.wav,0,0.0,161493,37.657481030993246,30.502607918205285,37.68307830590822,3.9073293209075928,0.988897899763892,37.96674362296305,31.191724389117883,37.96699639010697,3.4582056999206543,0.9886190607409727
p326_seq0011.wav,0,0.0,207337,22.684261209651186,15.434662499700803,22.667439167159365,3.0136778354644775,0.7647459225525528,19.39261990786715,10.164412208453463,19.388906481766032,2.031233072280884,0.7488081779537696
p326_seq0012.wav,0,0.0,210364,32.890990739937315,27.592332063560075,32.89075715507001,3.142136573791504,0.8964710771183113,28.997184595816186,26.040380145502205,28.99677152055338,2.4009807109832764,0.9008208492070604
p326_seq0013.wav,0,0.0,174993,42.49365539430022,29.33549005093866,42.527292219989484,4.165685653686523,0.9515305642212336,43.54417197031281,29.69538915059264,43.54402772856619,3.8525888919830322,0.9511157867205566
p326_seq0014.wav,0,0.0,163887,20.583693932265483,17.064777172577145,20.551214635495683,2.514967203140259,0.7772453240403965,12.569207644556851,7.83033354607741,12.57571466294969,1.5917335748672485,0.6979950095419722
p326_seq0015.wav,0,0.0,179388,13.192814039352982,6.108779752648003,13.050387038350095,2.0576999187469482,0.6836827393873861,0.2789578404333377,-4.510845259012051,0.2925741468945362,1.1267584562301636,0.6525395438616924
p326_seq0016.wav,0,0.0,172916,13.739759941249348,7.386277026726066,13.58250972448306,1.5661202669143677,0.6729637084605733,0.9445571375600564,-0.12881604666271626,0.9872463948749759,1.181761384010315,0.5329035700351036
p326_seq0017.wav,0,0.0,170226,16.221678199858456,9.330367541579374,16.12043051194195,2.3635499477386475,0.8589534242888325,3.1641291841116748,2.6875186882302855,3.1202020444208207,1.22114896774292,0.8285998551583613
p326_seq0018.wav,0,0.0,161571,6.637792588055995,1.9866735053911069,5.880431387434097,1.3374884128570557,0.6289133951325994,-3.2389692810962147,-5.713055100778671,-3.0814339077562285,1.2392165660858154,0.5271604453034731
p326_seq0019.wav,0,0.0,198935,12.10894905746242,6.727620375143526,11.84172874534367,1.612975001335144,0.7121914480123734,-0.5173497426033936,-1.6240538456399702,-0.48963418273881615,1.2237643003463745,0.63825724499904
p326_seq0020.wav,0,0.0,193716,37.98169515630613,30.06542626948955,37.98940371292897,4.079311847686768,0.9511626601680697,38.66083528135933,31.457743357681167,38.66068597024927,3.923490047454834,0.9612670010574732
p326_seq0021.wav,0,0.0,189929,23.954337949122227,20.29499363121883,23.939524315524547,2.954204797744751,0.8839580638174028,13.91060729870474,19.303189877817857,13.908146994639202,2.0774905681610107,0.8217434183615387
p326_seq0022.wav,0,0.0,202399,39.855765143859685,29.995097854847867,39.89107728588322,4.103604793548584,0.9662967710762143,42.069974173620174,30.67411191115627,42.06991806074314,3.7539498805999756,0.9559349594141671
p326_seq0023.wav,0,0.0,184846,36.567044379829426,27.035848348572824,36.572985216803716,3.8431012630462646,0.9111797210376477,32.07570904222538,25.806585567073675,32.0777162346567,3.3187711238861084,0.874434362833529
p326_seq0024.wav,0,0.0,182100,28.252150516912387,24.294421444895175,28.24633818171181,3.0660481452941895,0.8474374113819211,20.687415673993435,23.732390155082097,20.687641031126738,2.377462387084961,0.8521809763900049
p326_seq0025.wav,0,0.0,167159,21.671188089036477,15.377727106451784,21.647169719624493,3.806377649307251,0.8581664305133279,18.888747226951942,15.536727345593414,18.88751895691329,3.6903128623962402,0.8937652506723452
p326_seq0026.wav,0,0.0,182729,13.626958007979201,7.89504270687926,13.49295114576397,1.803236961364746,0.7566052203062029,-2.0133156858896313,4.03695813829934,-1.9971526840640692,1.375883936882019,0.6736181878239078
p326_seq0027.wav,0,0.0,160223,21.823043109347108,16.176046495370258,21.79818490486342,3.2632999420166016,0.9000269192525661,19.59301201695323,14.490234026227043,19.594176305968524,2.573333501815796,0.8885791283105371
p326_seq0028.wav,0,0.0,194322,12.223810666155597,10.052126569454739,12.024298366755172,1.9517266750335693,0.7994837040096299,1.5727360914321709,2.131793738948358,1.4462926437210475,1.3124295473098755,0.7276370485855248
p326_seq0029.wav,0,0.0,162529,18.298143547083548,10.797256928992775,18.238190205441477,2.4205877780914307,0.8052472082018894,13.054756295021168,4.544885725977319,13.05749452432659,1.622366189956665,0.7812954519863267
p326_seq0030.wav,0,0.0,192724,22.47129644488276,17.9482759919605,22.48741628829083,3.340280294418335,0.8654123212475475,18.523255058691742,15.476273547733433,18.54685862582748,3.043363332748413,0.8535567726205047
p326_seq0031.wav,0,0.0,199360,36.235760444188536,26.978434423168327,36.24214324875277,3.7349774837493896,0.9087901931318475,35.46180465653688,26.74762980155315,35.46096210662557,3.2806503772735596,0.903560678061641
p326_seq0032.wav,0,0.0,172988,14.18631164854114,8.199709917635483,14.030640077573045,2.312023401260376,0.8349426101285817,-0.22635690291873173,0.23362699572633694,-0.20006590079338737,1.208731770515442,0.7539345948096418
p326_seq0033.wav,0,0.0,181481,38.002433893080195,28.063672396307336,38.01611518239584,4.093430995941162,0.9441761308023864,41.163887736038106,28.338230965034075,41.16398565937615,3.962200880050659,0.9498348182235357
p326_seq0034.wav,0,0.0,199688,23.465028894280362,15.59856590909295,23.45125957149495,3.5702662467956543,0.8769407258357995,21.74572613800558,13.736123277427154,21.741542645503863,3.150829315185547,0.8811793566725795
p326_seq0035.wav,0,0.0,185000,32.4220334646923,24.973860430604116,32.428259757374185,3.9429714679718018,0.9027748426424838,33.525663820443064,23.098891534496058,33.52787518269857,3.2586116790771484,0.8766959209164995
p326_seq0036.wav,0,0.0,189286,13.01518492961489,6.2324239191533835,12.798516164800539,1.701040267944336,0.7130564746585574,-0.1571616900387896,-1.4697620236081657,-0.17272922053881806,1.2837265729904175,0.6103428890223223
p326_seq0037.wav,0,0.0,188758,20.63193466683913,19.55505709615394,20.59482962154629,2.1627628803253174,0.8019395515194033,9.934011072249238,12.761706556965931,9.92840412194829,1.3163437843322754,0.7547673734844463
p326_seq0038.wav,0,0.0,179755,37.7835238702993,28.50337586998178,37.7953258944827,4.012807846069336,0.9354801882241127,37.65612856755475,27.611797491200672,37.65547480426233,3.684227705001831,0.9308843624184726
p326_seq0039.wav,0,0.0,219037,16.740405594472513,14.918031116313346,16.64954242277325,1.641845941543579,0.7557774837588395,0.7094905794255363,7.051546480105697,0.7213053892304297,1.1374861001968384,0.6523783686616423
p326_seq0040.wav,0,0.0,189073,7.57358415926721,4.90883261347167,6.868273897211344,1.367260456085205,0.5909313230366336,-0.5211320645787163,-3.6172511862249683,-0.5757764491409869,1.3310691118240356,0.5311640659161534
p326_seq0041.wav,0,0.0,168387,40.17508382088919,30.452994383210918,40.19973290933183,4.192636966705322,0.9564985828920362,43.96228472307101,31.083743516701038,43.96229593785201,3.7278316020965576,0.9509946980352229
p326_seq0042.wav,0,0.0,171235,14.768303619570908,8.711387017367036,14.637358170219226,2.1814210414886475,0.7118768699320628,7.84380138796461,0.1966987339425924,7.838847227904251,1.2992435693740845,0.6528935800290361
p326_seq0043.wav,0,0.0,170005,30.632998901962978,22.117822037196277,30.644937925334794,3.9393045902252197,0.9369865927966832,30.066564449039447,22.435103878824872,30.069156783183132,3.713425874710083,0.9203754016528193
p326_seq0044.wav,0,0.0,166071,17.440715122829292,10.24359649248138,17.39822219162491,2.6497926712036133,0.7971403632432532,11.41695193598595,3.9801538409221227,11.43338784470606,1.9534611701965332,0.8044704310530533
p326_seq0045.wav,0,0.0,194958,40.33661219545532,30.262326785225113,40.35296486195317,4.077049732208252,0.957377298533402,40.48499554050875,31.455193227394027,40.485250207961876,3.9632761478424072,0.9678450707653682
p326_seq0046.wav,0,0.0,194316,1.9363067890793773,1.4796203869645959,1.1343375868218262,1.2193777561187744,0.5514296382131575,-2.2815063811883265,-4.1893086038969525,-2.253650430968619,1.2575290203094482,0.531463211674011
p326_seq0047.wav,0,0.0,203166,24.86057910251036,23.369529731206693,24.846565131111632,2.5179953575134277,0.8042314529550739,18.904121661129587,19.43944095812287,18.90581965801215,1.673293113708496,0.7708008800387142
p326_seq0048.wav,0,0.0,219341,15.59049321055686,13.035455392553473,15.479475591612823,2.295222759246826,0.781926202064986,9.230143976797605,4.857737762896878,9.184940022105133,1.4010251760482788,0.7084165692250348
p326_seq0049.wav,0,0.0,177795,6.336799148012443,1.9987327598483606,5.28086368319133,1.208151936531067,0.6205437397915575,-3.302377968679181,-5.610337223056341,-3.169648661232314,1.1036187410354614,0.5299265860626785
p326_seq0050.wav,0,0.0,181829,25.593617570496598,19.986467988917155,25.586812449647553,2.721580982208252,0.828614287263447,14.222909538001243,19.152818213186457,14.22516756085945,2.0486767292022705,0.8031025315006461
p326_seq0051.wav,0,0.0,182101,41.41008928557117,28.471805946914532,41.424034531336005,4.130168437957764,0.9195550213840216,41.469976205627155,27.761231108407515,41.47036924504405,3.8932976722717285,0.9258553988084652
p326_seq0052.wav,0,0.0,168768,19.940326821372626,12.752119339308626,19.896355882969345,2.856214761734009,0.7296998760039527,15.807759139041888,9.369944433554046,15.807425746352601,2.012747049331665,0.693066849002053
p326_seq0053.wav,0,0.0,173793,19.844199357631286,19.73740946849556,19.7992268348017,2.07745623588562,0.7753299510049998,11.761188631784025,14.110340568883297,11.759267831017485,1.3978569507598877,0.7314882319274266
p326_seq0054.wav,0,0.0,165141,40.83737919388565,29.127942518884787,40.87867899865718,4.3067121505737305,0.9779115634949463,41.50262049888843,29.40109675489,41.503048466375425,4.178398609161377,0.9792650586055673
p326_seq0055.wav,0,0.0,187059,23.688509256193406,17.618669224204478,23.673964792960444,2.697260618209839,0.8096244965553341,21.345607889518053,13.810865206857397,21.342638116667484,1.906579852104187,0.8010666571097246
p326_seq0056.wav,0,0.0,194526,12.765705179748243,6.934033495855051,12.564980745196834,1.9033825397491455,0.7852695227048089,1.5282390861319803,-2.8025053705085794,1.506839948851487,1.099461317062378,0.7470132227807135
p326_seq0057.wav,0,0.0,165819,30.8159957643849,23.70825731631221,30.817483286556456,3.7233688831329346,0.9154084391945834,29.965471752986957,21.195421268296965,29.966560193281445,2.95857834815979,0.8822521844683323
p326_seq0058.wav,0,0.0,175181,13.174895934660446,7.155367438849723,12.969729587315655,1.8573997020721436,0.6250997662192426,5.5564796394250155,-1.3331231651084925,5.497283688980978,1.245713472366333,0.5942422058733875
p326_seq0059.wav,0,0.0,177889,31.057497869547785,26.489202933202908,31.057636925597592,4.237927436828613,0.9899774814963741,31.31051569801842,26.800427343507113,31.311384901681638,4.232956886291504,0.992122434807458
p326_seq0060.wav,0,0.0,184262,10.04346061103842,8.226804731191843,9.863930747433457,1.760668396949768,0.7083592482690821,-2.8784780051802046,0.29797292382346696,-2.7617796485879436,1.093225121498108,0.6149180167458146
p326_seq0061.wav,0,0.0,172289,21.659679815985132,16.42615423981352,21.631562833153318,3.915111541748047,0.9297077517392317,20.801734721391384,17.949315546357884,20.801859504739348,3.8670949935913086,0.9472254341898705
p326_seq0062.wav,0,0.0,160960,30.56732074303991,19.423230963278872,30.56706848999111,3.6909220218658447,0.812079987231748,30.34816059727423,20.062229223974825,30.355418019991696,3.6557986736297607,0.8273096833292285
p326_seq0063.wav,0,0.0,179816,14.910682633425216,12.649299895663901,14.887188597689285,2.3858823776245117,0.8274474135541137,8.552878819930784,7.529430467430176,8.562790668000789,1.6619682312011719,0.7865463359273027
p326_seq0064.wav,0,0.0,185054,37.579390711929776,28.318675259776548,37.58291490272537,4.033915042877197,0.9608149377589408,37.460454489970125,28.077059513039828,37.46225927493201,3.769369602203369,0.9576191296890109
p326_seq0065.wav,0,0.0,175543,17.904201274957735,12.41042805267828,17.83404805765667,2.1610798835754395,0.7308155297083234,8.583928099758364,6.75844517853235,8.585164869691218,1.4457591772079468,0.7036156253073468
p326_seq0066.wav,0,0.0,179564,38.16521914044928,29.559736863015438,38.17350624274339,4.054802417755127,0.9495786141108423,41.136352010850246,29.956619698702873,41.136644633064094,4.082711219787598,0.9590797029537333
p326_seq0067.wav,0,0.0,197225,23.35955364944812,22.35989507320879,23.342611697640873,2.5151798725128174,0.8735236758273464,14.708790077184211,17.45624807651413,14.704723821413399,1.4768644571304321,0.8150861632478995
p326_seq0068.wav,0,0.0,193635,25.310346221769823,21.653633747542226,25.308408339346492,3.7139689922332764,0.9318112701845167,24.45406768384389,21.216503780388315,24.45260946155178,3.381601333618164,0.9052405354189815
p326_seq0069.wav,0,0.0,187681,23.416972107930718,16.969212560722525,23.398840731888203,3.026939630508423,0.8489928494977735,20.744043708377205,13.228522837754719,20.750560315305115,2.153815984725952,0.8341414044817622
p326_seq0070.wav,0,0.0,166177,30.274419046423194,25.285115547734964,30.27078996986773,3.687797784805298,0.9321995037702717,30.828910570584537,25.970038703988976,30.82749530336256,3.928166389465332,0.9520962603665388
p326_seq0071.wav,0,0.0,199040,17.9212242258609,11.4627980810936,17.851118169631178,1.9273656606674194,0.6259387286758172,9.688043482582511,7.128811755226342,9.695993574469153,1.3040258884429932,0.5660880536746266
p326_seq0072.wav,0,0.0,194159,27.425789118152302,18.37659068285591,27.419564195991086,3.797231912612915,0.932440797286297,26.411276310949056,17.607502426031704,26.41228347178597,3.4510223865509033,0.9434680004248708
p326_seq0073.wav,0,0.0,167421,16.543141290925078,11.612945180647891,16.449920170651644,2.1895241737365723,0.7550600987297544,8.407246724121087,6.448060324727026,8.408127805707656,1.3834612369537354,0.6969401736588926
p326_seq0074.wav,0,0.0,181376,25.268704474061046,20.094320001980744,25.258529328392655,2.7710866928100586,0.8693484807955617,21.777465322393986,18.904457274084553,21.776478583858427,1.8087310791015625,0.8383175183083105
p326_seq0075.wav,0,0.0,197325,39.443025448809806,29.967680481631785,39.470958130404156,4.304455280303955,0.9803063650990058,40.10348327838627,30.789109910797094,40.1040439812509,4.365269184112549,0.9886276372256669
p326_seq0076.wav,0,0.0,178304,14.957827729186215,15.727440291050547,14.825018794270843,1.8577873706817627,0.74528201508773,7.540674578187661,6.24303412655977,7.540564838304361,1.2498958110809326,0.6868451637128096
p326_seq0077.wav,0,0.0,166794,20.016371359999873,11.791656263081013,19.976567201877216,2.7676784992218018,0.8187660443331214,17.01549797901296,8.295858419395916,17.02517811726375,2.5107603073120117,0.8280826912582584
p326_seq0078.wav,0,0.0,168984,39.51470261003858,27.627904817525014,39.51941792232609,4.378832817077637,0.9565810095209366,39.979109593434444,27.836804257025893,39.97887488484979,4.424432754516602,0.9780897108067261
p326_seq0079.wav,0,0.0,200448,26.41010280186151,21.792105539141644,26.403443593129673,3.022960901260376,0.8563789011596565,23.10973964302623,20.847147627856998,23.110431594949983,1.8411149978637695,0.8246171516404182
p326_seq0080.wav,0,0.0,193036,23.802343139927554,21.048061498064126,23.792563931088864,3.9326486587524414,0.9370913093412306,23.588255430636362,21.198221604082654,23.58421085478475,3.8682971000671387,0.9366338285392843
p326_seq0081.wav,0,0.0,186338,32.56741377178395,25.90066936348425,32.56687898720645,3.785405158996582,0.9099994841200769,32.06552238915238,24.839601340852855,32.064575102997686,3.295745849609375,0.9016114958209377
p326_seq0082.wav,0,0.0,183096,36.444397385578114,29.7653312287505,36.45161494803585,3.3800113201141357,0.9216596217617187,34.99485976681718,28.989317133154188,34.99495653934328,2.8596577644348145,0.9173944499639046
p326_seq0083.wav,0,0.0,190794,37.97645111739264,28.14061626080543,37.98142174610204,4.375862121582031,0.9838504049444244,38.952012389925066,29.16011074163885,38.95269106185196,4.430490970611572,0.9924018177995357
p326_seq0084.wav,0,0.0,196169,11.373183915529726,5.310207372365872,11.052526790832118,1.5451765060424805,0.6411473676328171,-0.9735346463554448,-2.3667947389460986,-0.924195488921806,1.2853316068649292,0.5304990659931416
p326_seq0085.wav,0,0.0,183501,16.896543468529348,13.899971420539185,16.807278285389387,2.3704419136047363,0.7272487191024298,9.728437716217288,4.7501463917242255,9.73084248733574,1.3728094100952148,0.631788047509652
p326_seq0086.wav,0,0.0,178155,15.53650207388312,9.39491482415488,15.41462413373868,2.411558151245117,0.8585939385197927,3.6043520713108235,4.314592344008501,3.585256859607129,1.2013980150222778,0.8431239084516817
p326_seq0087.wav,0,0.0,181639,37.852188890581374,28.213305174680944,37.85570378738006,3.6077067852020264,0.9161237943442031,37.23967564820723,28.03922196222667,37.240383453198184,3.2907309532165527,0.9281277542562331
p326_seq0088.wav,0,0.0,163276,31.562508698392442,24.458715721420447,31.559965365023544,3.3685967922210693,0.8920473123916939,28.61277914718537,23.673543171994368,28.614531963142884,2.5039026737213135,0.8546045393968037
p326_seq0089.wav,0,0.0,196005,26.910534259874687,24.633666743235434,26.902446351790616,2.612583637237549,0.8202033130886172,20.093806329226446,20.012336651870186,20.093364384407273,1.6904897689819336,0.7938044946033872
p326_seq0090.wav,0,0.0,172127,17.13062778647012,12.517151565469243,17.057142991456907,2.1916310787200928,0.7267308966197469,10.078726909570879,6.822722062948596,10.064076418568199,1.5850698947906494,0.6628026715389171
p326_seq0091.wav,0,0.0,165593,22.178083981300183,16.06599889831473,22.151775020413872,2.245272397994995,0.7718855899254566,16.85126670973141,14.102249872412806,16.853943543033346,1.4960463047027588,0.7322923487221442
p326_seq0092.wav,0,0.0,201920,38.88824300984636,29.138361264812374,38.89914024531639,3.7924749851226807,0.9273733389125297,38.66590919760722,28.983929408265638,38.66599409371355,3.5390870571136475,0.9312381040251234
p326_seq0093.wav,0,0.0,183239,22.166247315005926,16.938213805879315,22.150985561240404,2.90783953666687,0.8085020419928154,19.448909969272258,12.372999006469561,19.44432530064897,1.947307825088501,0.7730998507296174
p326_seq0094.wav,0,0.0,174400,33.76284534558771,27.90563688187707,33.766811953873976,3.744736909866333,0.92004787667988,39.77081102043164,28.110140642515937,39.77059931389061,3.595320224761963,0.9399425380785021
p326_seq0095.wav,0,0.0,200253,25.657430358076265,22.185723082542587,25.65477880631148,3.436744451522827,0.8721635270770469,24.5855006858541,20.211351181317596,24.585522049672036,2.5580101013183594,0.8278652713186193
p326_seq0096.wav,0,0.0,194694,24.344563958497552,16.1762550452458,24.34432664296256,3.0277931690216064,0.7785302192645566,21.72637811472089,11.782339997036404,21.722544786189406,2.0231730937957764,0.7791737020769014
p326_seq0097.wav,0,0.0,186259,39.702951716440346,29.763800512522877,39.729621948401025,4.293534278869629,0.9660878241816928,40.63559513060415,30.513009069108367,40.63585401191723,4.293524265289307,0.9786455253425071
p326_seq0098.wav,0,0.0,161024,8.793021308690165,4.745279853042764,8.183626069041583,1.3457120656967163,0.6824485426187828,0.332176492799574,-3.1877246006837505,0.3344948538379149,1.1511002779006958,0.6133851714046181
p326_seq0099.wav,0,0.0,160026,20.383022445076072,14.05924381424354,20.348968220753058,2.4251761436462402,0.717555816846128,11.590894162029496,9.132571889493384,11.590571328199104,1.6923121213912964,0.6440392569686932
p326_seq0100.wav,0,0.0,196791,6.3369760013174705,7.152539285816654,5.387604804883598,1.2243214845657349,0.6463394350861639,-3.8396156113763578,-2.697313504816815,-3.78881707381808,1.1143183708190918,0.5378043376041794
p326_seq0101.wav,0,0.0,171031,17.413515786568684,10.095311707433481,17.335272009031186,2.816084623336792,0.8267959845063027,6.740094808856516,6.605912770124159,6.740057589130548,2.496443033218384,0.8576018574074831
p326_seq0102.wav,0,0.0,188326,17.58263849882051,12.80220657027481,17.506969869854224,1.9768952131271362,0.7516606811160036,1.6256046946519556,9.679801266538076,1.6136755171886086,1.3616864681243896,0.6758928796816515
p326_seq0103.wav,0,0.0,187128,22.599826403623176,14.445179436707411,22.583447624038232,2.7706992626190186,0.7815592857683414,18.457156170366694,9.08219695478754,18.445950876510516,1.787501335144043,0.730735624558871
p326_seq0104.wav,0,0.0,256710,14.66897953719544,13.727168174718157,14.520739592747837,1.589798092842102,0.7888859312339607,-0.06722665148519166,5.174057752706208,-0.032662266491962334,1.1366585493087769,0.6749953870269496
p334_seq0000.wav,0,0.0,182630,35.16553614489502,26.775967113470045,35.17200396458633,3.972304105758667,0.9583547303333249,33.590482483021155,26.039010551357357,33.59022402429006,3.576683521270752,0.947055338726512
p334_seq0001.wav,0,0.0,165961,41.64444988504086,32.52493147108113,41.70412284210862,4.164187431335449,0.9919461079275818,42.75947408836807,33.8184540361079,42.759321675395356,4.173712253570557,0.9964003339796107
p334_seq0002.wav,0,0.0,255528,29.791245274983243,26.292661918851397,29.78931798584098,4.165414333343506,0.9795627218095642,29.792840866809293,27.073586481126025,29.79224281942679,4.179413795471191,0.9862312541973296
p334_seq0003.wav,0,0.0,211710,36.14679469082044,29.08038903660181,36.15013969475855,3.675370931625366,0.952477943231322,32.03223631509056,28.432930984718478,32.03278414645567,3.0089142322540283,0.9376906146541198
p334_seq0004.wav,0,0.0,205814,28.926441959083178,25.407539791600392,28.92216159686999,3.373006582260132,0.9318551740656682,26.555586379242968,23.624140870928386,26.55812148601999,2.7411558628082275,0.91056157435924
p334_seq0005.wav,0,0.0,162687,24.764409521525902,21.24328842153024,24.78573385496692,3.755479335784912,0.9639097131141805,20.551424809548855,19.09836958862127,20.55161165516585,2.972668409347534,0.970026327830898
p334_seq0006.wav,0,0.0,218391,23.770980453380382,22.29618749682794,23.75295994043728,2.5958874225616455,0.9487881798224472,17.637477357449335,20.651058200520957,17.635653940682772,1.7452352046966553,0.9194097947488216
p334_seq0007.wav,0,0.0,183741,22.12222845439801,17.306041675825448,22.106845839111593,3.2116470336914062,0.9280840898254339,18.43603449323606,14.750518695208541,18.441039971658626,2.5132436752319336,0.9216360690365909
p334_seq0008.wav,0,0.0,255875,22.062271464889527,20.680260688368485,22.03588556071262,2.8315768241882324,0.9563893286171948,18.03719984449912,17.176404110067313,18.026645863782022,1.8446929454803467,0.9392799579182752
p334_seq0009.wav,0,0.0,171375,14.710154263926256,11.567585116955772,14.673980923234174,2.2282803058624268,0.8586568325203707,2.791113062097701,3.0923392185490757,2.8031379842504722,1.4389128684997559,0.7874530933908199
p334_seq0010.wav,0,0.0,183364,31.839516162754343,23.280800508978935,31.837938573950346,3.7487103939056396,0.9499356095383139,30.902324591090725,22.057423641021337,30.90435709295329,3.3402602672576904,0.9491221943462889
p334_seq0011.wav,0,0.0,174303,19.146193149998506,13.206350862627541,19.121558047946742,2.204786777496338,0.8041462542607465,3.9354136923479235,10.653918740227915,3.9512070911216943,1.6216096878051758,0.746116731315707
p334_seq0012.wav,0,0.0,176930,40.02442889145364,25.953877335617403,40.03349501366377,4.1546454429626465,0.969597511897162,40.10015556514464,26.51010981934216,40.10058805853834,4.067170143127441,0.9747366086731345
p334_seq0013.wav,0,0.0,201374,8.324875755226689,5.94525886634011,7.800298063634933,1.5307879447937012,0.6747378678371274,-1.5947665006071254,-3.92260421896631,-1.6234487508950355,1.40384840965271,0.5752112316308491
p334_seq0014.wav,0,0.0,165288,13.917187145129601,11.436026211150029,13.750034943221612,1.4525604248046875,0.7013709755917175,-3.159119762564483,2.0432677856565697,-3.1755707589839277,1.1300307512283325,0.579390577597032
p334_seq0015.wav,0,0.0,179766,38.40427366850641,27.10802880616465,38.41890999323591,4.286827564239502,0.9844679099938943,38.64696128546272,28.16299964485288,38.65095896687823,4.303648948669434,0.9887830350903941
p334_seq0016.wav,0,0.0,175681,30.490215661791073,22.6803735911584,30.486687856729414,3.4356043338775635,0.9134067875576632,28.227287275112797,20.920996446785278,28.228181884755514,3.032717227935791,0.8702369643189697
p334_seq0017.wav,0,0.0,185076,36.455065833964824,22.738901956485684,36.45930696963849,4.2102370262146,0.9453338531438084,36.80319386197616,22.97015559129317,36.80390285679097,4.30659818649292,0.9727685724961476
p334_seq0018.wav,0,0.0,177858,18.837091831648465,13.673858182690605,18.83979407399408,3.053438663482666,0.8806653541996005,9.657055536201863,7.277861455299441,9.634644631470136,2.1157660484313965,0.8350221455707134
p334_seq0019.wav,0,0.0,184099,30.902300039321364,22.450234382045494,30.909698151053377,4.031729221343994,0.9827212764542949,30.326855444837047,22.563870553150306,30.331762310979414,3.8889570236206055,0.973184105014432
p334_seq0020.wav,0,0.0,173775,30.02310440359418,23.997035459906048,30.020830942312784,3.3922510147094727,0.9075621078724992,25.49856742424739,23.132275763101298,25.498986740318365,2.403585195541382,0.8785012924031016
p334_seq0021.wav,0,0.0,178005,34.95412920428179,27.025266211125047,34.95596681751146,3.7302722930908203,0.9616397496486212,28.870761623014968,27.38792941480418,28.87050322864546,3.38761305809021,0.9539548786161769
p334_seq0022.wav,0,0.0,203081,11.808790317557438,5.731942065060059,11.515636928124708,1.8163429498672485,0.7469999516663574,3.152153913451001,-2.9093376109704248,3.1462260303253267,1.3453259468078613,0.6872800933449008
p334_seq0023.wav,0,0.0,164802,27.892048710163067,19.185073109914814,27.88565321619464,3.831385612487793,0.9317392761959414,27.22421415537161,18.609542159537963,27.22550567032038,3.640394926071167,0.9437354088899815
p334_seq0024.wav,0,0.0,179162,25.30480141400826,19.39623170426714,25.3260646216091,3.885951042175293,0.9312536653606929,20.836046878307187,16.956329228277745,20.84409450648993,3.298006772994995,0.8690467805170444
p334_seq0025.wav,0,0.0,192771,16.52529936738984,8.37109924433289,16.434658174249165,2.6864521503448486,0.816234096413063,-0.5246073626278385,-0.018181138475240784,-0.5194551570528121,1.2740914821624756,0.8350852535663187
p334_seq0026.wav,0,0.0,169625,14.47176360425213,10.287549812636458,14.459140090025661,2.115333080291748,0.7385589484795798,2.6872084195577575,2.1522973564868044,2.733540507514483,1.5100219249725342,0.6999739561175973
p334_seq0027.wav,0,0.0,171772,12.058253700497,5.216360361804547,11.904645842276423,2.003610134124756,0.7451668416245503,-1.2776173002577367,-5.221802931301257,-1.3045571109838257,1.1686803102493286,0.6968180460290186
p334_seq0028.wav,0,0.0,160539,16.1293179697033,9.915707621077974,16.02234222226116,1.792366862297058,0.7871711160246725,6.523232245505123,5.11600816046598,6.5172327134604755,1.3252458572387695,0.7143286797566032
p334_seq0029.wav,0,0.0,168734,10.314236575644074,4.591137945687831,9.894323844530287,1.359412670135498,0.7454717258969648,0.9751305599323172,-3.8172048188319034,0.9980119272328026,1.2078396081924438,0.6635880530165865
p334_seq0030.wav,0,0.0,210996,28.620099423661355,20.046416029179294,28.614677788808184,3.5845048427581787,0.8957801890644513,26.95777672776603,17.68266071706735,26.956208586741432,2.802199125289917,0.8882397357290613
p334_seq0031.wav,0,0.0,169374,40.963709733687224,28.63802163843201,40.99484356662855,4.354657173156738,0.9873185670216617,42.41995590926795,29.73429750863175,42.42485557671248,4.383005142211914,0.9929398619469729
p334_seq0032.wav,0,0.0,165803,18.317827293583054,11.851991337788498,18.258441767787716,3.303042411804199,0.90791190252588,8.795611662373389,8.60753509579752,8.790525225557687,2.4779298305511475,0.8458055632244889
p334_seq0033.wav,0,0.0,172654,31.421030930488207,23.941915482539414,31.425793491021885,4.064184188842773,0.9579496826223184,31.996786620214586,24.493678739378865,31.999368736372766,4.094328880310059,0.9490337260686854
p334_seq0034.wav,0,0.0,167361,17.32110325915011,12.88415208088476,17.250984656045322,2.2015910148620605,0.7824092523509303,3.9936811628530355,10.543848434165698,3.986799652580041,1.6570062637329102,0.7677374701895182
p334_seq0035.wav,0,0.0,182795,33.69551866086742,25.361530402318586,33.694459633555866,3.550718069076538,0.9336544907001979,32.429472948206815,25.25714568338358,32.42867000691141,3.2384555339813232,0.9237175291621004
p334_seq0036.wav,0,0.0,197152,32.50427297348433,27.05646116045584,32.50222021928623,3.777913808822632,0.9405541091057191,27.758626492879483,27.194546520818083,27.758807589747427,3.273463487625122,0.9220607013938995
p334_seq0037.wav,0,0.0,165932,20.318175212971777,13.337732931910546,20.279651423938287,3.3878538608551025,0.8818507552659861,10.507242515308423,11.130046047637506,10.524094270394853,2.7029595375061035,0.8284840555787305
p334_seq0038.wav,0,0.0,165562,36.092536976895715,28.85590833329946,36.09784147966518,3.9480130672454834,0.9551018371123027,31.511516287041765,29.244236320283566,31.51147922485719,3.497419834136963,0.9418697021498452
p334_seq0039.wav,0,0.0,173195,30.842430376967695,24.787760729371616,30.839839656997565,3.9640896320343018,0.9467734269704189,31.22345491741679,23.874336051599894,31.224303904771542,3.521512746810913,0.9217733216841348
p334_seq0040.wav,0,0.0,174368,22.634054415583,21.080077751305137,22.610670721594577,2.299178123474121,0.8335154994717849,11.849187836616688,14.68257725810279,11.848193161321333,1.4394950866699219,0.7691570924690215
p334_seq0041.wav,0,0.0,175550,10.816692882382714,5.000438795486255,10.558229062646468,1.6911180019378662,0.770159749517631,-1.4238917700537943,-4.814509660615791,-1.4301341300614903,1.1179088354110718,0.7201859596663681
p334_seq0042.wav,0,0.0,166371,24.28500804293452,21.160283132139593,24.26920201570887,2.7817306518554688,0.8325662508590582,16.276866893483216,15.52376003429663,16.279663438781295,1.695901870727539,0.774313559131525
p334_seq0043.wav,0,0.0,160585,29.15424989514687,22.179931877764677,29.15279556709674,3.467933177947998,0.9105833338102016,23.55567737669512,19.658654929972837,23.558011663940547,2.610487937927246,0.8638146125019156
p334_seq0044.wav,0,0.0,166270,31.49230101766016,24.985345441811035,31.490138682413694,4.195095539093018,0.9619297635975991,31.43944436497154,25.742275258880763,31.439229053879423,4.093984603881836,0.9678072418727687
p334_seq0045.wav,0,0.0,173302,14.795315413666701,8.36016679206622,14.649306999468141,1.8315485715866089,0.7875862733680947,8.593204125294665,1.3495956972831724,8.557250129697696,1.4321472644805908,0.7386120692288115
p334_seq0046.wav,0,0.0,163151,14.524691576209868,8.317276363369205,14.42832555635235,1.7801060676574707,0.7006230914800173,-2.663786922999365,4.251844613743227,-2.6648245539994484,1.396303415298462,0.6708756976469186
p334_seq0047.wav,0,0.0,172345,30.122070377686818,23.719058701897175,30.117907283522413,3.623464584350586,0.9036240118616561,28.757704336293056,22.124641833671003,28.758445707202508,3.16099214553833,0.8922240655287089
p334_seq0048.wav,0,0.0,169306,31.575516555538734,24.018587453031106,31.57437473568599,3.807663917541504,0.9434916105599949,28.37142847408719,22.391408170647033,28.37216520410334,3.103976249694824,0.9084364701106353
p334_seq0049.wav,0,0.0,170854,24.96061349620502,15.1382735774721,24.94924883977555,3.6141316890716553,0.9107118142330206,22.467742122612364,12.819709610244484,22.465647269591567,3.375948905944824,0.9280597333100775
p334_seq0050.wav,0,0.0,194789,39.774358546559185,28.016505947970973,39.80315820009868,4.324862480163574,0.9862837704069661,40.03071596711191,28.82705999120965,40.03112127133042,4.320034027099609,0.9886739113516816
p334_seq0051.wav,0,0.0,184985,42.223093608355875,29.813834213439257,42.2465319659074,4.262957572937012,0.9776707257663864,44.7006492670626,30.459071190197356,44.70142913065621,4.29873514175415,0.9854158614690846
p334_seq0052.wav,0,0.0,175325,26.079201444538146,22.61669896887751,26.069612525899664,2.6483190059661865,0.9259301930306066,20.311441948574974,19.75787958809207,20.310372496506982,1.869694471359253,0.9009264027065039
p334_seq0053.wav,0,0.0,179212,41.42703073920258,30.69281733162481,41.50250518734585,4.348814964294434,0.989736711810945,43.3474518122939,30.996037224319995,43.348078888758465,4.226223468780518,0.9902008082409124
p334_seq0054.wav,0,0.0,165709,27.828277526193894,23.35007919071818,27.822298969381105,3.0326414108276367,0.8896886527868253,21.109371702931348,18.50944445005291,21.108607418800446,2.0385496616363525,0.8212976856074691
p334_seq0055.wav,0,0.0,183503,41.79490931839964,29.35838851338218,41.829027894054285,4.084956169128418,0.9589041502901852,41.81011699879874,29.280524253795285,41.81113819588159,3.8007946014404297,0.9559910196990276
p334_seq0056.wav,0,0.0,162922,12.910148671442794,7.465216375444088,12.694862712831213,1.716713547706604,0.6880987935490614,2.0401738444313415,-2.249012344440114,2.086570994907913,1.3958024978637695,0.6128093968200935
p334_seq0057.wav,0,0.0,189964,26.04686643265136,22.164882680158787,26.036399021843923,2.971052408218384,0.8812198386267911,21.550439480800925,17.565090836958053,21.54493796481857,2.279146194458008,0.8421985088598527
p334_seq0058.wav,0,0.0,193792,19.121573773097744,14.225240968850471,19.141745667293378,2.984388589859009,0.8475811542470423,11.492746311577054,8.467991871342946,11.485648821095646,2.248734474182129,0.8185165299283109
p334_seq0059.wav,0,0.0,178724,20.37816909148914,13.910419471231087,20.349113216898257,3.4433043003082275,0.9493961806404572,12.55275151337613,11.59274370027288,12.559850225035747,2.806591272354126,0.9372178931395299
p334_seq0060.wav,0,0.0,178634,15.176955855448234,13.737392880597005,15.044519252986042,1.9094579219818115,0.799962687922977,7.946399992694486,4.96695091728136,7.939876106105785,1.3431262969970703,0.6902344705652169
p334_seq0061.wav,0,0.0,179057,13.34915136178511,13.028753005303056,13.144907444496125,1.523779034614563,0.7886836298144586,-0.46938671898680473,4.5210389836807545,-0.4588021031800342,1.1140435934066772,0.6875128826884715
p334_seq0062.wav,0,0.0,193101,24.883377639861273,17.341213614189734,24.872996769899288,3.2165322303771973,0.8627153703813805,18.70565623908167,13.250575885140787,18.7085343918383,2.440150260925293,0.800431648332031
p334_seq0063.wav,0,0.0,174681,17.749363778691396,10.35187202171784,17.682442815053196,2.0053770542144775,0.7677177957235788,8.73285495613614,5.42129873508941,8.736259572474507,1.3424044847488403,0.693162475129601
p334_seq0064.wav,0,0.0,197440,11.708255188662184,10.042595174008838,11.412499150993124,1.5833029747009277,0.7271029830830853,1.1132874609105987,0.2694519215532134,1.0714747062185785,1.2476842403411865,0.6455409614285401
p334_seq0065.wav,0,0.0,175548,17.982811701783948,17.761899302972225,17.913193427537905,1.990633249282837,0.7878378165093725,8.738534661321273,10.746254699910972,8.730766749321845,1.3049638271331787,0.743475839871342
p334_seq0066.wav,0,0.0,204422,27.289728477860493,23.44298803814441,27.282814575155232,3.2384674549102783,0.904488296866005,20.535637727662,23.055587074501705,20.53142530204349,2.7167515754699707,0.8834533293504149
p334_seq0067.wav,0,0.0,190522,26.05126542026726,20.33273512526156,26.041859423048518,3.516573667526245,0.9115854718706563,23.422799867352886,16.677027910092008,23.419856748957464,2.6575169563293457,0.8991907441751593
p334_seq0068.wav,0,0.0,216983,16.19032358192974,9.419264195315057,16.08524545570376,2.138821840286255,0.8157711315535298,11.066067162977744,3.2012000415578137,11.065435533295222,1.7157665491104126,0.7761512771148795
p334_seq0069.wav,0,0.0,184277,25.947684592439707,20.13120991400116,25.93921167958424,4.076945781707764,0.938603584402427,25.43230250222593,20.579739801735794,25.43039359613424,3.9817702770233154,0.9601178962549044
p334_seq0070.wav,0,0.0,200233,18.469281262794667,12.94772320558327,18.40854626828381,1.9311881065368652,0.7943009105771783,12.623962426327049,10.267556431894244,12.626472061426783,1.3582732677459717,0.7373781221447993
p334_seq0071.wav,0,0.0,191381,42.64452672288458,28.791632548136494,42.68633211082023,4.3133225440979,0.9661382152836201,44.281471545300576,29.191048019342343,44.28137570740408,4.186953067779541,0.9725751484050881
p334_seq0072.wav,0,0.0,166953,15.039741293000546,13.655502655939591,14.909727445280236,1.4966495037078857,0.7218888338105915,-0.2636217120903151,4.447743370718445,-0.256809280278857,1.1337980031967163,0.6379940306736849
p334_seq0073.wav,0,0.0,186682,27.486049339537185,20.108479952460367,27.481158265051473,3.505202531814575,0.8725481439231033,28.134917716355766,17.590334333110842,28.135680181635543,2.7669503688812256,0.8707099115141241
p334_seq0074.wav,0,0.0,188952,38.115594987616014,29.553396046135173,38.13036795024021,4.3573832511901855,0.9918758741408038,38.82266192089367,30.284388330877153,38.822823973319124,4.368773460388184,0.9950273912015036
p334_seq0075.wav,0,0.0,164109,21.057094550574604,19.765855225144772,21.026125571366762,2.276602029800415,0.8081622466029179,11.898192751206372,13.401282925500011,11.904780442861718,1.5254299640655518,0.737135519053015
p334_seq0076.wav,0,0.0,193707,23.169786124350395,19.257272835380324,23.15475032533167,2.7282161712646484,0.8711049002503384,19.03173789388667,14.209907717428898,19.044367325334502,1.9373514652252197,0.8386384839639014
p334_seq0077.wav,0,0.0,203005,23.479199957941475,19.595325195558893,23.47012927822191,3.798882484436035,0.9539662132681695,21.646110348318377,19.07235422096019,21.648653073828644,3.9656295776367188,0.968484803572942
p334_seq0078.wav,0,0.0,208161,16.995433318399392,8.36827695524141,16.94679635285963,2.6090304851531982,0.7777829130511604,7.967126445346997,0.04380192274207046,7.972986155555555,2.190889835357666,0.7585340064208603
p334_seq0079.wav,0,0.0,183742,20.864700233474082,20.154843803239466,20.8291442242445,2.3364853858947754,0.8562158086608485,12.44357059001034,14.691354522999436,12.44354760613787,1.4612253904342651,0.7690464093379519
p334_seq0080.wav,0,0.0,188562,38.726492054356626,29.174980421440235,38.741360557930314,4.179942607879639,0.9721090782945836,39.34958305303439,29.359615375261715,39.3499031495458,4.150918483734131,0.9737415627582747
p334_seq0081.wav,0,0.0,171412,17.408561728652273,10.123189342854225,17.32897225053435,2.4082908630371094,0.7573376591205394,11.24660253749299,2.837944157413542,11.253473002156998,1.5348236560821533,0.7139308639787767
p334_seq0082.wav,0,0.0,171004,34.23732870303683,26.301007963045212,34.237674617333155,3.851630926132202,0.9699626199578996,32.33279185363584,25.204309355511594,32.33341102364993,3.2811362743377686,0.9485371083172357
p334_seq0083.wav,0,0.0,197380,21.962328534388934,13.157982566240992,21.93564822872952,2.9557695388793945,0.7713465285271045,17.75178688430757,7.50469796699741,17.746847696967855,2.129059314727783,0.7544040829776991
p334_seq0084.wav,0,0.0,197361,17.644979249541105,11.644124389465022,17.57864969011893,1.9217238426208496,0.7736832800496604,9.848724027354816,7.928151551508605,9.858297434800827,1.4139564037322998,0.7336217705825022
p334_seq0085.wav,0,0.0,164646,40.939703619179696,30.9509649629609,40.94880216768922,4.090718746185303,0.9670591361511283,42.04118787244563,31.915681720377123,42.041416599928,3.953245162963867,0.9729472225904298
p334_seq0086.wav,0,0.0,189047,14.866836692143108,8.48170498626156,14.73416777932892,1.7352263927459717,0.6785270462527073,4.156370281264649,1.6725316765158575,4.181303859209596,1.322289228439331,0.6372525513062469
p334_seq0087.wav,0,0.0,192028,19.78457159241588,14.763142447656275,19.739171831366534,2.651984453201294,0.7681491209302377,12.637873192281335,5.938918227599315,12.639013939362991,1.6740469932556152,0.6928540474997192
p334_seq0088.wav,0,0.0,196481,32.776153671181085,24.17538088358276,32.776679200075534,3.691227674484253,0.8944136195065041,31.567155434801318,21.960975520320364,31.568388068233,3.074968099594116,0.8818861519438704
p334_seq0089.wav,0,0.0,164124,30.22183754541271,24.55157133111868,30.21814396112772,3.3654377460479736,0.9077417279768054,27.8474583515446,24.042309603050327,27.849265448280406,2.6535065174102783,0.8752108776856536
p334_seq0090.wav,0,0.0,188575,39.44418969858082,27.969766958569966,39.46691681159645,4.3526716232299805,0.983591241460953,40.50178273892971,29.011066336333947,40.50652398813611,4.365224838256836,0.9896958907972033
p334_seq0091.wav,0,0.0,178875,17.12192937517782,9.571224414402142,17.052373239957472,2.886525869369507,0.792506698402543,9.856945897575512,2.614853418321917,9.881816407637231,1.2046363353729248,0.7859793442233792
p334_seq0092.wav,0,0.0,192877,13.272187100917574,7.662353677943713,13.069144992678188,2.4893836975097656,0.8255646254089077,-1.14797231731829,-0.1582497451284357,-1.1547462402021065,1.2244694232940674,0.8285107188887229
p334_seq0093.wav,0,0.0,190966,15.870779436033008,8.691364981017433,15.76753466573756,2.1306304931640625,0.762072651603048,9.968124494547034,1.3319669976193886,9.976945671752855,1.5587865114212036,0.7196002219455718
p334_seq0094.wav,0,0.0,164272,12.223682982674372,5.590444885209757,11.962783888801066,1.6617345809936523,0.7043825349915954,-1.0477424344655082,-1.7867546121635276,-1.0657586305206452,1.2930426597595215,0.5954403822802342
p334_seq0095.wav,0,0.0,167044,20.58183689420364,17.16790872534352,20.559997294457517,3.744431972503662,0.9346894242975666,17.292521869651708,16.392670349891997,17.290269550412283,3.133920192718506,0.9315009371036472
p334_seq0096.wav,0,0.0,163252,38.60877900782738,25.822157133059847,38.617434100003074,4.318532466888428,0.9800632112353749,39.425668718869794,26.18757762837664,39.425724233972495,4.412458419799805,0.9917118258907128
p334_seq0097.wav,0,0.0,177441,32.67641125920554,25.663811458266963,32.68029139084537,3.6298160552978516,0.9622733442310543,32.927467839329616,25.38770725127743,32.92663480134405,3.3218178749084473,0.9622103818225923
p334_seq0098.wav,0,0.0,201312,24.77348505710243,22.991480213424996,24.759540398195895,2.5728304386138916,0.8576526960175792,18.54399778102983,19.60297441699929,18.54595420384625,1.6674468517303467,0.8464782014989223
p334_seq0099.wav,0,0.0,199351,21.496742971451106,14.538621150078807,21.46902250637972,3.0455572605133057,0.8886786793405889,17.679948966829887,11.791316254753093,17.685325293057723,2.3100218772888184,0.8513358527319693
p334_seq0100.wav,0,0.0,178222,23.0407155170813,17.26348572809166,23.047553873056444,3.5028419494628906,0.8738202024526218,18.53253540447975,14.049429028817956,18.539535742879842,2.9606335163116455,0.8275028413062588
p334_seq0101.wav,0,0.0,169257,42.01010142902184,29.774851613575404,42.0517375619753,4.377660274505615,0.9844248632350583,43.66441593804674,30.45584460485763,43.66428609473165,4.333532810211182,0.9850725020951421
p334_seq0102.wav,0,0.0,199620,18.93504265182961,9.892689826163357,18.897077267751065,2.8932931423187256,0.8566873905686632,10.675407425582586,2.0193272749550397,10.690790996404901,2.1934688091278076,0.834658855634611
p334_seq0103.wav,0,0.0,179255,13.44365247392255,6.802320479211001,13.264193019654332,1.4633949995040894,0.7416916656643804,1.4268796196213285,-0.25666513525190165,1.4556166087556544,1.2087726593017578,0.6305730533765108
p334_seq0104.wav,0,0.0,160488,22.45144159735557,13.2550679163566,22.434988052426384,3.196082353591919,0.8716004167939754,18.302999263935938,8.998648715406452,18.306208436363537,2.842832088470459,0.8768040722831929
p334_seq0105.wav,0,0.0,185949,39.08209369107659,27.417420587007754,39.088410861910525,4.421662330627441,0.9841907537995203,39.88284254604638,27.85906715488528,39.88290546373107,4.497779369354248,0.9926407193155331
p334_seq0106.wav,0,0.0,231270,9.922045504828844,5.862358395990044,9.460150965389033,1.5303468704223633,0.7559744639874841,-1.276846059356106,-2.523312192333339,-1.404487321368565,1.2159333229064941,0.6558517309202131
