file,Delay_samples,Delay_ms,Aligned_samples,SNR_dB,SSNR_dB,SI_SDR_dB,PESQ,STOI
p232_001.wav,480,10.0,82560,14.572839179524458,7.328237128068029,14.419958376274424,2.4509668350219727,0.8805330716662922
p232_002.wav,480,10.0,129120,13.16103933498196,8.586635049119806,12.94800195199735,3.100705862045288,0.9535706538744829
p232_003.wav,480,10.0,343680,13.630953217166029,8.384718063029041,13.441572873707852,2.946927070617676,0.9595329545134408
p232_005.wav,480,10.0,298560,9.32810787510801,6.09893204986092,8.843176626025382,1.7856941223144531,0.8952574935886365
p232_006.wav,480,10.0,243840,13.020215541640752,9.057366976225337,12.80448314096789,2.343463182449341,0.9576136686725013
p232_007.wav,479,9.979166666666666,188641,12.061771099768649,7.482278746003815,11.82322452943907,2.079089879989624,0.9465513938775489
p232_009.wav,479,9.979166666666666,198241,12.251590069692323,7.270379664929043,11.985439624781641,2.295011043548584,0.9631377252234464
p232_010.wav,479,9.979166666666666,131521,5.521000783632653,1.0577287765052346,4.092968012885214,1.423034906387329,0.8138998815461503
p232_011.wav,480,10.0,312480,13.764539110336367,8.839224070829648,13.578252690387139,2.5887131690979004,0.9445630628216871
p232_012.wav,480,10.0,206880,13.554746188456017,8.931453854010936,13.362605253694497,2.3897902965545654,0.9471050704904349
p232_013.wav,480,10.0,188160,9.165248756240649,5.215744118777861,8.609190690717202,1.6241960525512695,0.9185930919943305
p232_014.wav,480,10.0,220320,9.999617255047589,6.260333452914532,9.54412231152234,1.7319031953811646,0.9186777225273449
p232_015.wav,480,10.0,253920,14.735809212505783,10.532641088790811,14.591352968268321,3.051339864730835,0.9566491318292994
p232_016.wav,480,10.0,265920,14.154937801636995,10.193734648626142,13.98751324094459,2.9951844215393066,0.9640881968560945
p232_017.wav,480,10.0,137280,13.283933100712881,7.713768026060238,13.077779953760405,2.2525320053100586,0.9640104401904439
p232_019.wav,480,10.0,322080,12.290597600721721,8.041502581139659,12.029594530738215,2.7004215717315674,0.9762748061017412
p232_020.wav,479,9.979166666666666,172321,12.156747202967722,7.52053190640584,11.884066451570368,2.368053674697876,0.934995495817116
p232_021.wav,480,10.0,407040,14.26984155225033,9.812831963523532,14.104395939724439,2.589237928390503,0.9723417823741088
p232_022.wav,480,10.0,276960,11.20567951952408,8.286997703423458,10.867816327370727,2.4154348373413086,0.9715602503240068
p232_023.wav,480,10.0,467520,8.914363704875685,5.203962636308995,8.362841166373478,1.7224701642990112,0.9537416374549278
p232_024.wav,479,9.979166666666666,264001,14.383703617321245,10.620518569496555,14.224783276197746,3.7641544342041016,0.9936058754305505
p232_025.wav,480,10.0,88800,12.771366050525064,6.305815220755005,12.53575959553884,2.630582094192505,0.947418904773492
p232_027.wav,479,9.979166666666666,180001,12.61191766174747,8.028327427634053,12.38934234667391,3.0860579013824463,0.9734614556429535
p232_028.wav,480,10.0,97920,8.144561920368558,3.1094696502132653,7.491313900331347,1.6471683979034424,0.8368524127483433
p232_029.wav,480,10.0,162720,13.342410381101633,7.261281563477504,13.15265039111823,2.1459131240844727,0.9682522965112104
p232_030.wav,480,10.0,183360,13.546506472998255,9.032527887152566,13.350601419113385,2.821073055267334,0.9909875309868476
p232_031.wav,480,10.0,108960,11.897238349054275,5.16896411209319,11.609994021081263,1.6388928890228271,0.7942544896909763
p232_032.wav,480,10.0,166560,7.129564969326873,3.7109460881650294,6.199688346774944,1.4597082138061523,0.8420047855271869
p232_033.wav,479,9.979166666666666,68161,14.45511158134236,5.863530684588452,14.298284141188395,2.838716745376587,0.790493181869094
p232_034.wav,480,10.0,69600,11.772446749292211,6.122250071283354,11.50203919165894,1.9996016025543213,0.8735295039418659
p232_035.wav,480,10.0,150240,10.695643626205666,6.316015729221492,10.413398145689378,2.3139355182647705,0.9596969847645992
p232_036.wav,480,10.0,135360,7.1269466511790105,2.685382377631846,6.191492120879742,1.557937502861023,0.8246200155054116
p232_037.wav,479,9.979166666666666,183841,14.74166690484406,9.195400117562773,14.599511078851911,3.3649215698242188,0.99368034327282
p232_038.wav,480,10.0,99360,14.514137776836742,7.571989843602961,14.359078146804286,2.9862492084503174,0.9311153643608724
p232_039.wav,480,10.0,92160,13.362397392826805,4.583692008150184,13.15861270140175,2.151266574859619,0.7884503740697352
p232_040.wav,480,10.0,89760,12.6555545776475,5.975193560511321,12.413333873104872,2.811211585998535,0.9949970339207755
p232_041.wav,480,10.0,95040,12.362414475068604,6.093360891895235,12.12598138874289,1.64666748046875,0.8503274284515298
p232_042.wav,479,9.979166666666666,119521,14.581067059131973,8.096520705132338,14.427718435834372,2.648776054382324,0.9945531269691751
p232_043.wav,479,9.979166666666666,93121,10.403665682977753,3.662239030160952,9.999789652872371,1.935144066810608,0.8495354223233335
p232_044.wav,479,9.979166666666666,65281,9.062949591839809,1.4616876028710017,8.515734771750479,1.4968762397766113,0.7916388009082871
p232_045.wav,480,10.0,58080,14.560696702423288,6.328971762694134,14.421300788308866,3.377044200897217,0.9058683623553858
p232_046.wav,480,10.0,66720,12.287852532376258,4.608601474044053,12.025690081142715,1.9244964122772217,0.774691604058706
p232_047.wav,480,10.0,91200,9.410918887221417,3.6621440741592703,8.896622462625606,1.8937795162200928,0.9224845561308151
p232_048.wav,480,10.0,85920,6.096559270665792,0.2353498286788106,4.873803647030472,1.6135079860687256,0.6533705475014445
p232_049.wav,480,10.0,140160,13.345598445585942,8.857761589890918,13.142255933110778,2.8491768836975098,0.9888306028642123
p232_050.wav,480,10.0,82080,11.678016946155807,4.863712190688039,11.373242290144619,1.6836820840835571,0.9026184843681597
p232_051.wav,479,9.979166666666666,69601,11.735995678561995,3.5127859750573514,11.441670307766449,2.0456783771514893,0.9150651415991252
p232_052.wav,480,10.0,104160,5.03679482181154,1.0903090163418738,3.417378126598663,1.4714641571044922,0.766157969014935
p232_053.wav,480,10.0,77760,3.2709350524317466,3.113279782051802,0.5322837748830338,1.216336965560913,0.584737552015651
p232_054.wav,480,10.0,176640,6.647525808515423,6.39952498500985,5.692101168937498,1.8467061519622803,0.9032644201107284
p232_055.wav,480,10.0,72000,13.323352471524284,5.595595564793534,13.136708546879172,2.3726086616516113,0.8797601010154261
p232_056.wav,479,9.979166666666666,85441,7.6429553379226185,0.9647928939439242,6.826362018970481,1.4905320405960083,0.8450393218929069
p232_057.wav,480,10.0,106080,14.355942827941421,7.751296017078093,14.193829963042129,2.749490976333618,0.9274501963268365
p232_058.wav,480,10.0,185760,14.35429156258846,10.405029745007646,14.195957517983622,3.228888750076294,0.9359548068339874
p232_059.wav,480,10.0,62400,13.290981138086371,5.007740764747001,13.096913091863735,1.762990951538086,0.7966350528743305
p232_060.wav,479,9.979166666666666,111361,11.045051728383388,4.714994824745306,10.70517389320736,3.0189199447631836,0.899590461039714
p232_061.wav,480,10.0,154560,14.272629290403255,8.635600938572221,14.108100590314637,2.849963903427124,0.9839616921979373
p232_062.wav,480,10.0,141120,8.76556077389922,5.97364023814523,8.159673929577602,1.619877815246582,0.8657166900969767
p232_063.wav,480,10.0,107520,11.154432989082492,5.173824123182086,10.821708295374641,2.2856833934783936,0.9873086737239368
p232_064.wav,480,10.0,95520,9.050549173698553,3.3572790781351185,8.60212487833341,1.7703860998153687,0.9751160972786654
p232_065.wav,479,9.979166666666666,72001,12.715668369797186,5.0813374822451545,12.479392424728498,2.4902291297912598,0.9019203317133665
p232_066.wav,480,10.0,156000,10.324355766102558,7.809646299303395,9.941689859349232,2.3930306434631348,0.9255081266456474
p232_067.wav,480,10.0,124320,13.069312755565752,7.001363579104889,12.860426311777232,2.5244953632354736,0.9191836948894894
p232_068.wav,479,9.979166666666666,120001,9.449349744049924,5.584380273439277,9.009020802599904,2.756462574005127,0.9404480579038327
p232_069.wav,480,10.0,126720,12.871609299898877,8.693618128788408,12.660076439913862,2.2817726135253906,0.9610789995397802
p232_070.wav,480,10.0,120960,11.765857630165575,6.932423704981825,11.467703917245336,1.7789995670318604,0.9099339964309213
p232_071.wav,479,9.979166666666666,122881,11.369659943871673,5.183725184712068,11.043572910078115,1.8704125881195068,0.9186907202851693
p232_072.wav,480,10.0,94080,7.230651610725723,2.5909560982645155,6.320656576551987,1.4577105045318604,0.8100519293755564
p232_073.wav,479,9.979166666666666,90241,13.082146806671226,5.131383553234568,12.863825982649749,2.210812568664551,0.9910731687992407
p232_074.wav,479,9.979166666666666,104641,14.503891261873452,6.710909582614396,14.347160451877253,2.5160181522369385,0.9250420637871235
p232_075.wav,480,10.0,111360,11.885509629185334,5.286712521815272,11.602595371274901,2.253262996673584,0.9594255724393886
p232_076.wav,480,10.0,91200,7.176697834533638,1.577868081064516,6.258144413023862,1.662482500076294,0.864040520181691
p232_077.wav,480,10.0,82560,14.342086891002651,6.084590789985385,14.179559185991737,3.134253740310669,0.8484073597950942
p232_078.wav,480,10.0,107520,14.656180087594157,8.009314770249741,14.507103904458345,3.192969560623169,0.9953010149743027
p232_079.wav,480,10.0,113760,13.439066052380896,7.42873759971557,13.238296884251069,3.0896549224853516,0.9028910091764996
p232_080.wav,480,10.0,98880,12.171318458193818,3.715600005570592,11.90061906253189,2.2027595043182373,0.9841935351647753
p232_081.wav,480,10.0,89280,13.290035414427015,8.823482237312295,13.083061579964042,2.376556634902954,0.9030094161695909
p232_082.wav,480,10.0,73440,4.803433579661245,1.0040878248066634,3.0977485309519026,1.2852622270584106,0.7488134688972052
p232_083.wav,480,10.0,78720,11.872674165798372,5.437367099730215,11.59577002849998,2.4240241050720215,0.8849879881380396
p232_084.wav,480,10.0,65760,8.710653001049291,3.5943005257722342,8.084079814461576,1.6106674671173096,0.8720980700703788
p232_085.wav,480,10.0,97920,15.275148198422219,8.836308357646404,15.148378864116264,3.2342355251312256,0.9872211275096093
p232_086.wav,480,10.0,93120,13.3794947905197,7.363998593413532,13.176453183108537,2.776590585708618,0.9409685929207849
p232_087.wav,480,10.0,93600,10.245496885636058,5.752230973322469,9.814804822385815,1.8300304412841797,0.8481310011487562
p232_088.wav,480,10.0,139200,10.094881062571588,6.369282825294232,9.72142642061368,2.4471254348754883,0.9191691711019118
p232_089.wav,480,10.0,106080,12.544145906363212,7.817737701889816,12.29788151401857,1.9867949485778809,0.8818336271855933
p232_090.wav,480,10.0,188160,9.640198112084883,6.8080351560629495,9.170438985923774,1.9641749858856201,0.9294400799231124
p232_091.wav,480,10.0,73920,9.203202276524452,3.3635781713247925,8.654077735857364,1.6628047227859497,0.8804573251986322
p232_092.wav,480,10.0,93120,9.236762207315971,1.9610343750235024,8.761557350416005,1.7538585662841797,0.8565584086086759
p232_093.wav,480,10.0,105600,12.401393671577917,7.322869205178471,12.16445545738241,2.067233085632324,0.895385041391646
p232_094.wav,480,10.0,133920,13.378451416766117,7.548473070169402,13.188887766941043,2.421635627746582,0.9474837056739069
p232_095.wav,480,10.0,170400,9.752914248774008,6.272872335921917,9.290326962278467,1.7388091087341309,0.8534943146156645
p232_096.wav,479,9.979166666666666,79201,8.816753390524891,1.2484708073269282,8.207000928723938,1.5030760765075684,0.749953533984508
p232_097.wav,480,10.0,128640,14.252820172085269,8.666273144139844,14.088802018775954,2.881775379180908,0.9961546325545436
p232_098.wav,480,10.0,113280,14.861366764981403,8.356370746434504,14.71960683670747,2.757967233657837,0.8961452810227262
p232_099.wav,480,10.0,131520,14.594067055759057,8.74853153848839,14.442109890673166,2.7635703086853027,0.968420182843336
p232_100.wav,480,10.0,75360,11.17326173379029,4.677690416120571,10.833329273924175,3.2021617889404297,0.8796330852007377
p232_101.wav,480,10.0,92160,15.543283071987403,7.554663376134372,15.42773005164759,3.2504332065582275,0.992369773508208
p232_102.wav,480,10.0,89760,13.123384227818013,6.28286118292246,12.911116658617942,2.3729822635650635,0.8778573566470664
p232_103.wav,480,10.0,168960,5.278970649765648,4.809446572933124,3.7560545421063374,1.4845741987228394,0.8501677397245739
p232_104.wav,480,10.0,187200,9.47372118120395,4.8802439295175954,8.980176790342703,2.101700782775879,0.9366285041449443
p232_105.wav,480,10.0,83040,13.702308015436023,7.002812529689894,13.521881293728523,2.5075600147247314,0.8851292405052272
p232_106.wav,479,9.979166666666666,113281,14.639991784227831,8.205111376754244,14.492230392053994,3.304652452468872,0.9799922583968341
p232_107.wav,479,9.979166666666666,125761,13.041377457877896,7.231535127095292,12.838288170545894,3.08564829826355,0.9593996655377761
p232_108.wav,479,9.979166666666666,79681,7.792481313432852,2.7531134902335213,7.312742409052801,2.3703713417053223,0.9269302489712433
p232_109.wav,480,10.0,166560,13.482218978952396,8.256202179337446,13.28295147491055,2.7510385513305664,0.9594993547799874
p232_110.wav,480,10.0,96480,11.742226253961753,5.196367140300071,11.448936293516287,1.789712905883789,0.9246056691603887
p232_112.wav,479,9.979166666666666,77761,10.221966816358563,5.091562113274209,9.799148667020816,1.9582470655441284,0.8810330844168035
p232_113.wav,480,10.0,64320,6.383188489016355,0.1995384576877514,5.2482702012274,1.2800062894821167,0.6699051954636817
p232_114.wav,479,9.979166666666666,152161,13.759866845873553,8.121018034392435,13.577401742859504,2.9906578063964844,0.9464568072936582
p232_115.wav,480,10.0,130560,11.97730084073192,6.983969523299083,11.76837147214661,2.615044116973877,0.9441829497746107
p232_116.wav,480,10.0,94080,13.20457874712515,6.034347630648553,12.997959441489442,2.828230857849121,0.9305450176310286
p232_117.wav,480,10.0,165600,8.117720330653695,4.361392585420246,7.390392376687273,1.619258999824524,0.8943898339009592
p232_118.wav,480,10.0,149280,15.252319793798142,8.311161410015155,15.122078235568278,2.430661916732788,0.9340843292380632
p232_119.wav,480,10.0,150720,14.51148941624143,8.064085185009263,14.358929554700628,3.296924591064453,0.9431897193443785
p232_120.wav,480,10.0,69120,13.758655797973374,5.911212789754141,13.57299802670688,2.62843656539917,0.8902871199487832
p232_121.wav,480,10.0,145920,10.178611621876595,8.018950061530182,9.806269246091851,2.3444008827209473,0.9626064750458562
p232_123.wav,480,10.0,176640,14.351132509731404,8.816439504589225,14.189173306367536,2.3972065448760986,0.9626680350626845
p232_124.wav,480,10.0,70560,13.771918798202968,6.27491507572065,13.58651612890932,1.9631810188293457,0.8085795021117237
p232_125.wav,480,10.0,75840,9.44841402572521,3.902426517391306,8.940082529041188,1.6483533382415771,0.8008491126500547
p232_126.wav,480,10.0,100320,9.16898481862262,3.8630431940991987,8.711102138806709,1.5912810564041138,0.8848131449717077
p232_127.wav,479,9.979166666666666,93601,13.817397751424188,6.722744954807351,13.64806159952214,2.72829532623291,0.9774500863916857
p232_128.wav,480,10.0,141120,14.296720420569375,7.049264701712601,14.138361008713993,2.5035862922668457,0.9849693922671916
p232_129.wav,480,10.0,169920,14.299280319002873,9.017085657270284,14.135093893477569,2.7597761154174805,0.9821918983916877
p232_130.wav,479,9.979166666666666,117121,8.596279315849081,3.923040494688248,8.101651532611951,2.214906930923462,0.9825306562965026
p232_131.wav,480,10.0,145440,14.618189358546195,8.59372050576242,14.467331288544527,2.583395004272461,0.9573908673733247
p232_132.wav,480,10.0,87840,11.13950686958315,5.546623454623714,10.814060642048025,2.0690245628356934,0.8001307209298578
p232_133.wav,480,10.0,115680,8.727006180313143,4.012105509915579,8.139136782009214,1.2656313180923462,0.802084094422888
p232_134.wav,479,9.979166666666666,85441,5.949971285889958,-0.8483090047385942,4.760995174177366,1.3357490301132202,0.7181432884270175
p232_135.wav,479,9.979166666666666,94081,3.9521160549140832,3.6080627443918036,1.756085380868784,1.4203096628189087,0.7351465360170104
p232_136.wav,480,10.0,82080,11.345538443626682,3.8323662076343226,11.04116121508669,1.6144943237304688,0.7840819176638605
p232_137.wav,479,9.979166666666666,76321,12.004812853908577,3.8796778553049935,11.722745058732473,1.9256722927093506,0.931050402492254
p232_138.wav,479,9.979166666666666,74401,9.006956036659284,3.2167753305590097,8.424624088019499,2.3259356021881104,0.7275187804425427
p232_139.wav,479,9.979166666666666,103681,15.694618176334313,8.03316890974505,15.577238759722594,3.1858577728271484,0.9984796207007653
p232_140.wav,480,10.0,74880,14.732320592059509,6.781744317085703,14.583789997092314,3.180103302001953,0.8599507498661122
p232_141.wav,479,9.979166666666666,82081,12.839007695055379,6.490239033654421,12.60726714522515,3.4455389976501465,0.852722090185521
p232_142.wav,480,10.0,129120,10.69781302138688,6.295187127995203,10.329601134141072,2.6940834522247314,0.9136477138729153
p232_143.wav,480,10.0,84000,9.350670373059485,4.061648655494379,8.832224233215822,1.8166583776474,0.8815005316129612
p232_144.wav,480,10.0,108480,12.796788698799585,7.804830162138823,12.586987595578872,2.9106574058532715,0.9478689504842023
p232_145.wav,480,10.0,126240,6.898606179136059,4.654623198720912,5.947533691758911,1.6569955348968506,0.8226643194590423
p232_146.wav,479,9.979166666666666,96961,10.119876299337276,4.375103190382306,9.745313001018657,2.232316255569458,0.8515363817064275
p232_147.wav,480,10.0,129600,14.675318857280342,9.38737389143362,14.52774993738111,3.3264520168304443,0.9524107058926317
p232_148.wav,480,10.0,184800,14.264057231562866,8.834004762940337,14.10016961277072,3.139416217803955,0.9974341416126882
p232_150.wav,480,10.0,99840,12.907499813585124,6.862348734073219,12.699875893117273,2.872251510620117,0.9736666636533317
p232_151.wav,480,10.0,129600,6.556454114305559,3.136456680889429,5.471985997573579,1.5151270627975464,0.8987989818777781
p232_152.wav,480,10.0,88320,13.759265949413935,6.518390386514406,13.582626052531683,2.401855230331421,0.9768823118917286
p232_153.wav,479,9.979166666666666,91681,12.289986460129775,5.759902272360328,12.037062153512343,1.762631893157959,0.8596874504018895
p232_154.wav,480,10.0,111360,7.7439436823239,3.479366114382668,7.042058321164886,1.2851111888885498,0.8033798097777758
p232_155.wav,480,10.0,121440,6.106014258335673,2.186330285642919,4.887496423795923,1.3448328971862793,0.7682817117030579
p232_156.wav,480,10.0,97440,12.679973864015581,7.480969182450679,12.447943207508246,2.798201560974121,0.9388211217521145
p232_158.wav,480,10.0,127680,13.006797437509366,7.399670731561954,12.837869958924086,2.240990400314331,0.9801130216463271
p232_159.wav,479,9.979166666666666,88801,6.003707323967897,1.782220786581346,4.934695977663918,1.5573711395263672,0.8681491671014998
p232_160.wav,479,9.979166666666666,188161,7.466290775751872,3.7509852588038117,6.609580678887696,1.5063045024871826,0.8338345176012452
p232_161.wav,480,10.0,129600,15.27308397970689,9.542018575927848,15.143042167665715,2.847517728805542,0.965758254243495
p232_162.wav,480,10.0,75360,16.342535159357055,8.27233184116736,16.2406129279877,2.268944263458252,0.9425071978673837
p232_163.wav,479,9.979166666666666,102721,13.957313857010423,7.69853464525985,13.788434018383883,3.314695119857788,0.9559071271399145
p232_164.wav,480,10.0,117120,10.736026596612067,5.38958163814496,10.379975486954283,1.867884874343872,0.8725219091587745
p232_165.wav,480,10.0,82560,12.491325407699964,5.745839110707143,12.26554087936303,1.9315650463104248,0.9449369447031397
p232_167.wav,480,10.0,127680,14.031190240806756,8.55896879593887,13.85617233441195,3.0183279514312744,0.9924441124068035
p232_169.wav,480,10.0,161280,12.84153612349455,7.5099659306710205,12.613708445527301,2.5468990802764893,0.9818387299576025
p232_170.wav,479,9.979166666666666,99361,4.133905755993829,1.602244440541542,2.0271403262640586,1.3631703853607178,0.6138213934597373
p232_171.wav,479,9.979166666666666,95521,13.465264626598461,6.353874998473433,13.267088754859422,2.316521644592285,0.899590741173091
p232_172.wav,479,9.979166666666666,95521,15.171772886531123,7.90488893839925,15.039428961494961,3.7944345474243164,0.9770332205043855
p232_173.wav,480,10.0,101760,11.214056311031129,4.93792539977602,10.89440129705215,2.0622684955596924,0.8978995223374703
p232_174.wav,479,9.979166666666666,102241,2.696264145278768,0.5458412869142311,-0.6361067547734185,1.2879102230072021,0.670534935507405
p232_175.wav,480,10.0,148800,15.194077638097879,9.68639387897181,15.061722132106155,3.0226032733917236,0.9941033617185407
p232_176.wav,480,10.0,132000,11.959292379462493,5.981890856194223,11.67483528387926,2.1137166023254395,0.9200281392273264
p232_177.wav,479,9.979166666666666,105601,10.010959571517708,2.332121886047975,9.567994588688297,1.698394536972046,0.8344182717394258
p232_178.wav,480,10.0,95040,8.587542720668491,3.166325733685535,7.987961679461857,1.3846880197525024,0.8247553617778542
p232_179.wav,480,10.0,164160,14.440488008038423,9.046766412498403,14.29561496877579,2.3629276752471924,0.9595742478142206
p232_180.wav,480,10.0,154560,13.39350779459542,7.67012078076463,13.191537582557213,2.7276718616485596,0.9748972452619974
p232_181.wav,480,10.0,86400,10.106997267497775,1.4652133847068411,9.685975344219269,2.0601871013641357,0.9446801802182107
p232_182.wav,479,9.979166666666666,119521,7.067018102123502,0.8373530580756265,6.220876807045571,1.6088454723358154,0.9125527424909269
p232_183.wav,479,9.979166666666666,102241,15.364793211480636,6.5269361484693,15.236723303466349,3.3196120262145996,0.9588778807575207
p232_184.wav,479,9.979166666666666,101281,14.714876135919297,8.31653988400531,14.57051317204943,2.489414691925049,0.9494731191912918
p232_185.wav,480,10.0,135840,13.722299623045116,7.971272363689437,13.537473920333058,2.7736423015594482,0.9943093488771936
p232_186.wav,480,10.0,90720,9.440746708129522,3.1778202347625566,8.918460669864569,1.6022858619689941,0.8746340851861856
p232_187.wav,479,9.979166666666666,64801,8.067067958720544,1.5256890128551455,7.356290685561282,1.544694185256958,0.6646684489652148
p232_188.wav,479,9.979166666666666,182401,14.09086964313467,7.514165382815914,13.918308281252866,2.795928716659546,0.9350509336396756
p232_189.wav,479,9.979166666666666,121441,4.901118107465005,2.1259776080698503,3.2267103014200376,1.3885619640350342,0.7505667804443054
p232_190.wav,480,10.0,92640,7.544167974775227,1.5451274312430063,6.72447856555379,1.5299127101898193,0.9611389326234004
p232_191.wav,480,10.0,90720,14.413118093772308,6.680216237773862,14.254574206600914,2.6412875652313232,0.9367089663581901
p232_193.wav,480,10.0,114720,13.168481187905659,7.840628081206205,12.95514114718644,2.431185245513916,0.9515981607693093
p232_194.wav,480,10.0,163680,10.396247757821504,6.198021324582601,10.006348495756221,2.6241509914398193,0.9749273285227792
p232_195.wav,480,10.0,111360,7.321163004588964,4.365938126321808,6.4452085251947855,2.00144362449646,0.8780819003204273
p232_196.wav,480,10.0,106080,12.523065293903194,5.8776054375916456,12.29444235236577,2.164496898651123,0.9568669517846567
p232_197.wav,479,9.979166666666666,180481,13.37274752342746,7.561993970757801,13.17679400202297,2.7355291843414307,0.980946811455003
p232_198.wav,480,10.0,110880,9.585876692047501,2.6031251521558145,9.096682289908747,1.7550311088562012,0.9639248504495802
p232_199.wav,480,10.0,113760,8.275211747947044,1.9831148515906623,7.57962136299784,1.4598991870880127,0.9191274980562982
p232_200.wav,480,10.0,167520,15.03621986028813,8.920825016119808,14.89793199386553,2.8909308910369873,0.9847758951486627
p232_201.wav,480,10.0,128640,14.003271694785848,7.681406380313547,13.82704060171453,2.499201774597168,0.9808295674681378
p232_202.wav,480,10.0,144000,12.031693254682025,6.862960865215227,11.7604800100726,1.9030832052230835,0.9227956031111558
p232_203.wav,480,10.0,95520,7.528792687159348,1.2236499183863427,6.825651478986789,1.3979158401489258,0.8919287926839701
p232_204.wav,480,10.0,162240,17.078338886975907,10.660040111838299,16.992603268659753,3.866112470626831,0.9982261122926229
p232_205.wav,480,10.0,87360,15.02628260837713,7.993517224794277,14.888650133710504,2.4909706115722656,0.9202588319970335
p232_206.wav,480,10.0,128640,13.760861539388635,8.214540001231024,13.581269311822089,2.7724170684814453,0.8962931727041594
p232_207.wav,479,9.979166666666666,74881,11.213035754823025,5.081326107751179,10.907779600507745,2.0054609775543213,0.8476938420192589
p232_208.wav,480,10.0,63360,12.560307904065473,6.6392049205989405,12.339306715114562,1.5925348997116089,0.67324095534381
p232_209.wav,480,10.0,67680,13.11490826195806,6.70048315489947,12.898080375902829,2.831921100616455,0.7758184363264313
p232_210.wav,480,10.0,72000,12.299124563982716,5.157863471266364,12.053753863119761,2.2768447399139404,0.9695485649930367
p232_211.wav,479,9.979166666666666,66241,9.076217674190119,2.2597350945952055,8.503529851201105,1.6139049530029297,0.8163365164381743
p232_213.wav,480,10.0,112800,15.083349081856987,6.60204176427879,14.946509192296919,3.145390272140503,0.9491611596697163
p232_214.wav,479,9.979166666666666,91681,12.985997199784421,5.952955325653761,12.774643352233916,1.7685871124267578,0.9576626237674054
p232_215.wav,480,10.0,108480,15.637035597700706,6.721857504232388,15.517316409332052,3.054741621017456,0.9954772812913651
p232_216.wav,480,10.0,143040,10.12066339372172,4.804591389853435,9.745688988080932,2.3962976932525635,0.9797727961158019
p232_217.wav,480,10.0,72480,11.879185902773761,6.15074188097844,11.599410560964468,1.8865925073623657,0.771407227424351
p232_218.wav,480,10.0,101280,13.140960371436485,7.643512040211739,12.925455171214889,2.2180142402648926,0.9152730476415449
p232_219.wav,480,10.0,164640,10.8043649653657,6.411814606921121,10.460049692582247,2.2805843353271484,0.9468828585846505
p232_220.wav,480,10.0,174720,9.011147155851107,4.9313992459336315,8.466795216971446,1.619526982307434,0.9192202096597625
p232_221.wav,480,10.0,157920,14.760617286471172,9.016199506878422,14.660508538607068,2.565918445587158,0.9879694045481336
p232_223.wav,479,9.979166666666666,119521,11.758919054901963,4.405994332724308,11.50373819814269,2.3880577087402344,0.8949094212156952
p232_224.wav,480,10.0,97920,10.238074308651967,3.4484970762714053,9.807075007899543,1.6416692733764648,0.9094243354836009
p232_225.wav,480,10.0,79200,3.9467881851061204,-0.3843404035218514,1.771910628650626,1.2917333841323853,0.7565265937438361
p232_226.wav,480,10.0,109920,14.246196877647959,8.392137237924635,14.079733416333308,2.69819974899292,0.9062940467324005
p232_227.wav,480,10.0,154560,15.746291328376056,9.294596357755934,15.62933054634118,2.986130475997925,0.9962725380110101
p232_228.wav,479,9.979166666666666,78721,14.678021519332138,5.46200382290942,14.528719000999768,2.495131254196167,0.9259972262966869
p232_229.wav,480,10.0,88800,12.832188513933318,6.295444940115221,12.614295013840307,2.686826705932617,0.9658106211579063
p232_230.wav,480,10.0,89280,10.56951914117053,6.239481965163608,10.215130453496737,1.8860009908676147,0.8234027804491026
p232_231.wav,480,10.0,104160,13.84585405805552,6.713672411722892,13.663909900121475,2.6337966918945312,0.9948324001447247
p232_232.wav,479,9.979166666666666,204481,11.412474507204388,5.365170565329859,11.094611267977115,2.0870819091796875,0.968014046093866
p232_234.wav,480,10.0,75360,7.808959015908478,2.34405336389425,7.045442564975845,1.5343117713928223,0.6967715363150243
p232_235.wav,480,10.0,188640,15.574489246276572,9.890092995077515,15.455178905143699,3.3315746784210205,0.9966753396886189
p232_236.wav,479,9.979166666666666,73921,1.608636441846126,0.9204158226299631,-1.1445731455235533,1.3810770511627197,0.5955647099724474
p232_237.wav,480,10.0,134400,12.823329954615673,7.74296135997955,12.638934222314738,2.753225564956665,0.9901621503364567
p232_238.wav,479,9.979166666666666,111841,12.257266383589114,4.7004005817802925,12.045726227954308,3.328535556793213,0.995831942122909
p232_239.wav,480,10.0,88320,14.724625831435558,7.641799433601503,14.594562641635036,2.5940001010894775,0.990857933170317
p232_240.wav,480,10.0,157440,12.611113396463288,8.180143688192189,12.366421257688245,2.2176225185394287,0.9652260030094751
p232_241.wav,480,10.0,71520,10.691006881906466,3.45359230091641,10.308234164196703,1.8478245735168457,0.80290675286366
p232_242.wav,479,9.979166666666666,81601,7.897195741842302,1.3624844513401952,7.145665290771785,1.495391845703125,0.7687315619049404
p232_243.wav,479,9.979166666666666,90721,14.556589925767234,6.487936712499431,14.431692252734415,2.8972883224487305,0.9842325235708766
p232_244.wav,480,10.0,156480,3.3894807552643407,4.133734674113986,0.7544898583690017,1.4153622388839722,0.7811844976668579
p232_245.wav,479,9.979166666666666,101281,13.608033598373886,5.295286810122156,13.416693460373498,2.1502928733825684,0.807733633397466
p232_246.wav,479,9.979166666666666,120481,7.289285430291864,0.602668257756755,6.405103203851109,1.4303922653198242,0.8514821587476097
p232_247.wav,479,9.979166666666666,82561,17.542027711386208,7.6907535406389975,17.465238487213497,3.5274031162261963,0.9522952082875995
p232_248.wav,480,10.0,159840,14.140402831876397,9.402037622311335,13.973218786210705,3.174414873123169,0.9480303901975743
p232_249.wav,480,10.0,137280,15.058977481762224,7.489716936490163,14.922355520782002,2.4001572132110596,0.9956221957043672
p232_250.wav,480,10.0,134400,12.550981967529166,7.113897266221519,12.321117104601292,2.651578426361084,0.937840205247297
p232_251.wav,480,10.0,158880,14.53508144692645,9.094555142408693,14.382441084079442,2.781172275543213,0.9443107040425454
p232_252.wav,479,9.979166666666666,141601,12.309787546620095,6.816665270985498,12.05047925294423,2.2228355407714844,0.9366928731632299
p232_253.wav,479,9.979166666666666,144001,10.726406512314224,5.665087998679827,10.346554014399839,2.3520348072052,0.9164853720997262
p232_254.wav,480,10.0,135360,9.092102751137022,4.881034720075079,8.570733444444285,2.1186420917510986,0.9293487863954241
p232_255.wav,479,9.979166666666666,131041,14.019702178305412,6.7739016735374715,13.85193146025243,2.3923890590667725,0.9540296912079698
p232_256.wav,480,10.0,96000,5.009997746956135,5.885638824055632,3.3929380177177353,1.394887089729309,0.7219126758659395
p232_257.wav,480,10.0,82560,11.365399660038953,3.7369140014306153,11.057198454455015,2.3373677730560303,0.9902831648289822
p232_258.wav,480,10.0,131040,8.21769396994097,3.7012969947067043,7.686830081495845,1.686095952987671,0.9303002289532879
p232_259.wav,480,10.0,186240,16.05848500038438,9.719985555226003,15.950685424777102,2.9375956058502197,0.9931223971048107
p232_260.wav,480,10.0,135840,12.567287609273718,6.39430489614036,12.335296881466595,2.2218077182769775,0.9829304687377458
p232_261.wav,480,10.0,151680,10.33146313349164,5.645255681285909,9.91122681090677,1.750228762626648,0.8727292169089219
p232_263.wav,479,9.979166666666666,139201,8.28968913871868,2.874031945785243,7.592879802851265,1.4073164463043213,0.8357582315366813
p232_264.wav,480,10.0,150720,14.793513455719747,9.306073494369834,14.649085677935235,3.0249850749969482,0.9939070621861003
p232_265.wav,480,10.0,89280,13.139003964172426,5.403967692163103,12.946925137776105,1.9642603397369385,0.8996592696228252
p232_266.wav,480,10.0,110880,12.821488915097895,6.992398738000068,12.590776168073301,2.168726921081543,0.9272967519565652
p232_267.wav,480,10.0,158880,6.054885087608927,2.490157094222631,5.1793072919729894,1.3280701637268066,0.8648901130798348
p232_268.wav,480,10.0,101280,15.576312219853692,8.533722653161478,15.455804588381143,2.3750035762786865,0.8304031254608508
p232_269.wav,479,9.979166666666666,140641,14.442023069265124,9.231365494183308,14.283223041969002,3.100290536880493,0.9600566615817221
p232_270.wav,480,10.0,143520,13.599782368952098,8.629172469533318,13.412727842676674,2.4455440044403076,0.9176792518224227
p232_271.wav,480,10.0,142080,11.93714231836167,6.657870375529697,11.667723303399844,2.164578437805176,0.9300317625875716
p232_272.wav,479,9.979166666666666,98401,14.723125145995938,9.448653124030518,14.575892344609109,2.4488675594329834,0.8607040427124457
p232_273.wav,480,10.0,121440,4.215636325808962,3.9200805738627773,2.3132673189810333,1.4896161556243896,0.8363550313863731
p232_274.wav,480,10.0,143520,11.602895316571116,7.1737243303205505,11.292203717669032,2.367218017578125,0.9275540834280966
p232_275.wav,479,9.979166666666666,146401,6.252910584712791,3.1580702883313347,5.08046664607164,1.5621469020843506,0.9251735532620967
p232_276.wav,479,9.979166666666666,124801,15.294091538090772,8.986441365047767,15.16410939308402,3.2323250770568848,0.9880876216865333
p232_277.wav,480,10.0,144960,13.000993563867187,7.315376848255635,12.789699535835439,2.6899023056030273,0.9327917563819063
p232_278.wav,479,9.979166666666666,117121,13.904750692624715,5.7009900188206535,13.743427502925716,2.8715808391571045,0.9563598030581032
p232_279.wav,479,9.979166666666666,109921,4.891906469869535,1.4451375763129457,3.1966717844160284,1.403433918952942,0.7253062213896141
p232_280.wav,480,10.0,145920,13.895619542361695,7.545312351505539,13.75174509405316,2.2902920246124268,0.9043318101905792
p232_281.wav,479,9.979166666666666,87361,10.670247302590452,3.59406477327757,10.320190157072314,1.4500107765197754,0.7541160349324844
p232_282.wav,480,10.0,170880,11.516033036629965,7.60083984379902,11.215809866685971,2.1991231441497803,0.941736333299608
p232_283.wav,480,10.0,85440,6.93236030299901,1.0126309440292243,5.9533175638163875,1.5352685451507568,0.790931957661534
p232_284.wav,479,9.979166666666666,124321,13.784040475299644,6.165815710820765,13.769317247852657,2.398826837539673,0.9845538871853505
p232_285.wav,479,9.979166666666666,103681,14.356219256114214,6.230926190315967,14.270888866630266,2.5614936351776123,0.9368768220923315
p232_286.wav,479,9.979166666666666,107041,8.058574980391802,3.4344407204715295,7.343298752872095,1.47739839553833,0.8303987916137906
p232_287.wav,480,10.0,102240,7.059016748362447,0.9050334656730505,6.112148372263801,1.7011927366256714,0.8758417894215936
p232_288.wav,480,10.0,79200,16.141496995362456,7.675540065839493,16.03461392126277,2.8699584007263184,0.9351938077444768
p232_289.wav,480,10.0,156000,15.840526979781458,9.005333947481768,15.726307016535825,3.0148017406463623,0.9978075901104934
p232_290.wav,480,10.0,88800,15.710773916882328,5.917210937212469,15.592712273250587,3.552501678466797,0.9957714603974611
p232_291.wav,480,10.0,108480,13.18589903725753,6.112880582186915,12.986467894456649,2.6721551418304443,0.9949271386717906
p232_292.wav,480,10.0,118560,15.460340006958646,6.863471556426681,15.335207072402925,2.887261152267456,0.9963367244541502
p232_293.wav,480,10.0,162720,11.825444448172357,7.244851061047161,11.540522982354064,1.983232021331787,0.938448816785696
p232_294.wav,480,10.0,166080,9.44790507975061,5.192017419171391,8.927891712136892,1.8439993858337402,0.8643198178973759
p232_295.wav,479,9.979166666666666,146401,9.329302473709074,4.9141062150223185,8.826274904911859,1.6399749517440796,0.8874551344274081
p232_296.wav,479,9.979166666666666,103201,14.394618404704488,7.912710325838369,14.2338716408306,2.866525173187256,0.939698948355896
p232_297.wav,480,10.0,102720,13.797163985853967,7.639345539137634,13.613036168622417,3.0005667209625244,0.9063782480137039
p232_298.wav,480,10.0,75840,10.124606418209234,3.625466926260496,9.694475198783456,1.8796577453613281,0.9196272655162149
p232_299.wav,480,10.0,80160,10.81422767140509,4.422839954280891,10.438951259433578,2.733286142349243,0.916027366219429
p232_300.wav,480,10.0,72480,12.148120083342885,5.2034420815484514,12.022008913499029,2.377472400665283,0.8725774639380546
p232_301.wav,480,10.0,113280,13.589792222064222,6.149888470450235,13.406539706172207,1.884667158126831,0.9373939078236478
p232_302.wav,480,10.0,80160,6.992096622783787,2.555182007105694,6.038426770459577,1.33173668384552,0.6076860705128081
p232_303.wav,480,10.0,175200,3.043356616463439,2.014408478216286,0.09666350204733984,1.2903149127960205,0.7209042522942696
p232_305.wav,479,9.979166666666666,68641,15.741194044977856,4.194919720488503,15.650623272242324,3.233955144882202,0.9408442479868007
p232_306.wav,479,9.979166666666666,84961,13.043332305463071,5.227747619868152,12.958101451727526,1.7622861862182617,0.8716220328065205
p232_307.wav,479,9.979166666666666,186721,11.948483865500435,4.769542023104103,11.670624510019021,1.934258222579956,0.9520341802378031
p232_308.wav,479,9.979166666666666,98401,8.074179792115402,0.13915480799331575,7.3588625822157026,1.5547354221343994,0.8453209880258438
p232_309.wav,479,9.979166666666666,117601,15.798645438198802,9.887144317228078,15.684586607050868,2.761776924133301,0.8928526465114076
p232_310.wav,480,10.0,68640,14.513185878384933,6.515440842831096,14.358496709379022,1.8570513725280762,0.7497410163067452
p232_311.wav,480,10.0,96000,13.702702925332407,6.549010644501927,13.517983627586068,2.419569253921509,0.9354389660890231
p232_312.wav,480,10.0,132000,12.504808964881331,7.738633570221309,12.261783719736174,2.8224308490753174,0.9681790168160826
p232_313.wav,479,9.979166666666666,100801,15.001858827032784,7.616860413080853,14.862585612648731,2.245880126953125,0.9265842816396382
p232_314.wav,480,10.0,84000,13.046996382843512,6.088082316722205,12.828535043365134,1.8344855308532715,0.8791131781750204
p232_315.wav,480,10.0,72480,13.025729654051526,5.811535589917939,12.812143133147991,1.8188908100128174,0.8345389036311951
p232_316.wav,480,10.0,77280,8.371824196292009,2.9490490188280094,7.729068112871513,1.1958248615264893,0.7254961385465232
p232_317.wav,479,9.979166666666666,114241,15.352201218264058,7.506934773271745,15.228979645915409,2.6183969974517822,0.9576072219718059
p232_318.wav,479,9.979166666666666,113761,13.8926289250083,7.678439442734897,13.711829742040065,2.989201545715332,0.9932942608163706
p232_319.wav,480,10.0,117600,12.24744029000818,7.8204333966567265,12.005074271045121,2.636002540588379,0.9526758360418757
p232_320.wav,479,9.979166666666666,94081,10.919351613941908,5.676498554809123,10.63270530454968,2.454137086868286,0.9230391918646869
p232_321.wav,480,10.0,121440,15.321279838634894,8.779179683035132,15.192570167608842,2.7160751819610596,0.9895449997768399
p232_322.wav,480,10.0,126720,13.926502217641335,6.742126858164315,13.747121013657642,2.1726183891296387,0.9022345774120235
p232_323.wav,479,9.979166666666666,100801,9.56278333389643,3.344376946752891,9.063274257992237,1.484816074371338,0.9224187171350432
p232_324.wav,480,10.0,121440,8.394709885296352,3.0440903691790098,7.715876458759906,1.4588183164596558,0.8905998285112994
p232_325.wav,480,10.0,83040,12.977515045346689,5.267854524512465,12.858110987232509,1.9290509223937988,0.9532815750383913
p232_326.wav,479,9.979166666666666,78241,12.217618581001751,4.9879826188535965,11.96629491321441,1.7032570838928223,0.768361210119714
p232_327.wav,479,9.979166666666666,113281,9.901106262369629,4.5476893700835905,9.514318550257439,1.641127586364746,0.950884345675115
p232_328.wav,479,9.979166666666666,126241,7.966856076336154,2.156777112939034,7.212278667615671,1.7337427139282227,0.8728868493864834
p232_329.wav,480,10.0,94560,15.283178053907418,7.56799707908347,15.155372062493013,3.126742124557495,0.9969925565560085
p232_330.wav,479,9.979166666666666,105121,15.018078887499968,6.350977172648445,14.87941824016331,2.256972312927246,0.9349740708308187
p232_331.wav,480,10.0,108960,16.019121491306073,9.33414170037079,15.909175711970478,3.4366698265075684,0.964781400911336
p232_332.wav,480,10.0,101760,12.60775175148092,5.943735262333941,12.374921361862922,2.8811726570129395,0.992958031841559
p232_333.wav,479,9.979166666666666,94561,13.876585449726607,5.997398466413676,13.703538388965388,2.320556879043579,0.8937254963303084
p232_334.wav,480,10.0,146880,13.493104018770847,7.685146861435365,13.295566817318974,2.800011396408081,0.9905221211019861
p232_335.wav,480,10.0,99360,11.275311017743855,4.32564295342157,10.939679351968525,1.85675048828125,0.8779913241455746
p232_336.wav,480,10.0,138720,7.5347415421233634,2.6857730016768016,6.753353496253275,1.583743929862976,0.8576161129463373
p232_337.wav,479,9.979166666666666,135841,14.84878964156654,9.167497949106227,14.70449684590623,3.287771701812744,0.9927678705357762
p232_338.wav,480,10.0,109920,13.331147978618061,7.475233952965878,13.127223830070246,2.6418585777282715,0.9950168771376082
p232_339.wav,480,10.0,93120,13.00988621971287,4.815102547752826,12.831950779556724,2.9864444732666016,0.9972860037043342
p232_340.wav,479,9.979166666666666,68161,9.631654575180331,3.3406661117009255,9.213409330810341,2.430349349975586,0.9581697320830369
p232_341.wav,479,9.979166666666666,123841,14.192071546546432,6.478498062553846,14.02649300945926,2.086475372314453,0.9684682544793907
p232_342.wav,480,10.0,124800,11.720105449945503,6.9692065687485885,11.431946353965136,1.8269026279449463,0.9128712720574402
p232_343.wav,480,10.0,185280,11.650065997454899,5.274711207963733,11.34458228185418,1.879732608795166,0.9204661087167486
p232_344.wav,480,10.0,74880,7.180448353579977,1.431681478276365,6.31002280099189,1.40738844871521,0.8379950263757479
p232_346.wav,480,10.0,92640,14.906817661484315,7.062759828823735,14.766522007244998,2.3494138717651367,0.8888465241856321
p232_347.wav,480,10.0,156960,13.786857749371606,6.785355706128218,13.60451490908451,2.2457613945007324,0.9876100837217537
p232_348.wav,480,10.0,130560,8.652352188865144,4.2808055493220145,8.018172222595032,1.7886735200881958,0.9225302034412908
p232_349.wav,479,9.979166666666666,126241,8.553718052599312,3.317692679848959,7.908528438798848,1.5171611309051514,0.9131537847886126
p232_350.wav,480,10.0,132000,16.29571365800225,8.33821185417153,16.19894808863373,3.2729172706604004,0.9272479173535529
p232_351.wav,480,10.0,88800,14.108345990393358,6.596176085533403,13.938515063272556,2.9299559593200684,0.9656537243365463
p232_352.wav,480,10.0,87360,14.684251368405079,6.631937920665552,14.535115956942754,2.7083358764648438,0.9946596820796033
p232_353.wav,480,10.0,114720,12.43409061400541,5.807676210749224,12.194592700706671,2.6721508502960205,0.9941875640576224
p232_354.wav,479,9.979166666666666,79681,0.09284052241388122,-0.8125706579457574,-13.730049458310202,1.0888919830322266,0.13017427696693992
p232_355.wav,480,10.0,147840,13.411283172245072,9.265954733356718,13.209839854351515,3.0138609409332275,0.9748084342379667
p232_356.wav,480,10.0,141120,11.211010552644098,6.291094144567897,10.885024371325434,2.104566812515259,0.9301746227832748
p232_357.wav,479,9.979166666666666,105121,9.74242744928399,4.917554498136204,9.378646958863952,2.189682960510254,0.9663690608020833
p232_358.wav,480,10.0,82080,15.480508307270116,7.788734617356722,15.35790122840492,2.047805070877075,0.8399097781577646
p232_359.wav,480,10.0,69600,13.778945194214124,6.890662976016745,13.598740744275972,2.147003412246704,0.6819696556648729
p232_360.wav,480,10.0,130080,11.822987334916109,6.794246280379402,11.530022597990122,2.212097406387329,0.9134280907662404
p232_361.wav,480,10.0,91680,12.125519361452877,4.410909893598269,11.862291335401196,2.2653374671936035,0.9889923408274005
p232_362.wav,480,10.0,136800,14.907986796942597,9.141120350151782,14.769807320737204,3.022599935531616,0.9904433736027808
p232_363.wav,479,9.979166666666666,158401,13.550349065583857,6.931279104192541,13.364215043522275,2.555492877960205,0.9821154461554564
p232_364.wav,479,9.979166666666666,117601,11.731816235171957,6.404547502637192,11.431867207569057,2.5718836784362793,0.9690081439780042
p232_365.wav,479,9.979166666666666,105601,3.7208694478339934,1.9234234676580055,1.3438089635458659,1.409196376800537,0.5935072164267384
p232_366.wav,480,10.0,93600,14.441731015774291,7.7501702072203225,14.31787007983192,2.7006449699401855,0.9919325989600973
p232_367.wav,480,10.0,86400,14.07433589481725,7.149048355644121,13.912590123788117,2.337862014770508,0.8463361384027056
p232_368.wav,479,9.979166666666666,94081,12.363981091430976,6.291292803801276,12.105857592764586,2.3813228607177734,0.8375580297241045
p232_369.wav,480,10.0,155040,9.504482261367205,5.393426020668372,9.003432998938594,2.147218942642212,0.9649246989425513
p232_370.wav,480,10.0,76320,15.144551762937207,8.350103835550902,15.01005313439969,3.3834190368652344,0.9649061096833214
p232_371.wav,480,10.0,87360,15.527344509165719,8.24662812470361,15.404292773424402,3.38779354095459,0.9972735166189305
p232_372.wav,480,10.0,160800,13.166464029094122,7.169289445219748,12.959157630558515,2.2607414722442627,0.8928873030998539
p232_373.wav,480,10.0,155040,12.165000454454198,7.995767908902103,11.90577693612584,3.033416748046875,0.9941110244727585
p232_374.wav,479,9.979166666666666,138721,14.559864134281248,7.3255417212631,14.410724303853561,2.686915874481201,0.9910978364891051
p232_375.wav,480,10.0,121440,13.338453061241484,6.896736434439857,13.133637582537789,2.4848856925964355,0.9821833190395665
p232_377.wav,479,9.979166666666666,141121,12.39820380509434,6.4434552904191085,12.14089769375736,2.473513126373291,0.9823812503196063
p232_378.wav,479,9.979166666666666,169441,9.469203588426119,5.054044334233988,8.967811537684746,1.9854832887649536,0.9675288718761101
p232_379.wav,480,10.0,126240,11.889433905253137,8.199321562388217,11.599179901529787,2.4754526615142822,0.9432348770307937
p232_380.wav,480,10.0,134400,14.145176674529809,8.726875086625146,13.976008133535945,2.5422346591949463,0.9620519699555383
p232_381.wav,479,9.979166666666666,96481,4.536139823938419,3.4656496836340978,2.653285106714433,1.5298689603805542,0.7877160895149454
p232_382.wav,480,10.0,89760,10.587297669159842,5.277230126092663,10.23879994413578,2.5510213375091553,0.8704728898451374
p232_383.wav,480,10.0,79200,15.543195227809928,6.307557081581521,15.433916618646391,2.021578550338745,0.9862184957914368
p232_384.wav,480,10.0,83040,11.780965990353561,5.026076915496879,11.495563626279042,1.8430598974227905,0.8036495998131906
p232_385.wav,480,10.0,143040,12.003094235048529,6.287097557591247,11.720862480524964,2.2683539390563965,0.8864793777424461
p232_386.wav,480,10.0,106560,4.405560158710299,0.18955421905383296,2.4674313941251453,1.283052921295166,0.7007676006872161
p232_387.wav,479,9.979166666666666,143041,14.517350608614091,8.116926885121481,14.364073738578309,3.1210854053497314,0.9878073758699801
p232_388.wav,479,9.979166666666666,120481,12.423483658566548,6.340207926851531,12.176686417121873,1.669732928276062,0.8708868573223829
p232_389.wav,479,9.979166666666666,99841,13.33681425652593,6.109099167500821,13.131544172700666,1.8293399810791016,0.9502705076596254
p232_390.wav,480,10.0,87360,8.752616793034752,2.2150336874864083,8.138776699120013,1.6123722791671753,0.8857795999175372
p232_391.wav,480,10.0,86400,15.01640995393949,7.213800821138565,14.877856720142873,2.547072410583496,0.9638042242354984
p232_392.wav,479,9.979166666666666,153601,15.107050151895386,9.21052359695999,14.972626509912585,2.8159666061401367,0.9160107837291512
p232_393.wav,480,10.0,156000,14.618266852516658,8.31795838684042,14.469491905259842,3.136542797088623,0.9975783484070488
p232_394.wav,480,10.0,151680,13.58779562129425,8.401010530528026,13.396443962659708,2.9768855571746826,0.995399072671545
p232_396.wav,479,9.979166666666666,87361,13.906425849988098,7.343765362498894,13.735886180173914,2.0318546295166016,0.8999287635834068
p232_397.wav,479,9.979166666666666,145441,14.212048986569798,7.852509550056913,14.04467492483809,3.0040249824523926,0.9940526867598706
p232_398.wav,480,10.0,141600,11.777304750352268,6.7009844202501325,11.487095618356484,2.4056236743927,0.9702628800544184
p232_399.wav,479,9.979166666666666,106561,9.648393302867209,4.361317005627596,9.16717679370255,2.034105062484741,0.8927341573661606
p232_400.wav,480,10.0,127680,15.807969266116242,9.340537581074814,15.692915053008512,2.5514299869537354,0.9968590352897821
p232_402.wav,480,10.0,84480,10.483618034315858,4.096232209834134,10.094201415590176,2.0622410774230957,0.9334198255271059
p232_403.wav,480,10.0,102240,13.831542373491853,7.451174093230607,13.648208999716122,2.3505489826202393,0.9082133133018326
p232_404.wav,480,10.0,118080,14.76531583986173,6.600536485575894,14.61894477364362,2.591193437576294,0.9911235188700456
p232_405.wav,480,10.0,120960,12.066677344115899,8.168062918141256,11.802989274858511,2.66636061668396,0.9578491071239023
p232_407.wav,480,10.0,70080,7.605606493150403,0.6600832456931721,6.784621624685885,1.3280560970306396,0.7807990417948201
p232_409.wav,480,10.0,195360,9.44971788176469,4.280697736317897,8.940997670289029,1.6316473484039307,0.8855661312131413
p232_410.wav,480,10.0,154080,13.957773706538612,8.783794422438444,13.783026428252684,2.1127469539642334,0.9390742399046252
p232_411.wav,480,10.0,100320,15.73188582741116,6.6561161907476505,15.614487534603494,2.2836251258850098,0.9717393389735834
p232_412.wav,480,10.0,159840,13.696554343978812,8.150788405179666,13.509234004610285,2.052725076675415,0.9380544427982144
p232_413.wav,480,10.0,107520,16.76858424128145,8.409187223285109,16.677149641032262,3.1108577251434326,0.9980595987891236
p232_414.wav,479,9.979166666666666,82081,10.273682811738729,3.789345966167092,9.875708079304388,1.8631155490875244,0.8025490742630673
p232_415.wav,480,10.0,133440,8.181945245250795,2.6597441168573526,7.4883711791460765,1.5607578754425049,0.8789382890062958
p257_001.wav,480,10.0,105120,10.997902504117313,4.075131250094358,10.639469577080487,1.4311994314193726,0.6174287629280051
p257_002.wav,480,10.0,132000,12.098440991307648,6.91463157825396,11.82221604469695,1.6120476722717285,0.9317837758319859
p257_003.wav,480,10.0,264000,13.137391557808273,7.537719216153403,12.925415779126991,2.187727689743042,0.9517865943323353
p257_004.wav,480,10.0,173280,13.046002707601705,5.618768058725333,12.844688868989705,1.9446663856506348,0.9420608684347851
p257_006.wav,480,10.0,204000,15.531372759879199,10.119970286500461,15.418436016201792,2.2705042362213135,0.9387464652501774
p257_007.wav,480,10.0,161760,13.300389827451994,7.859215682010862,13.104041839725838,1.76576828956604,0.9068928036978002
p257_008.wav,480,10.0,266880,11.291388323187952,7.02499630906862,10.964991638848929,1.5815937519073486,0.9107508376167578
p257_009.wav,479,9.979166666666666,164641,6.023112157752149,3.874091893550645,4.816927881633302,1.2326154708862305,0.8093859587650649
p257_010.wav,479,9.979166666666666,112321,16.669672930052126,8.099103485196718,16.578001062187205,2.1366465091705322,0.9417203695355175
p257_011.wav,480,10.0,243840,15.053211238096049,9.524434907433486,14.915980365102211,2.2488832473754883,0.9443839048356097
p257_012.wav,480,10.0,164640,14.816902165739334,8.734992331080925,14.680490570477417,1.7966338396072388,0.92986771509289
p257_013.wav,480,10.0,149280,9.573117201118354,4.787556306062567,9.06600282682763,1.1654534339904785,0.8965998927708029
p257_014.wav,480,10.0,176160,16.03917586849722,10.212506678598668,15.93215391531624,2.3893613815307617,0.9320958109824105
p257_015.wav,480,10.0,224160,15.977909220379981,10.765942359617883,15.866878203702612,2.843498706817627,0.9279533500834709
p257_016.wav,480,10.0,255360,12.974472461059325,8.88021351825867,12.75102750711088,2.1450788974761963,0.9544071471029227
p257_017.wav,479,9.979166666666666,136801,14.189226933650776,7.447400038951506,14.02182476411052,1.784712553024292,0.928129070819512
p257_018.wav,480,10.0,210720,15.593882960053115,10.314617474885752,15.47827800819379,3.0414466857910156,0.9552646485385803
p257_019.wav,480,10.0,264000,14.51469278824157,9.719261102146918,14.359923837733394,1.965433955192566,0.9648710801146198
p257_020.wav,479,9.979166666666666,162721,14.231776491329294,7.445405931320111,14.066605900457567,1.7665657997131348,0.922824424969473
p257_022.wav,480,10.0,231840,14.42114983462638,8.424879072884043,14.266265930413118,2.0185060501098633,0.9348011864479391
p257_023.wav,480,10.0,393120,15.556930913911282,10.793010421870273,15.434458570443558,2.3915674686431885,0.9603669055479104
p257_024.wav,480,10.0,223680,15.598202034058712,11.315313993657963,15.478557016923538,3.458893060684204,0.9852388028131964
p257_025.wav,479,9.979166666666666,130561,15.440772173600566,7.382107258807306,15.316378332424678,2.2252695560455322,0.9397323108187977
p257_026.wav,479,9.979166666666666,83041,12.106023325742745,3.868098632070102,11.831763662469912,1.6680026054382324,0.8948254352700709
p257_027.wav,480,10.0,143520,14.754077505817998,8.804731895328558,14.60650782501804,1.7810254096984863,0.9219766738722316
p257_028.wav,479,9.979166666666666,86881,11.017521815894725,4.8647642965764195,10.713528380742721,1.3710218667984009,0.7850251651361537
p257_029.wav,480,10.0,100800,12.001271260448059,4.084634006937978,11.72659027741455,1.841518521308899,0.8428769343077016
p257_030.wav,480,10.0,137760,13.045326094726741,6.294912203205727,12.829839526410565,1.24079167842865,0.8946026560603347
p257_031.wav,480,10.0,61920,11.300616282938714,4.834789488946396,11.042773036869484,1.8179198503494263,0.7452485194025683
p257_032.wav,480,10.0,144000,13.706151295676076,5.376397205942754,13.517261061715795,1.8431605100631714,0.9276699148313972
p257_033.wav,480,10.0,83040,10.645657677165241,3.059819717245761,10.271751197792492,1.6709530353546143,0.8765177445578265
p257_034.wav,480,10.0,90720,10.304901330479838,3.928592908258163,9.918768400552905,1.7372043132781982,0.875435725975126
p257_035.wav,480,10.0,156480,15.271450602046603,8.950730236423743,15.141913534720183,2.306778907775879,0.9733765530861903
p257_036.wav,480,10.0,84480,15.288287022373577,5.629527400743648,15.157995029067507,1.6309746503829956,0.8646940321567963
p257_037.wav,480,10.0,68640,13.71477498564127,5.520535589792205,13.52614385793233,2.335561752319336,0.9424651986606445
p257_038.wav,480,10.0,155520,13.356681475072554,8.160633417243584,13.152066920245275,1.77437162399292,0.9081867962981507
p257_039.wav,480,10.0,126720,15.129265677641373,8.323583265722243,14.99487702858848,1.8210022449493408,0.8985734585690294
p257_040.wav,480,10.0,126720,14.406160421441076,7.117221573462219,14.2494669229885,1.861251711845398,0.913802512154414
p257_041.wav,480,10.0,81120,10.421881750529359,3.970712112327078,10.008790275032887,1.5804040431976318,0.9047685601100774
p257_042.wav,479,9.979166666666666,86881,10.04922553808498,2.7567826894071654,9.643271974075642,1.3942415714263916,0.6547811487083146
p257_043.wav,479,9.979166666666666,98401,15.498705514627993,7.72978269379327,15.380698830518561,1.6157853603363037,0.9010070591998407
p257_044.wav,480,10.0,84960,13.687650640500769,5.527449044749914,13.49881740852046,1.676924705505371,0.8422766020572787
p257_045.wav,480,10.0,76800,15.592776929757102,4.808101386735075,15.471905529161155,2.343174457550049,0.9641859374284554
p257_046.wav,480,10.0,72960,10.563693883030886,4.645882038390182,10.164864041701108,2.3335092067718506,0.8666480739977341
p257_047.wav,480,10.0,128160,14.870488525353524,7.657959558195538,14.726641883978148,1.9277045726776123,0.8935530274326933
p257_048.wav,480,10.0,79680,13.73213731970809,5.827265909293782,13.548711687364577,1.5848528146743774,0.837919367944601
p257_049.wav,480,10.0,149760,12.81635818159698,7.607028047791103,12.602282077057296,1.6354782581329346,0.9070616417295425
p257_050.wav,479,9.979166666666666,91201,9.66308076143511,1.9705284291137213,9.175322753832848,1.1135077476501465,0.7232892434932284
p257_051.wav,480,10.0,138240,14.794947319285034,8.286561675541098,14.650031973245003,2.7342913150787354,0.9904478270669578
p257_052.wav,479,9.979166666666666,96481,14.313154675645773,6.33112252105319,14.2120451058015,1.7777366638183594,0.8777277548868514
p257_053.wav,479,9.979166666666666,120481,11.400437874207869,3.8807060832528046,11.131554353345079,1.2738851308822632,0.9098077039562918
p257_054.wav,480,10.0,102240,3.51284018844308,1.5453194217253001,0.990436672287926,1.129502534866333,0.7379323574526994
p257_055.wav,480,10.0,118560,13.421742532678795,5.927102696138901,13.224850111360166,1.877002239227295,0.8299224661678587
p257_056.wav,480,10.0,69600,16.38051367668364,6.843587556484793,16.290222959379438,1.9271950721740723,0.9015154064775506
p257_057.wav,480,10.0,138720,16.08297496161597,7.879400763642784,15.975274220746847,2.1990504264831543,0.9213909806031038
p257_058.wav,479,9.979166666666666,91201,14.726740675378082,6.150913120000006,14.615362596308998,1.7148258686065674,0.9014251252787732
p257_059.wav,480,10.0,177600,13.281514706086595,8.62077216480224,13.072642482086188,2.216869831085205,0.9567442564166504
p257_060.wav,480,10.0,77280,13.845957141452057,5.932745528774926,13.664245502182508,1.6625773906707764,0.7573757671433101
p257_061.wav,480,10.0,97920,3.3280980113125485,2.055254026248222,0.6722174570521777,1.1875531673431396,0.7220989469456603
p257_062.wav,479,9.979166666666666,115681,13.226465550413069,5.377115259881842,13.043291492055308,1.6796015501022339,0.8775843948672809
p257_063.wav,480,10.0,97440,14.471943471003447,5.887380177553498,14.3298087518264,1.7609009742736816,0.8331252942127683
p257_064.wav,480,10.0,97920,15.731301150029607,5.705183562062489,15.648791234631009,1.7481732368469238,0.8752161732012498
p257_065.wav,479,9.979166666666666,122881,15.473878002226948,7.10754891439285,15.361582597483096,1.4489612579345703,0.9141322996346964
p257_066.wav,480,10.0,129120,14.183293361971254,6.762671967707736,14.016367986457272,1.6706774234771729,0.8779182909671418
p257_067.wav,479,9.979166666666666,83041,14.318081429426542,5.78325309373976,14.172888514888683,1.5046923160552979,0.8205322595636869
p257_068.wav,479,9.979166666666666,94081,13.983425554122162,5.050795974767802,13.817250640128142,1.714967966079712,0.8198037586492551
p257_069.wav,479,9.979166666666666,132481,10.990052894827327,4.038799074739032,10.656373727895934,1.535969853401184,0.8226436333824496
p257_070.wav,480,10.0,113280,8.440919932902743,1.9819944850600995,7.771456452556148,1.20733642578125,0.701605499294573
p257_071.wav,480,10.0,176640,14.117424156739975,7.550314963861076,13.950440415817466,1.820930004119873,0.9173297879290341
p257_072.wav,480,10.0,87360,12.239825918529748,5.52093345471969,11.985033348828438,1.5519651174545288,0.8413001934873986
p257_073.wav,480,10.0,116640,14.115725589610836,6.046868165366749,13.963570249063466,1.9953360557556152,0.9206897800862119
p257_074.wav,480,10.0,81120,6.952155469751134,2.396487394360987,6.030864547964895,1.6455739736557007,0.8816871796041957
p257_075.wav,479,9.979166666666666,93601,17.977231520297792,7.85987736235464,17.908281374391443,2.3093931674957275,0.8907660683390097
p257_076.wav,479,9.979166666666666,81601,16.309433623463118,7.143341613868969,16.211222097536226,2.3065123558044434,0.872369744724435
p257_077.wav,480,10.0,100800,14.66859584453889,6.987247567056316,14.522911843371872,1.8226699829101562,0.8523544732731675
p257_078.wav,480,10.0,151200,14.84557092981252,7.915133472278272,14.705524063333232,1.9001238346099854,0.9443630915116233
p257_079.wav,480,10.0,134400,14.545500530904505,7.920352278735845,14.396705155598553,2.21134090423584,0.9142441314930864
p257_080.wav,480,10.0,166080,15.399771761079071,7.861080439709718,15.275256881301821,2.2127294540405273,0.9417521360383702
p257_081.wav,479,9.979166666666666,92161,11.984847099068226,3.822764273794899,11.74472359023359,1.267582654953003,0.7915997541145676
p257_082.wav,480,10.0,141120,12.651355563562152,5.480390257391275,12.461709622552167,1.6765785217285156,0.8982998265483706
p257_083.wav,480,10.0,105600,13.165595194767876,6.211568703390837,12.951648140411917,1.480027198791504,0.8139483112421427
p257_084.wav,480,10.0,137280,14.201126522538694,7.704057040206997,14.03562686253581,1.8982738256454468,0.9244356901340928
p257_085.wav,480,10.0,120000,13.244838937643301,7.0558493308271695,13.038024465316393,1.586651086807251,0.9236845351899101
p257_086.wav,480,10.0,74400,12.691581796532972,5.244001793983967,12.458088330269579,2.3415846824645996,0.8331892388284342
p257_087.wav,480,10.0,121920,15.355473549174487,6.633497495584983,15.233321757619107,1.7070724964141846,0.8805459168974589
p257_088.wav,480,10.0,157440,13.844285390754724,7.639792957215126,13.66987350530703,1.8493660688400269,0.9073839426270681
p257_089.wav,480,10.0,137280,12.442768598021194,6.307622187419065,12.189953788808669,1.7193683385849,0.8582117205948728
p257_090.wav,480,10.0,89280,8.426634454316114,1.2934126113227633,7.757592749492149,1.286469578742981,0.6406746257336019
p257_091.wav,480,10.0,90720,13.866315724050773,5.2039665808620565,13.68509901221863,1.825998306274414,0.898065942204476
p257_092.wav,479,9.979166666666666,133441,13.19589082080456,3.849169098704749,12.984998333623148,1.5229061841964722,0.6697035756283937
p257_093.wav,480,10.0,78240,11.317260245122538,0.9902845606853217,11.019305093259765,1.5294189453125,0.8572793502223556
p257_094.wav,480,10.0,107520,10.592178405235273,1.8899282780730167,10.1960875903523,1.2286925315856934,0.7262765448550654
p257_095.wav,480,10.0,164160,13.99658253701867,9.118188349069554,13.82126426164809,2.5971810817718506,0.9270594148370678
p257_096.wav,480,10.0,122400,13.739578856854045,5.127500766807157,13.55295124116154,1.8987975120544434,0.8270185637036239
p257_097.wav,479,9.979166666666666,129121,15.473658377667734,6.451686600758243,15.349662780461768,2.156477689743042,0.906404154782555
p257_098.wav,480,10.0,97440,14.77716801492315,4.710657905972423,14.636187278298218,1.8251670598983765,0.7890316081413339
p257_099.wav,480,10.0,129120,15.414185116495187,7.762395976798646,15.303916751660546,1.9581098556518555,0.8981727540543577
p257_100.wav,479,9.979166666666666,69121,14.113414073601945,7.024151443876652,13.960681429224326,1.853056788444519,0.8374043727875796
p257_101.wav,480,10.0,205440,13.829285947880201,7.165425061758652,13.654999567064854,2.239251136779785,0.941630984105902
p257_102.wav,479,9.979166666666666,123361,12.889069100235504,6.1731016602002855,12.70126048230379,1.2741622924804688,0.8390381236470186
p257_103.wav,480,10.0,94560,12.458228240812474,7.01375726308758,12.24174300491941,2.0221619606018066,0.8968722844887573
p257_104.wav,480,10.0,100320,15.139427855687904,8.08581938214767,15.004483814819219,3.416260242462158,0.9309516595097637
p257_105.wav,479,9.979166666666666,93121,14.654261530448203,7.283815634714225,14.507163634815585,2.759012222290039,0.8797315104479958
p257_106.wav,479,9.979166666666666,121921,12.992513919625166,7.000076704624418,12.769866895670122,1.6329517364501953,0.890748502863937
p257_107.wav,480,10.0,90720,13.928951490031235,7.2559659104423995,13.767088881382962,2.013240337371826,0.822859755863263
p257_108.wav,480,10.0,106080,13.89750680316867,5.392261710659786,13.725450106985573,1.314117193222046,0.9087575281812169
p257_109.wav,479,9.979166666666666,100321,10.14312029372931,5.092797317850161,9.740125781491017,1.576833963394165,0.8985752270827816
p257_110.wav,479,9.979166666666666,75361,9.932318734755782,4.278935751037121,9.483270981186873,1.4951646327972412,0.7596902535672372
p257_111.wav,480,10.0,115680,13.365449292987364,5.728810840715916,13.168519839042858,2.046279191970825,0.9197200381214983
p257_112.wav,479,9.979166666666666,101281,12.96750495990629,5.651808900523403,12.751830935541474,1.621415376663208,0.830572620277161
p257_113.wav,480,10.0,80160,9.593315886583195,4.168755673259247,9.100327788573445,1.724034070968628,0.909739673327899
p257_114.wav,479,9.979166666666666,76801,6.290468702217186,0.16828322312015603,5.30090879321622,1.0990746021270752,0.7655818145195806
p257_115.wav,480,10.0,105600,14.192311468253763,7.318345704240202,14.033934300597942,2.2623231410980225,0.926497701217496
p257_116.wav,480,10.0,157920,15.884579015800869,9.02980366793011,15.786391730944217,2.1445960998535156,0.9400134294286945
p257_117.wav,480,10.0,106080,14.410037702287484,7.22131544433869,14.250176624001547,1.6110196113586426,0.8849524275055775
p257_118.wav,480,10.0,168000,15.00253013225751,8.813901775266947,14.863225837719359,2.1253879070281982,0.9648587621306961
p257_119.wav,480,10.0,93120,14.1619731287569,5.801231204562981,13.993109321926596,2.053450107574463,0.7836229003353459
p257_120.wav,480,10.0,66720,12.715731497084168,4.875994332143737,12.488265471805542,1.2509186267852783,0.7821152346033495
p257_121.wav,480,10.0,157440,13.898929916990282,7.182373477926047,13.72812432375749,1.9689412117004395,0.9083464593376979
p257_122.wav,479,9.979166666666666,69601,11.006073350025456,2.3291380695580073,10.648424137187511,1.306044578552246,0.8159777156192072
p257_123.wav,480,10.0,105120,15.527625725147642,7.775427707316339,15.404436268566059,1.9278157949447632,0.9126237812862239
p257_124.wav,480,10.0,83040,13.649854842715527,4.93409015953741,13.461603747214442,1.8468005657196045,0.8811945195414177
p257_125.wav,480,10.0,90720,12.737578644067199,4.294035687424664,12.4999785060815,2.0540976524353027,0.8617381407118397
p257_126.wav,479,9.979166666666666,111841,13.854722637991646,5.130351386101373,13.680311670910367,2.3034520149230957,0.9410667638427237
p257_127.wav,480,10.0,144000,15.689836155963219,9.335095060826031,15.575129087503118,2.4639089107513428,0.9529059939244428
p257_128.wav,480,10.0,125760,14.780534264129912,7.59879784678803,14.662947466010998,2.0168962478637695,0.9151527044193817
p257_129.wav,479,9.979166666666666,120961,12.749528871627458,5.707078974958245,12.536947894223555,1.52988600730896,0.8067651757928158
p257_130.wav,480,10.0,151200,8.595922025070912,2.635252955895449,7.959000112013781,1.35092294216156,0.8252986964140936
p257_131.wav,479,9.979166666666666,71041,15.630784182921653,5.132007660204528,15.515823199771464,1.9224212169647217,0.8715651994808893
p257_132.wav,480,10.0,149280,16.439430099298466,8.025796063117943,16.340384420975607,2.380017042160034,0.9258144093143278
p257_133.wav,479,9.979166666666666,117601,13.35312443436723,5.010021975055753,13.148165530269747,2.1548898220062256,0.9139670583945585
p257_135.wav,480,10.0,166080,9.673036259474944,4.251177781421575,9.190997215584778,1.3332794904708862,0.9093201061059794
p257_136.wav,480,10.0,105120,15.137597513211183,8.770249679587339,15.003739817014441,2.3201568126678467,0.8875389359915163
p257_137.wav,479,9.979166666666666,93121,14.43903789028149,6.499861120807059,14.27998039450598,2.65976881980896,0.8703729091608838
p257_138.wav,480,10.0,93120,15.545387775483468,7.480612623123639,15.423437305728786,3.096681833267212,0.9450092471059175
p257_139.wav,479,9.979166666666666,83521,15.2298014336268,6.284886675296889,15.17662678597216,1.782541036605835,0.8144806347878364
p257_140.wav,480,10.0,89280,13.474884434186755,4.46473520269541,13.284243496454513,1.8889023065567017,0.8035182596524199
p257_141.wav,480,10.0,99840,15.941678946392962,7.2124845344600885,15.856274010736499,1.9188573360443115,0.9071414014319409
p257_142.wav,480,10.0,178560,13.674161435188916,7.295884848471448,13.493860607767017,1.9629511833190918,0.9006113077892942
p257_143.wav,479,9.979166666666666,120001,12.171129127969799,5.924258177277175,11.924281662013422,1.3056211471557617,0.8395226143920957
p257_144.wav,480,10.0,132960,13.123320192849786,7.599038751660629,12.906461102724386,2.6680123805999756,0.9666533738529363
p257_145.wav,480,10.0,160800,13.548561207898327,6.884833381233244,13.353368357074086,2.4291906356811523,0.9247265512514092
p257_146.wav,480,10.0,96960,12.661950901115977,5.129490282030775,12.42180437656532,2.5592434406280518,0.9281489154401436
p257_147.wav,480,10.0,144480,11.711074049862889,6.468573283444891,11.409224985531633,1.8463623523712158,0.8985936663489658
p257_148.wav,480,10.0,87840,11.871026510984333,5.638648375278817,11.593005341006648,1.7134172916412354,0.7962128094409049
p257_149.wav,480,10.0,117600,14.980675449176978,5.4909765905183345,14.871222490056994,1.853111743927002,0.8810505855818991
p257_150.wav,479,9.979166666666666,102241,11.758704889740791,4.890149014173874,11.520755576473277,1.1652092933654785,0.8380145531079751
p257_151.wav,479,9.979166666666666,111841,9.26628999904879,2.6276356902160223,8.75962088930554,1.27028226852417,0.7152312242765736
p257_152.wav,479,9.979166666666666,73921,15.246178622410977,6.809703172290663,15.11657526235548,2.5910189151763916,0.7994076626587496
p257_153.wav,480,10.0,101280,10.892209495132438,5.518038315782059,10.575272457209067,2.0150718688964844,0.903781880288548
p257_154.wav,480,10.0,158400,11.062799436122328,5.018954463703127,10.76991653812364,1.422506332397461,0.8694602147533327
p257_155.wav,479,9.979166666666666,98401,8.253065510496478,0.9076508002976634,7.775486395521826,1.2529172897338867,0.837758519992163
p257_156.wav,480,10.0,110400,13.248040097759784,7.8742268342391695,13.042645140756308,1.786559820175171,0.8442625511819442
p257_157.wav,480,10.0,147840,15.960378218977578,9.871663792481204,15.849490438921974,2.3573732376098633,0.9387877448632246
p257_158.wav,479,9.979166666666666,67681,14.372809446860375,5.290910317629965,14.211670000917138,1.675225019454956,0.8013175995408561
p257_159.wav,479,9.979166666666666,83521,13.947467615725964,6.603652719154513,13.777457841391787,1.9342424869537354,0.8936048965154209
p257_160.wav,480,10.0,119520,14.365593923469559,7.350961217142145,14.211621662477503,2.3824679851531982,0.9409920390446134
p257_161.wav,480,10.0,103200,13.025798252200742,5.860670079002655,12.805490209553144,1.7227466106414795,0.8546042506871766
p257_162.wav,480,10.0,143520,13.246911854153101,6.668031189874075,13.037516855925567,1.8548686504364014,0.9138785389006298
p257_163.wav,479,9.979166666666666,106561,13.982963859089246,5.44856126689238,13.827997209129009,1.537290334701538,0.8721881883386415
p257_164.wav,479,9.979166666666666,162721,16.896805747349898,9.142780657671606,16.807401303809176,3.0742876529693604,0.9695887549675105
p257_165.wav,480,10.0,82080,14.012735486744571,5.521916848160387,13.83812444520663,2.0557005405426025,0.8724990686385392
p257_166.wav,479,9.979166666666666,108001,14.317964246465475,6.091052485413225,14.200198595211983,1.8407268524169922,0.8982485979390316
p257_167.wav,480,10.0,128640,12.874949922377949,6.648702610189834,12.685459524600313,2.2206854820251465,0.9364147807550907
p257_168.wav,480,10.0,150240,15.830763502489189,8.681693733971086,15.721863491072911,2.632622480392456,0.9304812965043284
p257_169.wav,480,10.0,120000,15.457584113436404,6.985950649001517,15.34484716342445,1.71537184715271,0.9296705515688095
p257_170.wav,480,10.0,98400,12.979280610674078,4.893936454536328,12.780320679427708,1.8697311878204346,0.8662191667405497
p257_171.wav,480,10.0,96960,9.75047994694708,3.1936422117660515,9.27171381364001,1.1479241847991943,0.8105562816642029
p257_172.wav,480,10.0,112320,13.452819893504067,6.692115536787805,13.297248747355725,1.6447484493255615,0.8610645556153503
p257_173.wav,480,10.0,111840,11.319210953390858,6.278421289337283,11.01227077641945,1.4979865550994873,0.7691363933971
p257_174.wav,480,10.0,112320,14.964067575853479,5.823364032045498,14.848900628766678,1.7599854469299316,0.9307025584699831
p257_175.wav,479,9.979166666666666,160321,12.036442888059447,2.5586085237317877,11.778579588398642,1.3935563564300537,0.881616849967656
p257_176.wav,480,10.0,93120,14.252733355625814,6.024307179926437,14.089024342371406,2.4544403553009033,0.9175012729710913
p257_177.wav,480,10.0,126240,15.896441860784504,9.156666353125123,15.784851768347625,2.4804391860961914,0.9046648921305046
p257_178.wav,480,10.0,157440,15.900851630806873,8.7982937219397,15.789697163813198,2.3996009826660156,0.9424563637820286
p257_179.wav,479,9.979166666666666,92161,15.755960985526972,5.453933787321943,15.641403857958327,2.3948094844818115,0.9476191987324633
p257_180.wav,479,9.979166666666666,92641,9.448984599567321,3.1650262011120662,8.929508799699088,1.326622486114502,0.6079466331075197
p257_181.wav,480,10.0,104160,15.039261322685192,6.773694528720142,14.901096626770325,1.340529203414917,0.886979808486345
p257_182.wav,480,10.0,108960,12.186125455099743,6.8312880635283,11.943064189479934,1.9561132192611694,0.9093141895854008
p257_183.wav,479,9.979166666666666,76321,7.6166725573181715,3.1839896632424836,6.873805267626477,1.1761078834533691,0.740096452531312
p257_184.wav,479,9.979166666666666,149761,15.737842604562594,8.129268164265591,15.620494549127507,2.359616994857788,0.9068275845806671
p257_185.wav,480,10.0,106560,11.932968718438538,7.238125768264389,11.65815679416928,2.076296091079712,0.9238080512219298
p257_186.wav,480,10.0,186240,14.028893917080044,7.841300124338302,13.853851529961258,2.1423604488372803,0.9522103780494396
p257_187.wav,480,10.0,79200,13.925704598969613,5.059624430579598,13.747661754906018,1.9383480548858643,0.9076560150061251
p257_188.wav,480,10.0,146400,14.097352553444571,7.629885818243602,13.946287983268686,1.9572572708129883,0.8979252098400586
p257_189.wav,480,10.0,106080,12.26837058526177,5.033833806012456,12.056464657931905,1.63869309425354,0.8806910815721537
p257_190.wav,480,10.0,106080,9.56483118473045,4.148986992971192,9.083304480184003,1.4732065200805664,0.7869869483867945
p257_191.wav,480,10.0,142080,11.224870674261888,5.35173110372796,10.904605952973762,1.4319612979888916,0.8536569240042087
p257_192.wav,479,9.979166666666666,76801,15.351202876790193,4.492616447671276,15.234530015663852,2.3871335983276367,0.9316451693076998
p257_193.wav,479,9.979166666666666,121441,16.05275078789617,6.083819083884585,15.963129140133486,1.7681070566177368,0.9351064534311526
p257_194.wav,480,10.0,125280,12.577249757998477,6.449897639199635,12.342449105814792,2.1564624309539795,0.888112751517535
p257_195.wav,480,10.0,90240,10.257086345089947,3.0224274235165494,9.833242168250823,1.3674160242080688,0.8419361336535707
p257_196.wav,479,9.979166666666666,149281,17.41123138657256,9.347838171740461,17.33368879508185,2.788806438446045,0.9681298042510457
p257_197.wav,480,10.0,78720,14.205421430421728,5.0160440634865955,14.044812346490769,2.2747225761413574,0.8775217314715735
p257_198.wav,480,10.0,145920,14.668673956422943,8.569599103752777,14.518145427558078,2.3617238998413086,0.9219304471234007
p257_199.wav,479,9.979166666666666,201601,16.916286216484238,3.405126864308416,16.86816207686786,2.2955830097198486,0.5426772848302025
p257_200.wav,479,9.979166666666666,109441,15.290813905435321,7.633979885743896,15.182487714015704,2.584620237350464,0.9336461692664566
p257_201.wav,480,10.0,100320,15.613291911408373,6.433851718490906,15.510300906703831,2.441659927368164,0.9224839044021259
p257_202.wav,480,10.0,143040,14.407584202798244,5.676587510162091,14.250622811611365,2.316377878189087,0.9075833259555057
p257_203.wav,480,10.0,96480,12.640143548635415,5.113244156466827,12.397592751782593,1.3742966651916504,0.8620054837307458
p257_204.wav,480,10.0,74880,15.592399863971941,5.821521228963208,15.471416270070291,2.2046611309051514,0.835612818702178
p257_205.wav,480,10.0,107040,15.694850460081005,6.327765255537374,15.578558821155411,2.880364179611206,0.8917806766735924
p257_206.wav,480,10.0,141120,12.014985475874651,8.731005729986967,11.7370268063977,2.4721853733062744,0.8920929972406418
p257_207.wav,480,10.0,168000,13.785681824540019,7.147434033468573,13.612208195469123,2.03517746925354,0.9369715346763375
p257_208.wav,480,10.0,83040,14.464033379157497,6.5357113324582015,14.327228120649302,2.486502170562744,0.8196145509787941
p257_209.wav,479,9.979166666666666,85921,11.463780166552622,5.731950276901247,11.154390441830056,1.9338001012802124,0.8213727225577755
p257_210.wav,480,10.0,119520,13.018900987379773,4.723126872530498,12.807658547095125,1.8897944688796997,0.854334315278561
p257_211.wav,479,9.979166666666666,91201,7.822971470830099,1.6103898931044258,7.039514985087656,1.2992253303527832,0.8369090718880404
p257_212.wav,479,9.979166666666666,122401,16.999588534073013,8.174735021624768,16.927469492843983,2.469550371170044,0.9725301967276527
p257_213.wav,480,10.0,80160,12.165264098860877,2.275797787380404,11.93679703838149,1.6360535621643066,0.8383811036865029
p257_214.wav,480,10.0,123840,11.675297973530213,2.7151319049381977,11.374855125736708,1.2271666526794434,0.8651503088947206
p257_215.wav,480,10.0,92640,10.755854482362828,3.932956587985962,10.382890298861398,1.4198930263519287,0.8855041843445861
p257_216.wav,480,10.0,149280,15.006747426571245,8.291994244372628,14.867682117478953,3.0509676933288574,0.9373723755026294
p257_217.wav,480,10.0,130080,15.310946404692949,8.678199821002446,15.18580423236186,2.634321689605713,0.9238208198816817
p257_218.wav,479,9.979166666666666,107521,15.306801193745299,6.885230417274055,15.180700365311857,2.0544426441192627,0.874117268338338
p257_219.wav,480,10.0,144480,13.131647669705131,7.344561798274495,12.915197136537461,2.1661925315856934,0.9282489008778673
p257_220.wav,480,10.0,87360,15.944668129766626,5.217808925606253,15.83469859430407,1.7807161808013916,0.8394044747715044
p257_221.wav,480,10.0,96000,12.943761730663168,6.279905573278801,12.71802241428844,2.2531514167785645,0.9281679957914505
p257_222.wav,480,10.0,110400,13.321078977303106,5.604847374381778,13.12153688045443,1.9774301052093506,0.823881206599339
p257_223.wav,480,10.0,203040,12.698396546289404,6.963514241997853,12.460071458047317,2.0475449562072754,0.9346011518327146
p257_224.wav,480,10.0,146400,14.582376336628151,8.552879307661224,14.428849267313183,3.584984302520752,0.9927656175491922
p257_225.wav,479,9.979166666666666,108001,14.256508907060956,6.653083195790612,14.091191562266241,1.7997467517852783,0.8954459037623208
p257_226.wav,480,10.0,94080,10.099408319859426,5.240136902645863,9.707987108482335,2.2020905017852783,0.8961957648148677
p257_227.wav,479,9.979166666666666,83041,13.034737052732384,5.6275853117670165,12.823673676439189,2.154254674911499,0.7925374280514027
p257_228.wav,480,10.0,76800,12.71785088139496,6.227565280122199,12.479321986749124,1.8718997240066528,0.8057010022235137
p257_229.wav,480,10.0,104160,14.11619145189163,6.11594474079182,13.947889956198205,2.0084502696990967,0.8050279462795353
p257_230.wav,480,10.0,155520,10.581742157288584,4.431943415904517,10.204374395519839,1.4903557300567627,0.8576936218594913
p257_231.wav,480,10.0,150240,9.786118621774166,3.451010658831455,9.316727247072636,1.3096160888671875,0.8664345859834325
p257_232.wav,480,10.0,178560,14.48745768607993,8.094229631786375,14.334964449436033,2.4729580879211426,0.9505628830746897
p257_233.wav,480,10.0,113760,14.123438421810366,5.538695380340518,13.956778649426072,1.969809889793396,0.8710659117946379
p257_234.wav,479,9.979166666666666,165121,12.548038953602605,5.894239072733149,12.325433414499791,1.6942646503448486,0.9132747121607496
p257_235.wav,479,9.979166666666666,107041,9.828472495763153,3.449960802157967,9.368161465948626,1.2371742725372314,0.8872634477252083
p257_236.wav,480,10.0,169440,15.639940791665426,8.239828556373727,15.521555428786238,2.8907880783081055,0.9350642001588243
p257_237.wav,480,10.0,158880,16.13919596185153,8.883658612015234,16.032459712626586,2.4545974731445312,0.9315604127331909
p257_238.wav,480,10.0,100320,14.910953176938921,6.760149591080676,14.771661646265297,1.779728889465332,0.8173292311980032
p257_239.wav,480,10.0,94560,14.394927789288028,7.08134137774661,14.23987730702815,1.9460903406143188,0.8669543395831449
p257_240.wav,480,10.0,139200,11.95620373541469,6.18434921288419,11.678241260088082,1.9459073543548584,0.8016002884335646
p257_241.wav,480,10.0,76320,13.311484217863596,5.953254963781681,13.110281262261962,1.283631443977356,0.9410002765936306
p257_242.wav,480,10.0,145920,14.477028890215873,7.365482444751583,14.322514569916143,2.0994997024536133,0.9387913290215305
p257_243.wav,479,9.979166666666666,103201,12.67319525702338,6.122317970288918,12.43272684906033,1.5878016948699951,0.8931720839675736
p257_244.wav,480,10.0,123840,16.25497496710595,7.972288175210529,16.151076286487577,2.2995760440826416,0.9104735528276613
p257_245.wav,480,10.0,134880,13.705817442702475,8.496519916450472,13.527242858737223,1.6438679695129395,0.9107893213290489
p257_246.wav,479,9.979166666666666,126721,15.375530634645841,8.204872033033956,15.248867470136407,2.012425184249878,0.8881343592943622
p257_247.wav,480,10.0,146880,12.784790484080688,6.9998442761898065,12.5606804246158,2.192995548248291,0.8683138151822444
p257_248.wav,479,9.979166666666666,149281,17.18965601517699,9.178909127302367,17.108683898299745,2.5545995235443115,0.9104824476394662
p257_249.wav,480,10.0,75840,12.668602893922248,5.1807736225318655,12.441766042887858,2.035291910171509,0.9244472359463978
p257_250.wav,480,10.0,122400,14.28544003957044,6.962949212411208,14.126516894670536,1.937097430229187,0.9331672335461153
p257_251.wav,480,10.0,144960,11.536464542873674,6.218764926160632,11.245461943338013,1.543078899383545,0.8994045999479623
p257_252.wav,480,10.0,99840,15.038514175883485,5.578892028143957,14.910231945427492,2.149118661880493,0.8902525673200006
p257_253.wav,480,10.0,133920,13.483883036820313,5.623708220281296,13.321724857503202,1.6240729093551636,0.8616214506397722
p257_254.wav,479,9.979166666666666,103201,11.85145286345572,5.44780657650564,11.572613761753647,2.042363405227661,0.9059953153962577
p257_255.wav,480,10.0,115680,11.961803120026204,4.460869689996455,11.762889168239505,1.4620543718338013,0.8611493969088636
p257_256.wav,479,9.979166666666666,151201,17.007267307137848,8.78386871486247,16.920622091274527,3.1244869232177734,0.9393388899710269
p257_257.wav,479,9.979166666666666,93601,15.00876040653737,5.1892310965219,14.871738705802763,1.8122014999389648,0.8484027357563741
p257_258.wav,480,10.0,188640,13.862563287169195,7.467727484089358,13.682523896650515,2.2855000495910645,0.9169103270107445
p257_259.wav,480,10.0,68160,15.462352114205558,6.456788022791569,15.415786491772982,1.7804834842681885,0.7262044391612129
p257_260.wav,480,10.0,129120,14.497159277245776,6.103735169860624,14.34966490770792,1.968263864517212,0.8430029962524612
p257_261.wav,479,9.979166666666666,127201,14.936386542925089,8.98831208819842,14.799269383861942,2.2558488845825195,0.966609277176451
p257_262.wav,480,10.0,164640,12.372977799681628,8.300854736420744,12.151525240960336,2.057307720184326,0.951321623360308
p257_263.wav,480,10.0,96960,5.650785591154025,-1.5456989783813015,4.38133949983982,1.2273658514022827,0.7441926191757601
p257_264.wav,480,10.0,66240,16.58303339190621,5.8823948751602035,16.491637746175467,2.9543378353118896,0.9627706806427613
p257_265.wav,480,10.0,130080,15.525397031018997,8.432444398977397,15.40281331076402,2.368995189666748,0.936961071856988
p257_266.wav,480,10.0,120960,12.153584739613574,5.065015989770482,11.904801651122675,1.9139162302017212,0.8685791061795867
p257_267.wav,479,9.979166666666666,83041,14.378372808209614,5.137604721511044,14.249931568825554,1.8377747535705566,0.8809248428741977
p257_268.wav,479,9.979166666666666,121441,14.72183624364084,6.36083050855093,14.583444106974625,1.6725125312805176,0.7717284679440991
p257_269.wav,480,10.0,82080,10.27746864764142,4.967501592603635,9.877833122483143,1.4366761445999146,0.7376364339602824
p257_270.wav,479,9.979166666666666,121441,7.379108352071444,3.2933331537014054,6.59450827762022,1.2613089084625244,0.7082973517288387
p257_271.wav,480,10.0,138720,8.352780592963644,3.016942254823019,7.688992277958696,1.3996978998184204,0.8356352380839354
p257_272.wav,480,10.0,93120,14.868254613199865,4.690101725964199,14.77925472304337,1.8794326782226562,0.8120964430096724
p257_273.wav,480,10.0,100800,14.878316757024297,5.037777217859062,14.736610084761292,1.8679649829864502,0.9080032010605561
p257_274.wav,480,10.0,86880,13.252211879823365,3.039805153124707,13.048134865761458,1.9392414093017578,0.8268686896979862
p257_275.wav,480,10.0,147840,11.894327305941669,5.880761108376178,11.605659184344406,1.2525023221969604,0.9000114087042712
p257_276.wav,479,9.979166666666666,109441,15.90035417047271,4.169501636350484,15.787324805852158,1.7733287811279297,0.6701076045788099
p257_277.wav,480,10.0,124800,14.954706960346469,8.372249432778133,14.814136865829319,2.4210891723632812,0.9199987447815264
p257_278.wav,480,10.0,150240,14.889133013266997,6.8134322946268275,14.746512778266334,2.3526201248168945,0.9097387691162174
p257_279.wav,480,10.0,173760,14.936581680131656,7.8509178562868405,14.795816709345823,2.177408218383789,0.9589110939872059
p257_280.wav,480,10.0,117120,12.8181182487131,7.762158280353637,12.595383890705865,1.9956693649291992,0.9138787400908615
p257_281.wav,480,10.0,66720,14.380383888203813,5.162944066992344,14.227065055707737,1.8231592178344727,0.779767786136381
p257_282.wav,479,9.979166666666666,91681,14.078712215818726,5.301660854676648,14.003758703719623,1.5719006061553955,0.8378850127652883
p257_283.wav,480,10.0,134400,14.218510555485837,7.250531375887439,14.052368842359238,1.9968762397766113,0.9072022755901515
p257_284.wav,480,10.0,154080,14.851511934253255,8.574868679581899,14.751625545599278,2.39150071144104,0.9515578176395483
p257_285.wav,480,10.0,68640,8.346897682503482,4.304853546435338,7.740719375309414,1.513453722000122,0.7541396977854145
p257_286.wav,479,9.979166666666666,118081,15.588835780373795,8.732046066347696,15.469337483356727,2.7429873943328857,0.9522354380607688
p257_287.wav,480,10.0,89760,14.658272334021456,5.368790224436419,14.510550745579035,1.7062420845031738,0.8791947907585762
p257_288.wav,480,10.0,134880,13.683993727074164,4.4577271220928445,13.49942174921021,1.721305251121521,0.7562055987216423
p257_289.wav,480,10.0,139680,14.71442459727588,5.950871331198937,14.56856009406415,2.1853458881378174,0.8916519791303328
p257_290.wav,480,10.0,111360,10.551243516461184,4.707659089183638,10.160323781056345,1.5194809436798096,0.8641985089322587
p257_291.wav,479,9.979166666666666,80641,12.527900325420987,2.4257934933496488,12.325248735474483,1.2289050817489624,0.6293347433415464
p257_292.wav,480,10.0,139200,15.015715010540278,9.601500678747682,14.877133746266626,2.833876609802246,0.9317366432242381
p257_293.wav,480,10.0,111360,12.843884716673514,3.8488456709471177,12.622224779857182,1.6955972909927368,0.747239013135775
p257_294.wav,480,10.0,94560,13.918873763491709,5.863495963062072,13.73954746022189,1.3794496059417725,0.9118057993107641
p257_295.wav,479,9.979166666666666,80161,9.753214235578817,1.2207260828764226,9.281666695794442,1.2395752668380737,0.8848365521375025
p257_296.wav,480,10.0,145440,16.199979638813584,7.591982800868679,16.100096047803152,3.09018611907959,0.9361303784504181
p257_297.wav,480,10.0,159360,15.555997462555482,8.093772899726128,15.435430400300145,2.4623825550079346,0.9147320946447677
p257_298.wav,480,10.0,123840,13.711149899059027,6.4853401938115995,13.525662316316184,1.9720830917358398,0.8746544759456416
p257_299.wav,480,10.0,143520,15.446608001490292,9.017294337184131,15.324444764051858,3.1024973392486572,0.9790671864914167
p257_300.wav,480,10.0,78720,14.6093704000557,5.1066178280278685,14.460389075356803,1.7465331554412842,0.8459188788793137
p257_301.wav,480,10.0,123840,15.137591096280252,5.658007348055822,15.013122777316855,2.1122488975524902,0.7909246446699167
p257_302.wav,480,10.0,109440,14.563214054085378,4.535786948203975,14.431458722366282,1.9837793111801147,0.9689966491067528
p257_303.wav,479,9.979166666666666,95041,10.539932345823221,4.1591913461788375,10.16451200928717,1.3620952367782593,0.7868157100938374
p257_304.wav,480,10.0,82560,13.562207304581479,5.039925336204989,13.36761599018619,2.182899236679077,0.8301553048756922
p257_305.wav,479,9.979166666666666,89761,14.31260536108869,6.569924043906537,14.149175356976222,1.7895498275756836,0.8825552519211423
p257_306.wav,480,10.0,78720,11.439774699263456,5.340931562760035,11.130830766757926,1.7880548238754272,0.9229702733764765
p257_307.wav,480,10.0,149280,14.27397817556583,6.952839343551876,14.11499088340732,2.6245265007019043,0.9596875956713247
p257_308.wav,479,9.979166666666666,110401,15.050477443591966,8.349550843784732,14.912788175243785,1.8143587112426758,0.8820195293131528
p257_309.wav,480,10.0,81120,11.652242160835247,2.5390090587852168,11.347041714423387,1.4174590110778809,0.44977020976197596
p257_310.wav,479,9.979166666666666,73921,9.147173817090042,2.2560671246469965,8.593493035175362,1.1431297063827515,0.7236011503900315
p257_311.wav,479,9.979166666666666,121441,10.70065609340308,3.205596453303967,10.33676732775471,1.4034024477005005,0.8129674563501722
p257_312.wav,479,9.979166666666666,81121,15.365706626062604,6.336497594152152,15.303349407641083,2.0171735286712646,0.8155132296746278
p257_313.wav,480,10.0,115680,14.793683930585225,5.379416660468377,14.6508530838818,1.2675771713256836,0.8605207979257095
p257_314.wav,480,10.0,155040,11.643057992772759,5.6081541106106725,11.335661895883684,1.6760244369506836,0.8915123339585225
p257_315.wav,480,10.0,78720,10.442548373379452,1.7472722904701867,10.037500334847408,1.137661099433899,0.728000038926202
p257_316.wav,480,10.0,86880,15.629187658780378,5.860288497654847,15.510121818707837,3.4391708374023438,0.9805622427736053
p257_317.wav,480,10.0,83040,16.011005558205692,7.191815591941178,15.902406286342949,2.897003173828125,0.9771767808087265
p257_318.wav,480,10.0,113280,14.817325039133669,6.245531243572317,14.672097195769691,2.337881326675415,0.8877314728538962
p257_319.wav,480,10.0,140640,13.970918054435348,8.801773951946664,13.7938251510774,1.3761647939682007,0.8744730825602947
p257_320.wav,480,10.0,134400,15.462406161277194,10.486497682909524,15.337188248674142,2.2982544898986816,0.9032343848481255
p257_321.wav,480,10.0,92640,15.188184618839259,7.25827721849506,15.054680820901183,1.4030911922454834,0.8383221873354979
p257_322.wav,480,10.0,85920,11.96796642892544,3.277450850054449,11.711975299835547,1.8073062896728516,0.8357792484874846
p257_323.wav,480,10.0,82080,12.966958077011421,5.497282409877233,12.742032801913831,1.273287057876587,0.8350979168112769
p257_324.wav,480,10.0,168000,16.418952756169237,9.873696563649023,16.31944193057644,3.213222026824951,0.9372022762977709
p257_325.wav,480,10.0,96480,14.90212584648548,6.277167856501648,14.759732829408465,2.6663928031921387,0.9485806624763353
p257_326.wav,480,10.0,82080,13.987803360285948,5.421246931080341,13.812128519014166,1.8454546928405762,0.9323192364037359
p257_327.wav,479,9.979166666666666,75361,5.88748220155243,3.291091988093523,4.672683012471924,1.370217204093933,0.7541704990595006
p257_328.wav,479,9.979166666666666,68641,15.458376000549347,6.7593862966250935,15.354266475646023,2.343620538711548,0.8667605350767398
p257_329.wav,480,10.0,74400,13.238239939855221,5.262153742414563,13.074880317142618,1.7134472131729126,0.8410021494111427
p257_330.wav,480,10.0,125760,13.805392713419524,7.871138521009131,13.623778733675158,2.0982651710510254,0.917764444736517
p257_331.wav,479,9.979166666666666,98401,9.68706760272669,2.6458213032481472,9.197660620265186,1.1488051414489746,0.8383456473544324
p257_332.wav,480,10.0,134880,15.089321281973904,8.0743430508356,14.954073131283588,2.5777063369750977,0.9566866523976183
p257_333.wav,480,10.0,109920,14.836723225819279,6.165673831642397,14.716886281259443,1.8204224109649658,0.9649348127501988
p257_334.wav,480,10.0,119520,11.88211270915918,3.659698913107171,11.625473735812248,1.3482046127319336,0.8053769252215531
p257_335.wav,480,10.0,74880,10.14350086316648,3.0884329314442627,9.710507090773913,1.3513481616973877,0.7792564081153462
p257_336.wav,480,10.0,152160,17.158170748957126,8.435671849632836,17.074016762404437,2.811612844467163,0.9637281778219462
p257_337.wav,480,10.0,99840,13.014566746739224,4.022516551091794,12.792371484431715,1.6458139419555664,0.6565073239746431
p257_338.wav,480,10.0,125760,14.962149212943833,7.6869077645214166,14.822163081449808,3.301619052886963,0.9169847315659738
p257_339.wav,480,10.0,156000,14.145680137609876,7.451266886303541,13.975548297438758,2.0870840549468994,0.9186757397992241
p257_340.wav,479,9.979166666666666,87841,14.395778685285537,5.897155386700533,14.246767628706728,2.6739306449890137,0.8936089658306295
p257_341.wav,480,10.0,114240,14.863122746772481,7.697219362459865,14.720498717357938,1.9185903072357178,0.9074333469870737
p257_342.wav,480,10.0,94560,14.328630519144765,6.1354247876020676,14.165737798589426,1.5843720436096191,0.8776465608616384
p257_343.wav,480,10.0,142080,13.15511544453024,6.28015795646097,12.959489365980403,1.9439446926116943,0.8859035465482286
p257_344.wav,480,10.0,89760,16.061442090093287,9.242444806312214,15.954602212459859,2.657926321029663,0.8589611358546564
p257_345.wav,480,10.0,139680,14.888671619881833,8.596861407331687,14.745821773994459,3.241689920425415,0.9349925238007549
p257_346.wav,479,9.979166666666666,105601,15.463092881277113,7.243121898400917,15.33945660360072,2.6475045680999756,0.9626758633877106
p257_347.wav,479,9.979166666666666,145441,8.55722789061545,5.134752693432174,8.03794106443353,2.0701544284820557,0.8950767628538763
p257_348.wav,480,10.0,96960,15.331213350090236,6.936461503865341,15.206206985771097,1.9678903818130493,0.8929190146024657
p257_349.wav,479,9.979166666666666,124801,13.500076543362805,6.618006751660283,13.316466178923434,1.6604564189910889,0.8688728378710873
p257_350.wav,480,10.0,132000,12.28286562646105,6.632429249882864,12.018362175002537,1.5906052589416504,0.8991713409989073
p257_351.wav,479,9.979166666666666,133921,7.7909468134988815,3.864385553241236,7.048331725539963,1.1609587669372559,0.8525462392992834
p257_352.wav,479,9.979166666666666,100321,15.332382351047798,5.889077564523793,15.204075417425484,2.454188823699951,0.915067382380307
p257_353.wav,480,10.0,77760,13.665078401532966,5.26041308821269,13.523429725858849,2.18416690826416,0.8862080229902795
p257_354.wav,480,10.0,97440,12.862076448773944,4.0066001844806545,12.657696154279819,1.595010757446289,0.8136201129727585
p257_355.wav,480,10.0,92640,8.856809564514403,3.1434259434784444,8.253761241821095,1.1737751960754395,0.8769765106576441
p257_356.wav,479,9.979166666666666,103681,16.15638630439771,7.990275715930403,16.050869454735572,2.236159563064575,0.9096271971671229
p257_357.wav,479,9.979166666666666,101761,15.47443483668648,7.2028459637583815,15.350413888013566,2.063709259033203,0.951105112459636
p257_358.wav,480,10.0,171360,14.810543769260523,9.559439765659333,14.664803440899705,2.959937334060669,0.9282970839782004
p257_359.wav,480,10.0,119520,12.464729222115968,5.852337080297542,12.212128547961907,1.8302767276763916,0.9196041483691262
p257_360.wav,480,10.0,134400,14.978017774397568,8.866546782911438,14.854856458698283,2.38283371925354,0.9290685404940527
p257_361.wav,480,10.0,68160,15.58380571127139,5.907296908743359,15.462861402392631,1.5977678298950195,0.7531603979969149
p257_362.wav,480,10.0,89280,14.289847505139647,4.92081679994053,14.13370384155721,1.2064610719680786,0.9147331070808595
p257_363.wav,480,10.0,98400,14.016333398200565,4.93017966410985,13.843803519126501,1.2437399625778198,0.8490418927373155
p257_364.wav,480,10.0,151680,14.564681667823985,8.457217628270643,14.410278553845448,2.014672040939331,0.8908115184590927
p257_365.wav,480,10.0,99360,14.931140758708189,7.122325034932707,14.790200685795853,2.0648958683013916,0.830296301887455
p257_366.wav,479,9.979166666666666,160321,14.988979843612933,8.424095555395233,14.85080080460188,1.9826173782348633,0.9445535005338032
p257_367.wav,480,10.0,154560,12.723228998230296,6.184413124900351,12.485534158234708,1.6440026760101318,0.9262669006769813
p257_368.wav,479,9.979166666666666,99361,12.527372076417823,5.928351012428228,12.29519295152014,1.7551462650299072,0.8832087527456801
p257_369.wav,480,10.0,108480,15.947416160734898,7.044397354895174,15.840163725990624,2.149233818054199,0.8968628606309038
p257_370.wav,479,9.979166666666666,105121,12.822937791481044,4.386768392928085,12.599819498702963,1.6475576162338257,0.8651647648672652
p257_371.wav,480,10.0,77280,12.576260097269037,5.917394876439439,12.356644504998055,1.6051630973815918,0.8668571256585144
p257_372.wav,479,9.979166666666666,95041,15.12313323410748,7.1003235613837035,14.987747185630909,2.392219066619873,0.8940588810410418
p257_373.wav,479,9.979166666666666,66721,13.751803516692366,6.638243653572902,13.595385909306803,1.2332347631454468,0.95441493481014
p257_374.wav,480,10.0,122880,13.171744557058142,6.979052981854779,12.95816748180589,2.1372604370117188,0.9253945653067215
p257_375.wav,480,10.0,137760,9.238087386824258,3.682471143405928,8.697837092544821,1.1900649070739746,0.7897651081739935
p257_376.wav,479,9.979166666666666,107521,11.924823871565195,5.162358625806133,11.637673703392155,2.1870899200439453,0.8265705540533698
p257_377.wav,480,10.0,127680,16.641164419572686,8.517049520648737,16.550489323895544,3.1796059608459473,0.9270916628971992
p257_378.wav,480,10.0,81600,14.58767533700014,3.8930136574033942,14.435960498119007,2.5341930389404297,0.816076116587409
p257_379.wav,480,10.0,167520,12.974892483685599,6.974225925615365,12.750579018775994,1.9360941648483276,0.9284255567233846
p257_380.wav,479,9.979166666666666,105601,13.807260521824622,7.5140386910216,13.624092513624689,2.5949547290802,0.968300343861367
p257_381.wav,480,10.0,144480,14.609112483661352,7.234617141544253,14.459454692503062,2.2688210010528564,0.9237390520904946
p257_382.wav,480,10.0,89280,8.735677956207223,3.255730041567804,8.213108831733917,1.356544017791748,0.8978809106607903
p257_383.wav,480,10.0,163680,13.924212635887255,6.778500395452058,13.759107388764738,1.379727840423584,0.9467119319482264
p257_384.wav,480,10.0,132480,16.06991477802916,7.7671660985472935,15.961219491357177,2.470698595046997,0.9550788279176514
p257_385.wav,480,10.0,105120,12.40975470661499,4.592625468197305,12.153201942986932,1.639589548110962,0.8819475975084687
p257_386.wav,480,10.0,103200,14.733294276835265,5.8595973939744495,14.585884914697012,2.3320932388305664,0.9134433657245613
p257_387.wav,480,10.0,67680,11.091621493043002,3.011153468772789,10.766651306893799,1.4568743705749512,0.6575402456148856
p257_388.wav,480,10.0,79680,16.262607263337607,6.516347943612098,16.221151430789977,2.2736024856567383,0.910602919631472
p257_389.wav,479,9.979166666666666,159841,13.04125633503694,7.13382693077136,12.836670010236169,1.9027605056762695,0.9272602290093699
p257_390.wav,479,9.979166666666666,72481,12.216720925542068,4.1242245252800505,11.953783646220664,1.4029314517974854,0.7887200974455958
p257_391.wav,480,10.0,109440,10.809792907302555,4.719324725507202,10.46806281802956,1.4343266487121582,0.8392750308885382
p257_392.wav,480,10.0,115680,14.700429589215144,7.593529876573487,14.558377599390127,1.9263768196105957,0.8656936870198605
p257_393.wav,480,10.0,111360,13.44903386427246,6.339023120756496,13.249630642541865,1.7114908695220947,0.7434466300789623
p257_394.wav,480,10.0,137280,15.059780943539657,7.357114310226198,14.934582821790023,2.2829878330230713,0.9493225767243292
p257_395.wav,479,9.979166666666666,111361,8.602433791648126,3.1100817370214178,8.045369563701152,1.5021716356277466,0.8798441968685186
p257_396.wav,480,10.0,81600,15.756877862583838,8.110139844024404,15.639953371036924,2.190308094024658,0.905239625341082
p257_397.wav,479,9.979166666666666,88801,15.086645583094063,6.550224413159518,14.95167183766762,1.9272654056549072,0.8736331568909499
p257_398.wav,479,9.979166666666666,74881,15.071768460029446,6.85121225473447,14.93568596373268,3.0210471153259277,0.8237192656785791
p257_399.wav,480,10.0,132480,14.107627086052785,6.828370904830177,13.936531248962735,1.848260521888733,0.9193234629898481
p257_400.wav,480,10.0,90240,15.526041821468542,7.81030946530539,15.404375033084218,2.7330074310302734,0.8509593499652603
p257_401.wav,480,10.0,84000,14.687453307878132,5.041335416722444,14.561996233514387,2.064107894897461,0.8884447216849775
p257_402.wav,480,10.0,143040,15.1180588265934,7.925088618534736,14.98247559908588,1.9722695350646973,0.8992778005437257
p257_403.wav,479,9.979166666666666,100801,14.14991309842432,5.778685100852381,14.003920879695054,1.9460935592651367,0.9154904621057118
p257_404.wav,480,10.0,114720,15.007943890163087,6.350047113184382,14.869395957324086,2.9554567337036133,0.8746821708465036
p257_405.wav,480,10.0,97440,12.950177434336432,5.90998377414002,12.743454368409925,2.3229048252105713,0.8887752315020937
p257_406.wav,480,10.0,133440,14.700334077213027,8.141886006052578,14.552572768846925,2.6622374057769775,0.9274621790328337
p257_407.wav,480,10.0,119520,13.608432503356426,7.351583225709325,13.417362626133418,1.664115071296692,0.9156454418020639
p257_408.wav,480,10.0,112800,14.174737736973421,5.844716924057323,14.01802851192504,1.7622363567352295,0.8205723946674064
p257_409.wav,479,9.979166666666666,89281,14.544982312710777,4.441604415399582,14.41249754888931,1.7378973960876465,0.8862837756350639
p257_410.wav,479,9.979166666666666,170881,13.093053732367391,7.068672003855092,12.890422426474606,1.935073733329773,0.9139895888325895
p257_411.wav,480,10.0,151200,11.216249441863619,6.281709820161046,10.879600504074737,1.573681116104126,0.8576836972792565
p257_412.wav,480,10.0,90240,16.436666916458314,6.4378807545171295,16.34154749925932,2.502124071121216,0.9103895963158847
p257_413.wav,480,10.0,96480,14.469643610883846,6.925060946409709,14.312853601550955,2.169328451156616,0.8878510465161922
p257_414.wav,480,10.0,87360,12.92172957278316,5.012246432736556,12.695459975147704,1.9028093814849854,0.8043501556659284
p257_415.wav,480,10.0,93600,11.690180064731736,3.2800532965722136,11.387103411910918,1.246001958847046,0.8199090194358167
p257_416.wav,480,10.0,103680,16.677603383331608,8.737835585603177,16.584881283380426,2.3837826251983643,0.941528041875
p257_417.wav,479,9.979166666666666,78721,18.368991654017044,7.673260505239455,18.383886272300266,2.734422445297241,0.9673716867247779
p257_418.wav,480,10.0,127680,15.164380208175764,8.31787915415385,15.03210765307883,2.236241340637207,0.8747952605902146
p257_419.wav,480,10.0,109440,13.749603397333887,6.479868793131931,13.562688187437475,2.4149160385131836,0.9135218581745815
p257_420.wav,479,9.979166666666666,76321,15.672328743683071,5.709475106261062,15.556444000475626,1.9255826473236084,0.9259878825765964
p257_421.wav,480,10.0,74880,13.982412251789412,5.509315594850388,13.814303108327529,2.1610782146453857,0.8547176401448122
p257_422.wav,480,10.0,145920,10.73116614868981,6.129441316498027,10.391842025868748,1.5414173603057861,0.8843341960738781
p257_423.wav,480,10.0,92640,14.254342521491708,5.452873520305861,14.10720414767627,1.1550613641738892,0.8970648679385335
p257_424.wav,480,10.0,163680,16.3602767263102,8.82800522565564,16.25996049208947,2.5990893840789795,0.9138014920808536
p257_425.wav,480,10.0,76800,12.841871616388548,4.24599904095987,12.626713248540728,1.8259694576263428,0.800562109378069
p257_426.wav,480,10.0,108960,11.052561455688608,4.218042535420657,10.70870552766152,1.2478249073028564,0.8342199394737599
p257_427.wav,480,10.0,91200,8.375307108362758,3.1995548744461586,7.698274058188057,1.207987666130066,0.7298960522744121
p257_428.wav,480,10.0,115200,9.705585566923205,6.384916222457985,9.218560894185412,1.7211883068084717,0.8303871654030267
p257_429.wav,480,10.0,65760,12.721400025998717,5.26707769770068,12.516373284509651,1.7758712768554688,0.736463208269973
p257_430.wav,480,10.0,162720,11.302858704224263,5.858050711124096,10.968878419054288,1.8225597143173218,0.8695652318103771
p257_431.wav,480,10.0,114720,11.18929793240827,5.4801148886267015,10.89227985701191,1.6052711009979248,0.880885945850466
p257_432.wav,479,9.979166666666666,105121,9.920936838875962,3.305836875813299,9.545441236362501,2.001814842224121,0.776392025217957
p257_433.wav,479,9.979166666666666,109921,17.500923770546,6.805521472967578,17.423764844878814,2.5509161949157715,0.9372700941672607
p257_434.wav,479,9.979166666666666,98881,14.7789226862446,4.957411776879454,14.643180763508548,2.1208548545837402,0.8424178769080034
