file,Delay_samples,Delay_ms,Aligned_samples,SNR_dB,SSNR_dB,SI_SDR_dB,PESQ,STOI
clnsp0.wav,480,10.0,528000,14.372752037250603,10.54690062455476,14.211457047937637,2.8017163276672363,0.9678378529453073
clnsp1.wav,480,10.0,542400,16.279495924835885,13.119121401670599,16.176079108679613,3.604954481124878,0.9930972909181962
clnsp10.wav,480,10.0,701280,14.592804455932404,8.61187296598852,14.505467233323998,2.865485429763794,0.9724817470453658
clnsp100.wav,480,10.0,605760,13.087685520741388,9.948494981772177,12.874671333855261,1.6323432922363281,0.9176358276176285
clnsp1000.wav,480,10.0,704160,16.403949512739956,10.280793277938537,16.318533613867487,1.9493762254714966,0.9553246726544923
clnsp1001.wav,480,10.0,509760,13.110460926703993,9.815343762409988,13.020641936571366,2.56654691696167,0.9416408503089273
clnsp1002.wav,479,9.979166666666666,588481,17.2208644132319,12.061577519738073,17.137962204720477,2.4766793251037598,0.9875763220997054
clnsp1003.wav,480,10.0,520320,10.296605851297,11.58035409580063,10.14008890953849,3.4504613876342773,0.9827142517237046
clnsp1004.wav,480,10.0,592320,16.597649435941523,12.98120609491241,16.550378144746784,2.7512166500091553,0.9798352647986232
clnsp1005.wav,480,10.0,579840,11.872707122175573,8.690094678968503,11.64398261523152,1.9876563549041748,0.9521372776940151
clnsp1006.wav,480,10.0,501120,17.011095011104352,11.280270716086122,16.928788309256497,2.6311697959899902,0.9781331626808446
clnsp1007.wav,480,10.0,701760,11.643195369330993,7.175584356298329,11.337172509536149,1.6031672954559326,0.93820421461096
clnsp1008.wav,480,10.0,538080,16.74804110972081,11.520428347956543,16.67573819725727,3.1947576999664307,0.988724451973467
clnsp1009.wav,480,10.0,572640,14.72750191608476,11.097287424741198,14.582319131829228,2.159080982208252,0.9606930222633362
clnsp101.wav,480,10.0,656640,16.021569128042614,11.649850526231159,15.999708806293127,2.944601058959961,0.9823372863540605
clnsp1010.wav,480,10.0,479520,17.337259970202176,12.142602217864713,17.257954743382868,2.1464779376983643,0.9755545180940941
clnsp1011.wav,480,10.0,501120,12.479874980715778,7.074494746567201,12.345533727236269,1.8616799116134644,0.9041928168717589
clnsp1012.wav,480,10.0,521760,17.792208764032743,13.509206242756182,17.749572618506193,3.1895065307617188,0.979363523638114
clnsp1013.wav,479,9.979166666666666,709441,3.5398988630660777,1.3538127820534407,9.365757851673846,1.346787452697754,0.8464865046813177
clnsp1014.wav,480,10.0,495360,2.5328248796247936,-0.5026419132459138,-0.8777391096941094,1.1095842123031616,0.6290809685615725
clnsp1015.wav,480,10.0,486240,14.736992912086375,12.715982918230022,14.599329655818533,2.760436773300171,0.9776872721330179
clnsp1016.wav,480,10.0,486720,5.665753601632899,2.1877001267921488,4.327188690619346,1.1222684383392334,0.7745538382961212
clnsp1017.wav,480,10.0,684000,15.341626705139612,9.951216652260516,15.384301144551207,2.093320846557617,0.9640983174876007
clnsp1018.wav,480,10.0,489120,7.441924669218566,5.992809079044622,6.611019742027827,1.512298822402954,0.90240963512666
clnsp1019.wav,480,10.0,559200,9.501969427366543,5.176311174244717,9.120164830587047,1.3361889123916626,0.8827769542444992
clnsp102.wav,480,10.0,612480,5.598318276740459,3.230009426673683,4.221198469927016,1.2675683498382568,0.8025158068689633
clnsp1020.wav,479,9.979166666666666,573121,5.614576795158364,2.29997047696848,4.268981375128334,1.160503625869751,0.751661718734078
clnsp1021.wav,480,10.0,554400,16.90697194297712,12.200741356799933,16.836132870892,3.314527750015259,0.9719190792533199
clnsp1022.wav,480,10.0,540960,15.429991138358437,10.583073958918094,15.338167964830633,2.3521740436553955,0.9569869539756998
clnsp1023.wav,480,10.0,518400,9.405877366451458,6.906794271042331,8.917422950556631,1.3769733905792236,0.8720412272997227
clnsp1024.wav,480,10.0,520320,18.21656936862848,12.86491394445525,18.159507539480877,3.3729047775268555,0.9812097378172446
clnsp1025.wav,480,10.0,714240,12.482012951518557,8.691741581111284,12.323976938671894,2.2014970779418945,0.9501259090492654
clnsp1026.wav,479,9.979166666666666,489601,9.679692772306398,5.735751648129106,9.546420234683097,1.6456103324890137,0.8904997860441725
clnsp1027.wav,480,10.0,687840,7.658157331939261,3.7200084770095807,6.970559562506588,1.2140414714813232,0.8104517221316356
clnsp1028.wav,480,10.0,543360,18.339680211398836,13.294593863191887,18.311503632881823,2.9003548622131348,0.9609830393867085
clnsp1029.wav,480,10.0,600000,13.17481015345227,11.403244197248096,13.00944669665894,2.752335548400879,0.9777472723696158
clnsp103.wav,480,10.0,552960,11.828596108485048,10.618832555744829,11.591527269680808,2.54828143119812,0.9497943747936815
clnsp1030.wav,480,10.0,516480,15.665292528753813,11.568580297975187,15.549662574285783,3.119858980178833,0.9913671344905365
clnsp1031.wav,480,10.0,573600,16.643642190068743,10.197015474586776,16.56785915534679,2.1284031867980957,0.9456464145560217
clnsp1032.wav,480,10.0,555840,3.707443414732388,1.8321992616284886,1.48818937692217,1.176033854484558,0.6883127482435881
clnsp1033.wav,480,10.0,549120,5.203201303297917,1.0423927508977517,3.7111880514700686,1.1082087755203247,0.7024015279110404
clnsp1034.wav,480,10.0,649920,18.921540687813412,13.824166160079027,18.894480807489526,3.5124096870422363,0.9927820251196461
clnsp1035.wav,480,10.0,613920,15.40945633466384,11.680194748422087,15.319849894333311,2.515920400619507,0.9826306844267497
clnsp1036.wav,480,10.0,504960,5.096843627108596,1.9685455951075899,3.6639293091998533,1.2725907564163208,0.7598598300173875
clnsp1037.wav,480,10.0,479520,11.31085996032289,6.348280175670155,10.999329372451406,1.8179762363433838,0.9669134815783103
clnsp1038.wav,479,9.979166666666666,512641,12.95292712477323,8.865053442850199,12.788609582962923,1.7422802448272705,0.9185662350724125
clnsp1039.wav,480,10.0,536160,13.743056736212164,9.692462698181464,13.568961392777865,1.929207682609558,0.9314221610277755
clnsp104.wav,480,10.0,608160,15.33342285172689,9.65385401098648,15.214620062556229,2.072972059249878,0.9809397147793516
clnsp1040.wav,480,10.0,486720,16.36135755074173,12.546025235329122,16.30675032515107,2.9809587001800537,0.9726450656658119
clnsp1041.wav,480,10.0,602400,12.703732072991425,8.989722698771365,12.544957568213421,1.5478768348693848,0.9319115740895549
clnsp1042.wav,480,10.0,566880,7.027804690192956,8.06939950506814,6.086953918492143,1.8486151695251465,0.8761421271649558
clnsp1043.wav,480,10.0,585120,14.827991685762786,12.364191757108916,14.784261649503723,3.4843902587890625,0.9910349879370735
clnsp1044.wav,480,10.0,512640,16.322238654198124,13.077032756911395,16.255797742481764,3.227158784866333,0.9708612988467835
clnsp1045.wav,480,10.0,684480,15.274401408506224,11.099997595854212,15.144013652011214,2.4084696769714355,0.9503560368522633
clnsp1046.wav,480,10.0,490080,16.759577995139917,11.500669695066296,16.709315413241665,2.9318037033081055,0.9733476106866551
clnsp1047.wav,480,10.0,623040,9.744288163092458,6.292558596310944,9.28613304586872,2.049426317214966,0.946893756936056
clnsp1048.wav,479,9.979166666666666,686881,14.948054669438681,10.185095336299984,14.815930449687873,2.7663097381591797,0.9585582678979361
clnsp1049.wav,480,10.0,552480,15.797890852659904,12.613932734966834,15.701495873428257,3.130096912384033,0.9680106119880052
clnsp105.wav,480,10.0,557760,7.6466363316594235,4.064260664463398,6.855335796427116,1.2967915534973145,0.8335837426008299
clnsp1050.wav,480,10.0,576000,16.748212895901165,12.37731297204163,16.65593095136125,2.3010787963867188,0.9687282150935083
clnsp1051.wav,479,9.979166666666666,497761,14.205467504315244,7.405663474557462,14.175691474183532,2.1684153079986572,0.965783478522454
clnsp1052.wav,480,10.0,601440,10.641005824670431,11.195940447186677,10.27711086236323,2.1473124027252197,0.9454223098444107
clnsp1053.wav,480,10.0,622560,13.580472308963214,10.52571435584218,13.476737487899786,1.8548505306243896,0.9429547031292499
clnsp1054.wav,480,10.0,677760,15.82552992722454,12.748463559547375,15.73481368093136,2.973661422729492,0.9820281776406308
clnsp1055.wav,480,10.0,619680,13.172720091246566,8.471297397916755,13.04562773617554,1.7053334712982178,0.9095675478185965
clnsp1056.wav,480,10.0,642720,6.684034195517521,5.727545904718853,5.741585693939566,1.2844901084899902,0.8392284876917481
clnsp1057.wav,480,10.0,550080,15.249259456687819,10.621685690755827,15.121586583089865,2.1819591522216797,0.961016769111353
clnsp1058.wav,480,10.0,540000,18.254552414317814,13.020090083414841,18.28233925595733,3.1236367225646973,0.9804162308561912
clnsp1059.wav,480,10.0,507360,15.73664590219181,10.08785512352204,15.7032208287176,2.2896769046783447,0.9739009793666865
clnsp106.wav,480,10.0,606240,12.137660852174328,9.748720108254124,11.893241249066444,2.0626418590545654,0.9595353241041282
clnsp1060.wav,479,9.979166666666666,507841,15.082809370221025,10.308503763810016,14.949801283308856,1.9218754768371582,0.9669690265766221
clnsp1061.wav,480,10.0,693120,15.02011831467972,10.082035464171897,14.891807317455086,2.201486587524414,0.9553761251259814
clnsp1062.wav,479,9.979166666666666,547201,10.141696004438723,10.892368992014509,9.720819825384279,2.8004567623138428,0.9419755669630827
clnsp1063.wav,480,10.0,490560,11.516744186628475,6.888316168661871,11.278967532160994,1.7527074813842773,0.9344961910086792
clnsp1064.wav,480,10.0,540480,18.116490913437225,12.551677655078032,18.05374279156893,2.6112992763519287,0.9860334730957745
clnsp1065.wav,480,10.0,540960,15.126313242128106,10.412731026517642,14.998269181040484,2.6421327590942383,0.9619563584220348
clnsp1066.wav,479,9.979166666666666,562561,3.623125521996446,1.5761284615108202,1.2271429031172911,1.1039646863937378,0.6510927853859354
clnsp1067.wav,480,10.0,501600,12.774269004388511,9.56204345169383,12.548289981032585,3.035468816757202,0.9787391610709779
clnsp1068.wav,480,10.0,781440,15.744518928258033,12.662811092234433,15.675444088076173,2.7182302474975586,0.9728764244343852
clnsp1069.wav,480,10.0,581280,16.29404748551691,12.931494927419452,16.224495291600526,2.5956871509552,0.9771687571460344
clnsp107.wav,480,10.0,564000,12.826084169014855,8.644673266736001,12.603588190135381,2.2969448566436768,0.9554518769625457
clnsp1070.wav,480,10.0,561120,5.912245195244999,4.051594277278369,4.952077793935173,1.2937300205230713,0.759379457998101
clnsp1071.wav,480,10.0,675840,4.658904364139038,0.7791149766319476,2.931041766500667,1.1148879528045654,0.732913410854574
clnsp1072.wav,480,10.0,630240,16.682979938452533,10.12234767846343,16.682846420251504,1.9549142122268677,0.9725565129848801
clnsp1073.wav,480,10.0,627360,15.944444860104962,10.243607370338369,15.933221555602191,2.317307710647583,0.9741431888731976
clnsp1074.wav,480,10.0,596640,11.10071292972994,8.588282515044359,10.810192706122395,2.3400063514709473,0.959943885216688
clnsp1075.wav,480,10.0,570720,11.673154015372733,9.142011280136225,11.389387546880613,2.0658435821533203,0.9444852606685926
clnsp1076.wav,480,10.0,515520,3.9679868565039507,1.0660692866763846,1.7589824057913352,1.1439855098724365,0.7405550049959385
clnsp1077.wav,480,10.0,601440,15.31244514016851,9.946045375739883,15.201400338001577,2.11551833152771,0.9541636109987266
clnsp1078.wav,480,10.0,571680,13.701193148625384,10.152509791044604,13.536648747076427,2.2507004737854004,0.9566288285882895
clnsp1079.wav,480,10.0,637440,4.070221832080537,1.8133973361581994,1.924679820558617,1.2020199298858643,0.7818481374239952
clnsp108.wav,480,10.0,493920,15.818243165720974,11.95947826156181,15.712705557757754,2.983492612838745,0.9819323269255207
clnsp1080.wav,480,10.0,616800,10.38757933134998,11.761913601481648,10.041089020191778,3.0052859783172607,0.9746184318697471
clnsp1081.wav,480,10.0,568800,11.822145564897248,7.219303545748652,11.527498911569076,2.162691116333008,0.9563292523449118
clnsp1082.wav,480,10.0,560640,12.672163827781013,9.834065718208068,12.49557146507788,2.008659839630127,0.908519590231835
clnsp1083.wav,480,10.0,726720,14.658666219211057,8.828960840003578,14.528703905435558,2.2028331756591797,0.9518445319122812
clnsp1084.wav,480,10.0,524640,4.0354161152940495,1.6386931219631289,1.913513282561964,1.1379306316375732,0.6645439519479246
clnsp1085.wav,480,10.0,609120,13.267713432500603,9.25953993410159,13.193423982967209,2.2251803874969482,0.9602088339248015
clnsp1086.wav,480,10.0,557760,11.889777433389565,7.668372808654422,11.63208050905391,1.7639172077178955,0.9414621571006511
clnsp1087.wav,480,10.0,576000,15.704388362749519,13.006859098094704,15.600959140896226,3.0683112144470215,0.9755119600548986
clnsp1088.wav,480,10.0,560160,17.26899441945196,12.768196085803085,17.209077562922662,2.9628498554229736,0.9896631116208684
clnsp1089.wav,480,10.0,695520,14.293276683184665,10.04971871276672,14.195291032469935,2.068915843963623,0.9619261577062002
clnsp109.wav,480,10.0,565920,17.67472141373951,13.596719300959053,17.61291575955767,3.683840751647949,0.9955399211397626
clnsp1090.wav,480,10.0,519360,15.536150643594969,10.57096695726481,15.416308999497376,2.037415027618408,0.9686434089576983
clnsp1091.wav,480,10.0,524160,17.406488371029894,12.149094377295128,17.393774775242473,2.689605712890625,0.9774497562808359
clnsp1092.wav,480,10.0,693120,18.039454816695493,11.88907942414405,18.035993500815373,2.426461696624756,0.9758568236253077
clnsp1093.wav,480,10.0,497760,17.167073310958262,12.584005535293883,17.093979480434413,3.3163819313049316,0.9777106591457055
clnsp1094.wav,480,10.0,528000,6.868676567300134,5.072793710520083,6.1936032426268515,1.4204113483428955,0.8609247587022625
clnsp1095.wav,479,9.979166666666666,485761,13.708445345024302,9.148508357505671,13.564878599786361,1.6903276443481445,0.9340994905893175
clnsp1096.wav,480,10.0,644640,16.68014101141719,11.574514294080306,16.63974268901517,2.499483108520508,0.9750344829863509
clnsp1097.wav,480,10.0,549600,10.089625500431797,5.684618261772802,9.89397720310844,1.5994949340820312,0.9132120615889205
clnsp1098.wav,480,10.0,565440,15.766265060966631,10.595738413456306,15.725303189608397,2.610304117202759,0.9793958608513197
clnsp1099.wav,480,10.0,500640,5.463697300209956,3.0886064109679037,7.449137451233991,1.2841836214065552,0.866492215456572
clnsp11.wav,480,10.0,533280,14.696995727025524,9.053248942717161,14.604866756257557,1.7746570110321045,0.9426672016966228
clnsp110.wav,480,10.0,539040,6.057275140603866,3.132936014024256,4.908378445104179,1.1911170482635498,0.8207898238968189
clnsp111.wav,480,10.0,502560,13.983714063091696,10.2220632515667,13.82442799033102,2.3065521717071533,0.9458471034192871
clnsp112.wav,480,10.0,522240,13.973551090773263,11.053395241489207,13.822521497991067,2.666593313217163,0.9443677453533145
clnsp113.wav,480,10.0,540000,15.70748375367344,10.725116603416584,15.60197507678411,2.470132350921631,0.9765976306960396
clnsp114.wav,480,10.0,728160,16.670327177693267,11.734950150122598,16.621729700793388,2.9635746479034424,0.9847647120109667
clnsp115.wav,480,10.0,529920,14.791841393214956,10.693322684897334,14.666763688502389,2.159059762954712,0.9353904337332779
clnsp116.wav,480,10.0,537600,10.721698865508744,6.496111789845929,10.399100311944753,1.9024983644485474,0.9471499113375905
clnsp117.wav,480,10.0,631200,17.102576830724374,11.264873568688143,17.037171926021635,2.3414039611816406,0.9787287067392985
clnsp118.wav,479,9.979166666666666,644641,17.652147788852005,12.318224764199277,17.58128647539953,3.2319984436035156,0.9816086117770542
clnsp119.wav,480,10.0,626400,14.508313239748194,9.872771188819915,14.415027330137013,1.8923907279968262,0.9542430827073674
clnsp12.wav,479,9.979166666666666,666241,8.407039559957697,5.299350739163973,7.835872046206208,1.6348928213119507,0.8933389545610324
clnsp120.wav,480,10.0,633120,12.085792602268,8.075161979566413,11.808530277687465,1.649054765701294,0.9207798571315282
clnsp121.wav,480,10.0,511680,5.304050500533863,2.7329415390851404,3.9297255356855096,1.1573433876037598,0.7015266618416979
clnsp122.wav,480,10.0,484320,18.32013427521183,13.088252061321384,18.267563958819807,2.513251543045044,0.9757357591198772
clnsp123.wav,480,10.0,526560,12.129421016417915,8.441379571309247,11.924148904772483,1.8468427658081055,0.9576983452619453
clnsp124.wav,480,10.0,604320,13.90648071470759,9.558901424029282,13.804296496743039,2.4770584106445312,0.9490330256071924
clnsp125.wav,480,10.0,619680,18.217635512776702,14.12296789582092,18.180062200981236,3.4552125930786133,0.985762237879486
clnsp126.wav,480,10.0,516000,13.696060734675113,9.256219286532238,13.52036245056404,2.2636218070983887,0.9669148998672966
clnsp127.wav,480,10.0,539040,17.786059731788196,13.710352115891334,17.78342381671884,3.6086232662200928,0.9916220496061193
clnsp128.wav,480,10.0,558240,16.71351270520579,12.590865805113419,16.620889916887435,2.5934858322143555,0.9818377909981721
clnsp129.wav,479,9.979166666666666,597601,12.354167429016528,7.160558277289777,12.094903059077055,1.5849186182022095,0.9244829091298866
clnsp13.wav,479,9.979166666666666,577921,6.7267001801276995,3.1462821077273557,5.700016396748223,1.19144868850708,0.7090076905258748
clnsp130.wav,480,10.0,658560,13.216792669124484,8.354739374541321,13.386718496523955,2.0971665382385254,0.966717955508971
clnsp131.wav,480,10.0,548640,13.822106825434126,10.535399368780514,13.688902811060114,2.5378549098968506,0.9427011527927741
clnsp132.wav,480,10.0,730080,16.09539752288681,10.901798335263788,16.031670789537845,2.808706045150757,0.9882917718380982
clnsp133.wav,480,10.0,522240,11.890629792061606,8.795350601256182,11.731132724838595,1.899921178817749,0.9216409478033153
clnsp134.wav,480,10.0,490560,14.385743927799128,9.827123107902938,14.270584480918554,1.7724367380142212,0.9498038225817144
clnsp135.wav,480,10.0,560640,14.966668337606375,7.164620340968349,14.927440758995544,1.759807825088501,0.9554870619914279
clnsp136.wav,480,10.0,604320,8.702871201962166,4.700303552894618,8.387779283551154,1.344233512878418,0.8566531796590002
clnsp137.wav,480,10.0,647040,8.5579404598848,7.3179716144114355,8.078253433481223,1.5826544761657715,0.8937552588696478
clnsp138.wav,480,10.0,584640,9.519238274131977,7.915667994304605,9.075860792990994,2.1148180961608887,0.9220145447558756
clnsp139.wav,480,10.0,526080,14.084427666019813,9.707625457454382,13.925332682532316,2.3060476779937744,0.9706645102291399
clnsp14.wav,480,10.0,501120,14.263981125264385,9.893940437802554,14.187246771335841,2.7673988342285156,0.9833197940654889
clnsp140.wav,480,10.0,581760,12.369721014222266,8.776459051531123,12.28703848409033,2.1736488342285156,0.9221833035004912
clnsp141.wav,480,10.0,614880,10.694579412353079,5.989551316741313,10.312997913254524,1.625997543334961,0.9329967913793412
clnsp142.wav,480,10.0,566880,15.628102441979392,11.506412613386594,15.517253124538325,3.100367784500122,0.9823349562364063
clnsp143.wav,480,10.0,634560,10.367983348435937,6.894864858681003,10.17334887180613,1.5323271751403809,0.8889672030555327
clnsp144.wav,480,10.0,599040,14.46391170889142,9.858807919853646,14.333540470234718,2.1589815616607666,0.9517008681959548
clnsp145.wav,480,10.0,597120,13.363119306321899,8.466894728652933,13.182988616468666,2.4975550174713135,0.9692532126826876
clnsp146.wav,480,10.0,624480,13.679628124993123,9.757099728961098,13.537165600316394,2.3086130619049072,0.9403651226244569
clnsp147.wav,480,10.0,571680,17.495004156248392,11.927572065688699,17.41998814511493,2.8562254905700684,0.990181611644926
clnsp148.wav,480,10.0,495840,10.023720914215335,5.282129211433338,9.571963451779524,1.4837708473205566,0.9211152685264518
clnsp149.wav,480,10.0,620160,19.353366220707734,13.05295909496207,19.31887973349079,3.0758330821990967,0.983924219606013
clnsp15.wav,480,10.0,643200,16.788320335389415,11.901912864954877,16.6986803872503,2.751319169998169,0.9807034119188757
clnsp150.wav,480,10.0,502560,15.704280867628185,11.401374287241447,15.63479424981169,2.6152212619781494,0.9590406340570826
clnsp151.wav,480,10.0,580800,15.01689475060852,10.950725430393627,14.877998255463496,2.24777889251709,0.9514006176349028
clnsp152.wav,480,10.0,505440,11.709525090843332,6.82760644442634,11.604563206954186,1.7063465118408203,0.927555090838708
clnsp153.wav,479,9.979166666666666,510241,10.683106822172787,5.286192572288454,10.328937043569244,1.62444269657135,0.9321336089828065
clnsp154.wav,480,10.0,553440,15.499146057814535,13.327543717133928,15.403891896256923,2.6856541633605957,0.9689898258897276
clnsp155.wav,480,10.0,706560,18.152922649128016,13.385589188277377,18.10581012491647,3.2570855617523193,0.9832745124638411
clnsp156.wav,480,10.0,590880,13.36895894631252,7.364924868108641,13.233929441723271,1.6176762580871582,0.9428703507835792
clnsp157.wav,480,10.0,633600,10.946286095205053,6.157405239770207,10.706336802517365,1.6196131706237793,0.9069160648118444
clnsp158.wav,480,10.0,588960,17.688568123982318,11.702089117800671,17.65675992913507,3.119633913040161,0.9818639541496756
clnsp159.wav,480,10.0,687840,18.46071424498519,13.22601067712549,18.4530148509814,2.683459997177124,0.9758637410957759
clnsp16.wav,480,10.0,615360,18.476653536654368,15.16172714482587,18.42844588416637,3.2185020446777344,0.9866956499888276
clnsp160.wav,480,10.0,530880,10.972534059505982,9.182392421087279,10.651361576949581,1.7495288848876953,0.8872565864339296
clnsp161.wav,480,10.0,729120,9.893753975951526,6.322504690302785,9.479806465060385,1.5695254802703857,0.8763359346495746
clnsp162.wav,480,10.0,524160,13.567256452905516,10.731581958144675,13.46810170837487,2.0817863941192627,0.955022480111775
clnsp163.wav,480,10.0,482880,11.014596655395952,6.443095894543752,10.667024216112786,1.505740761756897,0.9151871351445859
clnsp164.wav,480,10.0,548160,10.416436552826195,8.2086562521417,10.171047253218081,1.994461178779602,0.9029321380401785
clnsp165.wav,480,10.0,538080,17.401661047429332,12.513118478104888,17.33085599149086,2.683903455734253,0.9747167597246661
clnsp166.wav,480,10.0,602880,9.771184673750273,6.660404159238619,9.316594193697835,1.3611705303192139,0.9147391024634902
clnsp167.wav,479,9.979166666666666,563041,4.998719628566686,2.444528989130954,7.894622679568267,1.3144447803497314,0.8350565920294947
clnsp168.wav,480,10.0,688320,15.550264846210982,11.286638367171182,15.438002013167171,3.1434667110443115,0.979281673063349
clnsp169.wav,480,10.0,555360,12.409405405449125,7.601495877514131,12.249394923912508,1.6587367057800293,0.9007894174846267
clnsp17.wav,480,10.0,519360,13.824345907563798,14.782831908060603,13.715711166600823,3.1750357151031494,0.9749254991082886
clnsp170.wav,480,10.0,503520,16.07395031752685,12.421445719866256,15.966017194452286,3.2183165550231934,0.9815179286424944
clnsp171.wav,479,9.979166666666666,546721,3.7601101400971193,1.942505457020516,10.267642425743198,1.3757033348083496,0.8984640643233747
clnsp172.wav,480,10.0,581760,12.367738888564265,7.908178653746277,12.146467319002625,1.8958441019058228,0.9278433378506498
clnsp173.wav,480,10.0,576480,11.260370011080198,7.3813261678850655,10.979073206511893,1.9968065023422241,0.939837740376819
clnsp174.wav,480,10.0,599520,11.082372230788861,8.742179650160733,10.773677856461267,1.395861029624939,0.8863056705707716
clnsp175.wav,480,10.0,486720,3.4385855454307546,2.3064688930396726,0.8878850097561704,1.103630542755127,0.6744262056215046
clnsp176.wav,480,10.0,638880,14.923206394519914,9.285039516192018,14.782005028008257,2.366929054260254,0.9737416303002216
clnsp177.wav,479,9.979166666666666,539521,5.988967243556803,3.962650584867595,9.28993171008442,1.4923375844955444,0.8428929457938726
clnsp178.wav,480,10.0,604800,18.65626873285567,12.126506077476105,18.605368121885114,2.9814977645874023,0.9834581856429894
clnsp179.wav,480,10.0,635520,6.220848231645748,7.9057066503136,5.584238030717131,1.8595035076141357,0.9005361386828851
clnsp18.wav,480,10.0,483360,15.98672890340721,12.297945486360332,15.914735302237384,3.117450714111328,0.9570648235447218
clnsp180.wav,480,10.0,624000,17.572553550109248,12.671358700182141,17.550021659061283,2.9409334659576416,0.972812788447597
clnsp181.wav,480,10.0,498240,4.2861292105569255,1.8415349327384842,2.3118238764496675,1.2054084539413452,0.7568605174792556
clnsp182.wav,480,10.0,533760,2.3831455167312985,1.4500163440164067,-1.0949658692296562,1.0867037773132324,0.6180883463540157
clnsp183.wav,480,10.0,486720,6.0372501123267766,2.1071967865042938,4.870978537460235,1.1608816385269165,0.7890867997733201
clnsp184.wav,480,10.0,557280,10.829028741481286,7.354416012204526,10.551594600560897,1.7346947193145752,0.9366921517759266
clnsp185.wav,480,10.0,667200,14.865181404649965,11.526600722674193,14.808159394098183,3.008451223373413,0.9834177636265784
clnsp186.wav,480,10.0,488160,16.913336281897504,13.028465522422989,16.833379710650924,3.405200958251953,0.9728320417609317
clnsp187.wav,480,10.0,550560,13.841455430413331,11.049216722619876,13.705689302905126,2.103896141052246,0.9596005113758426
clnsp188.wav,480,10.0,552960,13.993173963939809,11.134209997730323,13.86645209611408,2.359994411468506,0.948350847358245
clnsp189.wav,480,10.0,577440,18.46747244540309,13.97937332089305,18.412372666634273,3.702432870864868,0.9834601907354792
clnsp19.wav,479,9.979166666666666,534721,3.1891852285483866,0.6484994340116907,0.4047989899501001,1.1331568956375122,0.6233769412285515
clnsp190.wav,480,10.0,582240,17.043983737299342,11.746486193489037,16.97229136876661,3.595754384994507,0.9812447385561536
clnsp191.wav,480,10.0,654240,17.63534066949682,10.553062046314963,17.600775518205865,2.228388547897339,0.9823416427126511
clnsp192.wav,480,10.0,558720,17.80823876167829,13.203467269672673,17.826668895390544,3.447659492492676,0.9847441616903476
clnsp193.wav,480,10.0,597120,14.495305980249567,10.82214785921812,14.346663537206679,2.971043109893799,0.9697651813033049
clnsp194.wav,480,10.0,596640,9.442144606875337,5.011754934221981,8.99899692713155,1.3364516496658325,0.8418630653814813
clnsp195.wav,480,10.0,524160,11.81152787343131,8.649034143838456,11.588365397253003,2.098249673843384,0.9438587052753117
clnsp196.wav,480,10.0,590400,10.639106820978393,9.064198677298362,10.25645769686088,1.8172941207885742,0.9538449495621232
clnsp197.wav,480,10.0,519840,13.591274353278974,9.76504925743925,13.423744693103721,2.041433811187744,0.9383766353779349
clnsp198.wav,480,10.0,751680,15.604840989501014,12.13239544033197,15.498816552769615,2.6766345500946045,0.9785135875741254
clnsp199.wav,480,10.0,489600,15.128713893544724,11.322436077518065,14.99469288039893,2.880095958709717,0.9758045804261938
clnsp2.wav,480,10.0,507360,14.708174509563534,9.708047399922327,14.628287380415884,1.6565492153167725,0.9383817562801421
clnsp20.wav,480,10.0,607680,13.383277350679093,7.849784984242437,13.418403087542357,1.711010456085205,0.9302586940526409
clnsp200.wav,479,9.979166666666666,565441,18.566844105547315,12.420535408271926,18.506926455415904,2.8658432960510254,0.9847466769907806
clnsp201.wav,480,10.0,506400,14.76566925050122,9.906965188210767,14.638430993168349,2.2190072536468506,0.9783243811299445
clnsp202.wav,480,10.0,607680,12.604312870591555,8.38439739278185,12.381610293286467,1.704209566116333,0.9362657234133979
clnsp203.wav,479,9.979166666666666,675841,5.734298394715767,1.9927303371076546,4.61890338078636,1.2125635147094727,0.6893118574341713
clnsp204.wav,480,10.0,524640,15.014264333330685,10.022616246087368,15.039072486060148,2.1727988719940186,0.9666493963438755
clnsp205.wav,480,10.0,615840,8.092496023482656,3.3618289871378293,7.468276182176934,1.2730649709701538,0.8422032677263322
clnsp206.wav,480,10.0,600480,14.304446216147674,10.870398252272688,14.140874446235618,3.1702489852905273,0.9763940343166583
clnsp207.wav,480,10.0,537120,17.10635775783637,11.903309750127626,17.034741082035474,3.372196912765503,0.9911321135126298
clnsp208.wav,480,10.0,514080,13.505880994047107,10.889611201245444,13.435886500498029,2.011636257171631,0.959777652471663
clnsp209.wav,480,10.0,647040,12.754347545564418,8.43344653812906,12.645973839878051,1.8582332134246826,0.9247109338504632
clnsp21.wav,480,10.0,495840,13.558978917924476,9.201843243867582,13.377244727093693,2.1431024074554443,0.948671516157194
clnsp210.wav,480,10.0,631200,16.591471891267588,12.107501232860292,16.507228544989424,2.8316197395324707,0.9719759656504536
clnsp211.wav,480,10.0,619200,12.660140052033999,8.89240139620225,12.441967701800676,2.146402359008789,0.9357791011746921
clnsp212.wav,480,10.0,479520,14.616396660418832,10.699820861862976,14.470768924044338,3.139273166656494,0.9892237887545525
clnsp213.wav,480,10.0,744000,17.643075738622485,11.653470763817717,17.621641683349385,2.6089041233062744,0.9617343834247829
clnsp214.wav,480,10.0,575040,16.8088737731916,12.960079353797159,16.725087092131773,2.949051856994629,0.9799330682470849
clnsp215.wav,480,10.0,557760,14.878456313998274,11.53180600437243,14.879506832849383,1.822424054145813,0.9565704929474096
clnsp216.wav,480,10.0,539040,2.211375109320017,1.3814475048412427,7.654075276148316,1.3578444719314575,0.827047232560259
clnsp217.wav,480,10.0,500160,13.640196597573816,9.076402805561465,13.454341297087735,2.313572406768799,0.9695176295851515
clnsp218.wav,479,9.979166666666666,553921,13.639863677515736,8.663360784807624,13.553435259129479,1.5000278949737549,0.9009652516482973
clnsp219.wav,480,10.0,609600,10.031734282031726,7.191682186585313,9.629159788393292,1.7182276248931885,0.909493391203291
clnsp22.wav,480,10.0,609600,18.66397917183899,13.2914014658874,18.60935628819696,2.947730779647827,0.982569853813543
clnsp220.wav,480,10.0,484800,6.557104655057188,2.8866809364457118,5.487229280164271,1.1272614002227783,0.8249641878602307
clnsp221.wav,480,10.0,626880,11.44961058846593,8.834613543426293,11.12740311897846,1.868743658065796,0.9513553684637541
clnsp222.wav,480,10.0,601440,16.67322513750936,10.351484214499374,16.6546361904812,2.458932638168335,0.9735339834108835
clnsp223.wav,480,10.0,674400,7.251244720738743,6.425774349957267,6.597943672022678,1.5362145900726318,0.8930243327160807
clnsp224.wav,479,9.979166666666666,560641,3.561646854929448,0.2953014679772594,1.3310328382862566,1.1665855646133423,0.6567597251300569
clnsp225.wav,480,10.0,581760,15.304099034268056,11.367627898006438,15.175347026593238,2.3536341190338135,0.9720839110378049
clnsp226.wav,480,10.0,496320,13.898470896212897,9.983301480366789,13.744644426394597,2.5738983154296875,0.97322010981293
clnsp227.wav,480,10.0,549120,10.958984987874112,6.5173482539559435,10.610608443837712,1.8660482168197632,0.9427025859339809
clnsp228.wav,480,10.0,568800,12.015709278491162,6.155982133602939,11.902673029376885,1.6139582395553589,0.9393590261547771
clnsp229.wav,480,10.0,514560,9.886306222095214,8.170219779880275,9.446787696076624,1.6726343631744385,0.9032721122800816
clnsp23.wav,480,10.0,516000,14.27624548748012,10.075004949252202,14.112389035851844,2.673586845397949,0.9675062304660247
clnsp230.wav,480,10.0,556800,2.6667749246491397,-0.21977867820832173,-0.60843239846864,1.1050167083740234,0.6913595328102506
clnsp231.wav,480,10.0,596160,4.818221239571942,2.5515962536133894,7.153546113148987,1.315602421760559,0.8627668977795049
clnsp232.wav,479,9.979166666666666,542401,10.484766901035512,10.86441409548386,10.093914099144058,2.890427350997925,0.9439302865657418
clnsp233.wav,480,10.0,631680,9.824766847716651,5.982076793805716,9.521226062637204,1.537928581237793,0.8670649525731969
clnsp234.wav,479,9.979166666666666,620161,15.499435391512113,8.437678278388402,15.453787055736328,1.8706855773925781,0.9560081115110594
clnsp235.wav,480,10.0,606240,10.912409329069643,9.809642562286111,10.751938998852314,2.1200733184814453,0.9277009341123986
clnsp236.wav,480,10.0,679200,16.30593930273614,9.433239756229023,16.215795831445455,2.5604116916656494,0.9811422993777833
clnsp237.wav,480,10.0,504480,17.632881477375925,12.877747760512268,17.557931055072995,3.4940872192382812,0.9899039811394136
clnsp238.wav,480,10.0,582720,16.70805274316961,11.552793460638432,16.616871031825863,2.411613941192627,0.9777211844892391
clnsp239.wav,480,10.0,637920,10.242649878418108,6.66146805953689,9.89566132954005,1.7442976236343384,0.8940926940946665
clnsp24.wav,480,10.0,594240,17.411912019906868,12.462024027195488,17.363239665229585,2.52866268157959,0.9678619560797435
clnsp240.wav,480,10.0,553440,15.078796835162303,12.895269384858452,14.971724403586084,2.5528430938720703,0.9635945774747271
clnsp241.wav,480,10.0,520320,15.866846583861845,11.887657012616682,15.772060575871592,2.3519678115844727,0.9648290423374216
clnsp242.wav,480,10.0,597120,12.207840475498234,9.685068971097103,12.755456582772332,1.8982053995132446,0.9345984121177545
clnsp243.wav,480,10.0,637440,2.7447052164704786,0.4465248704806108,-0.3815267784860871,1.1102898120880127,0.6323867726517445
clnsp244.wav,480,10.0,611040,6.570361722008219,3.764784486359907,5.613135391751748,1.1992310285568237,0.8045405902828968
clnsp245.wav,480,10.0,577440,14.628302465493627,10.851382592073584,14.682285570759628,2.940699815750122,0.9686877754870505
clnsp246.wav,480,10.0,622560,16.376241065076616,10.519294786781725,16.397390634366534,2.1829686164855957,0.9766462678076229
clnsp247.wav,480,10.0,522720,2.209852139982278,-0.5920115909359163,-1.5481150049799908,1.1170847415924072,0.6295813618584024
clnsp248.wav,480,10.0,492480,16.57852822016964,13.07218000514953,16.48835153305462,2.86657977104187,0.9837176146996733
clnsp249.wav,479,9.979166666666666,490561,9.743665641070654,5.5787351842309185,9.483191460807925,1.2842519283294678,0.8419401897764035
clnsp25.wav,480,10.0,533760,15.979402371228597,10.865255403726314,15.899827393492775,2.815331220626831,0.9849432253434018
clnsp250.wav,479,9.979166666666666,645601,7.887632801858786,2.877805128666053,7.203581494316182,1.3213084936141968,0.878197104491343
clnsp251.wav,480,10.0,512640,15.808610338716154,11.405151656725815,15.693713816906643,3.1550676822662354,0.9808785667269514
clnsp252.wav,480,10.0,562560,12.424505402842714,8.200797441081415,12.179213018497686,1.377654790878296,0.9187676528908469
clnsp253.wav,479,9.979166666666666,651361,3.175552978765084,-0.4526162578441034,0.35370738246673467,1.155841588973999,0.6570801587790565
clnsp254.wav,480,10.0,508800,12.943912093620265,8.100933736305164,12.78431438742601,1.8074578046798706,0.9319949127650211
clnsp255.wav,480,10.0,639360,15.201372649354257,11.349914048559976,15.106960857115874,2.8250982761383057,0.9781685676274179
clnsp256.wav,480,10.0,655680,4.87952158211178,2.2258212151091175,3.3051664961214473,1.1999871730804443,0.8148726038046551
clnsp257.wav,480,10.0,675360,16.632542453979013,11.382550045913776,16.620963434495543,2.4363138675689697,0.9726198930946162
clnsp258.wav,480,10.0,486720,13.275532542118233,10.87482436924352,13.201827417533494,2.155454635620117,0.9542465071621345
clnsp259.wav,480,10.0,590400,17.05846183019319,11.941253938953084,16.981162096211392,2.606890916824341,0.9791443437295129
clnsp26.wav,480,10.0,597120,16.738964419992076,11.886441544108397,16.699598893902206,2.403715133666992,0.9836529375708362
clnsp260.wav,480,10.0,556320,4.106698606750015,0.16386406542257906,2.0616745639222787,1.1035330295562744,0.6773388595096838
clnsp261.wav,480,10.0,583200,5.111408681817947,3.0656290132541097,3.515886649668704,1.2114934921264648,0.7474074226486784
clnsp262.wav,480,10.0,529440,13.906361629432451,9.915122455814545,13.748693441791273,2.5759871006011963,0.9765720059387991
clnsp263.wav,480,10.0,604800,5.086796520010825,3.334107033654346,5.887108360945348,1.2485668659210205,0.7748012982596744
clnsp264.wav,480,10.0,619680,13.022246866258293,9.330748959923849,12.82617612550229,1.5998787879943848,0.9009999374696879
clnsp265.wav,480,10.0,502560,5.055890849584914,3.4902723190319422,3.430625577225783,1.200505018234253,0.7404301636735547
clnsp266.wav,480,10.0,635040,17.23868471239495,10.985505275049618,17.160172307388933,2.2522082328796387,0.9824287066085569
clnsp267.wav,480,10.0,694080,13.497092151663985,8.862486575503674,13.38445619240266,1.8759820461273193,0.9439293484909825
clnsp268.wav,479,9.979166666666666,573601,11.628655601350307,4.90337919125208,11.464131933922205,1.3318357467651367,0.8385308655483217
clnsp269.wav,480,10.0,546240,6.718808723253761,4.115469529856929,5.9730763691262965,1.479151964187622,0.8661299776849286
clnsp27.wav,480,10.0,604320,14.28584584436278,9.565845720821878,14.125797843121639,1.9739634990692139,0.9657891857029477
clnsp270.wav,480,10.0,556320,10.063273635264222,7.533357288560075,9.866743661962577,1.7898247241973877,0.9044461724711929
clnsp271.wav,480,10.0,684000,10.230575893293361,5.703907746525275,10.125064942635586,1.534733772277832,0.8919936183265178
clnsp272.wav,480,10.0,534720,9.470185332074282,10.040867032900358,8.98702522795671,2.223506450653076,0.9272915996761125
clnsp273.wav,480,10.0,533760,10.67547789374936,5.869475508738758,10.430733930343028,1.3351715803146362,0.9011554244342183
clnsp274.wav,480,10.0,507360,6.462123747538417,5.53845367517851,7.003905065311486,1.514744520187378,0.9043694850654957
clnsp275.wav,480,10.0,492000,13.437179579228108,7.706974779018752,13.425422116276572,1.9074618816375732,0.9204824292929724
clnsp276.wav,480,10.0,583200,12.988240642283223,11.890219771823114,12.766811339558979,2.486163854598999,0.9588709124696632
clnsp277.wav,480,10.0,660480,15.57945799699219,11.05593522799181,15.57639235738091,2.258571147918701,0.9614740802007142
clnsp278.wav,480,10.0,517440,15.57660412071954,11.80541214691705,15.543975657820614,2.8159732818603516,0.9811004858446662
clnsp279.wav,480,10.0,556320,17.195506521177705,13.035616665161859,17.18612071062834,3.218714714050293,0.9889420273794238
clnsp28.wav,480,10.0,608640,4.6278243054625054,2.826129790460767,2.975191306219038,1.1904836893081665,0.7788159466854795
clnsp280.wav,480,10.0,567360,15.158354096710331,11.767444035569566,15.046496237108595,3.037177562713623,0.9887524284899596
clnsp281.wav,480,10.0,607680,15.269276322007297,11.172691341434625,15.138752850206473,2.506983518600464,0.9644431152818423
clnsp282.wav,479,9.979166666666666,519361,12.82614147063864,8.889879094255882,12.685346678150808,2.5019798278808594,0.9501376523327963
clnsp283.wav,480,10.0,698880,5.378645974325702,1.7736295073197934,4.270371779538581,1.1238436698913574,0.7177788044319288
clnsp284.wav,479,9.979166666666666,598081,0.9633273593316782,-1.8567491695170062,-5.453403577675568,1.0736143589019775,0.4616562799327066
clnsp285.wav,480,10.0,601920,17.658066587394746,10.244585125874341,17.644990299351043,2.390212297439575,0.9782411077264329
clnsp286.wav,480,10.0,539040,13.834261710995428,10.887990759753077,13.665186924672906,1.7723157405853271,0.9349273189386151
clnsp287.wav,480,10.0,610560,7.862624647212522,3.5614641587379916,7.203317527246966,1.1569666862487793,0.8333031408461063
clnsp288.wav,479,9.979166666666666,644641,16.87882435637311,11.208841022565505,16.823111690656596,2.877650737762451,0.9793157040378757
clnsp289.wav,479,9.979166666666666,516001,7.6707727084257655,5.785762244610733,7.099386344672583,1.4579623937606812,0.8159970751765148
clnsp29.wav,480,10.0,524160,14.333413457613693,10.755798820589979,14.184798607739303,3.3377676010131836,0.9744513980490648
clnsp290.wav,479,9.979166666666666,495361,9.675840196133862,5.290144677464937,9.34783716999555,1.51882004737854,0.8784051928229751
clnsp291.wav,480,10.0,499200,11.509538881190904,7.713753463768752,11.218897754067159,1.9219226837158203,0.9309987518642507
clnsp292.wav,480,10.0,500640,9.78068658543139,5.297288307114485,9.44656475081032,1.7271214723587036,0.9200363205319088
clnsp293.wav,480,10.0,532320,15.938045371240241,10.053170209653493,15.840122259493342,2.8232522010803223,0.9717193294481213
clnsp294.wav,480,10.0,610560,7.247318327119846,8.332617820774075,6.444490894808867,1.4833325147628784,0.8874379950749173
clnsp295.wav,480,10.0,645120,4.84225802345517,2.2281954879501753,3.1179533823730066,1.094909906387329,0.6900726037522308
clnsp296.wav,480,10.0,492480,12.36013587559822,11.486683832962992,12.120427010877588,2.3948214054107666,0.966899823085751
clnsp297.wav,480,10.0,480480,14.431581799084785,9.527507921862707,14.272362610988647,2.4181928634643555,0.9739180755894259
clnsp298.wav,480,10.0,537600,15.596650775777528,10.270600232250322,15.526148141654929,2.4128403663635254,0.9703140119750799
clnsp299.wav,480,10.0,554400,5.471381474918254,3.8643014290152244,4.152316086645424,1.4369900226593018,0.8012879939151364
clnsp3.wav,480,10.0,502560,17.339366922610445,10.912349233550401,17.292644067080527,2.2931108474731445,0.9824648391031574
clnsp30.wav,480,10.0,505920,10.932474568006583,8.06367355492741,10.594346448617726,1.7437996864318848,0.9335038828953585
clnsp300.wav,480,10.0,600480,16.36813861867658,12.13625395174426,16.289543948192268,2.759972333908081,0.979630604096723
clnsp301.wav,480,10.0,585120,13.299023140512954,10.54809470779924,13.219772953382966,2.3688292503356934,0.9442389976943234
clnsp302.wav,480,10.0,487200,12.57464899362464,6.265992410317965,12.476699969056295,1.9998719692230225,0.9472454516376939
clnsp303.wav,480,10.0,615840,17.03861674932136,12.177885277226673,16.957515201345554,2.316854238510132,0.9741040882896176
clnsp304.wav,480,10.0,675360,15.944054999545498,11.817916816045356,15.960066229940892,2.6950178146362305,0.9748091792884038
clnsp305.wav,480,10.0,701760,4.748596840917328,1.637080881542137,3.1878804022902862,1.1191394329071045,0.73749242758294
clnsp306.wav,480,10.0,574080,17.212270581666914,13.18494228221352,17.14452139469879,3.731039524078369,0.9904795652015798
clnsp307.wav,480,10.0,525600,17.90844086408351,14.84475089333732,17.91851290809968,4.073468208312988,0.9934141770554386
clnsp308.wav,480,10.0,524640,7.9402085107458245,3.724797612241981,7.236405750471288,1.2310404777526855,0.8477282612017103
clnsp309.wav,480,10.0,488160,13.658620814126564,10.140989190903582,13.516549538756163,1.9511189460754395,0.94529468902255
clnsp31.wav,480,10.0,503520,15.072825468443693,10.81645209911261,14.945604956516586,2.5437445640563965,0.9603311155498149
clnsp310.wav,480,10.0,504000,13.720814554108872,10.173018746071534,13.559719537922275,2.730677843093872,0.9758105130628414
clnsp311.wav,479,9.979166666666666,586561,15.353780015415268,8.873914316766522,15.417654273195199,1.9730316400527954,0.9583187390109269
clnsp312.wav,480,10.0,561600,9.001628369654997,5.290578620096619,8.658872716686526,1.511473298072815,0.878234634965841
clnsp313.wav,480,10.0,742560,4.340623561086396,1.628407635738904,2.431589376814788,1.1159614324569702,0.6151149688855782
clnsp314.wav,480,10.0,559680,10.355015546768637,6.66077236355018,9.951194650461549,1.412018060684204,0.9081378005426305
clnsp315.wav,479,9.979166666666666,602401,4.283597334654343,0.7578606182410257,2.4145190011453077,1.1612178087234497,0.7145332850680659
clnsp316.wav,480,10.0,504480,17.20549858933739,12.454653286886895,17.23496445526195,3.194911479949951,0.9863255934400795
clnsp317.wav,480,10.0,482880,17.066977231003623,11.337751883470537,17.06863603463327,2.6882741451263428,0.9810256641313804
clnsp318.wav,480,10.0,483360,1.6659237582727826,-0.8451030242524415,-2.8756260810395333,1.0748825073242188,0.5334530846777333
clnsp319.wav,480,10.0,573600,6.339984416607699,2.406305781318268,5.2565811452665345,1.1421988010406494,0.8183232873885331
clnsp32.wav,480,10.0,503520,6.294167834005727,2.063804047787249,5.133913128826535,1.1629762649536133,0.7878186992667332
clnsp320.wav,480,10.0,611040,15.280965872166954,10.8050678821342,15.158233985974306,2.2300984859466553,0.9632989200712488
clnsp321.wav,480,10.0,479520,8.98424373242269,4.242629012286695,8.434371078909727,1.2173751592636108,0.8754697854148356
clnsp322.wav,479,9.979166666666666,560641,4.265019173432182,2.546546500219923,2.3547887034175914,1.1575164794921875,0.7185154553510613
clnsp323.wav,480,10.0,541440,13.544216242713862,10.55594621041768,13.357752101408316,2.5574491024017334,0.9624349282830938
clnsp324.wav,480,10.0,622560,9.038657689264335,6.42090697570537,8.531513084904402,1.8244647979736328,0.9086103668677935
clnsp325.wav,480,10.0,499680,16.39111407378514,12.575770230172786,16.342452603854102,3.3020524978637695,0.9909214830117667
clnsp326.wav,480,10.0,586560,4.9235337573968865,2.670720367288764,3.295344513087976,1.2288129329681396,0.7289203532329819
clnsp327.wav,480,10.0,615840,10.014364307103314,6.990591052265458,9.762812155225888,1.6307060718536377,0.9314551726105343
clnsp328.wav,480,10.0,528480,15.382310960163396,10.376188718879304,15.297529319009797,2.554387092590332,0.962284396557196
clnsp329.wav,479,9.979166666666666,489601,3.7812249742906783,0.618616042305666,1.5118071566961857,1.1007757186889648,0.6193682940927555
clnsp33.wav,480,10.0,605280,12.348133253624002,10.38315821589817,12.183069677074933,2.012277841567993,0.9565003687990191
clnsp330.wav,480,10.0,541920,2.0833618156585585,0.14309566391453435,-2.023981359967251,1.0955064296722412,0.5944107060147181
clnsp331.wav,480,10.0,601440,15.077259617755807,11.800917819227804,14.955424448112385,2.6533665657043457,0.952997501110524
clnsp332.wav,480,10.0,564480,10.995235798854015,6.716693045811254,10.65747994243987,2.0415565967559814,0.9437359673533307
clnsp333.wav,480,10.0,527040,14.823233092542633,8.057386866697852,14.691819553318314,2.143789052963257,0.9688021847722493
clnsp334.wav,480,10.0,566880,13.233831417286764,11.148969818960364,13.140319684796067,2.7402167320251465,0.9750890399047827
clnsp335.wav,480,10.0,552000,3.6270299170677065,0.2037866619048938,1.3398102804747354,1.0900073051452637,0.6390787116522011
clnsp336.wav,480,10.0,634080,14.104217258634435,10.720475978526395,14.157018297387117,2.042628049850464,0.9592623724558069
clnsp337.wav,480,10.0,555360,14.53155850268965,9.806757833401923,14.398298168337133,2.469329595565796,0.9611470083389875
clnsp338.wav,480,10.0,588480,8.673448707847392,7.374491853661203,8.066769952323227,1.7404425144195557,0.903378941128301
clnsp339.wav,479,9.979166666666666,581761,15.733015287597263,10.439937954249102,15.67573007491281,2.5116801261901855,0.9501792116879041
clnsp34.wav,479,9.979166666666666,486721,6.895833499042377,2.852345505335157,5.9039299098593725,1.149245023727417,0.7515270369034915
clnsp340.wav,480,10.0,497760,14.885923856917014,11.005015466955824,14.75282581404618,2.885830879211426,0.9719327484211395
clnsp341.wav,480,10.0,604800,16.676355292209802,13.49215874756467,16.620946157363136,2.9641029834747314,0.9806166886156805
clnsp342.wav,479,9.979166666666666,504481,3.671720530877539,0.7367992352112703,1.4082925841554397,1.136602759361267,0.6402905706317369
clnsp343.wav,480,10.0,561600,11.209132500044417,9.065625313191314,10.900995843928607,1.8205678462982178,0.937804005592815
clnsp344.wav,480,10.0,507840,18.38307362018387,13.79184537950801,18.378739720991813,3.102815866470337,0.9838218311963687
clnsp345.wav,480,10.0,551520,4.765851742513362,1.5060650716882598,3.0950071312673746,1.2328498363494873,0.7976294858786683
clnsp346.wav,480,10.0,507840,15.285249485682993,11.727706288142594,15.180106408007815,3.2918736934661865,0.983835291937262
clnsp347.wav,480,10.0,543360,10.14162640050028,6.417384592102371,9.823802096491258,1.6876673698425293,0.9252895735750322
clnsp348.wav,480,10.0,525120,17.196060879936994,12.541823720760593,17.14360300013345,2.7498087882995605,0.9637776984977724
clnsp349.wav,480,10.0,689280,15.612809429041619,12.625489937271443,15.516634242037505,2.886357545852661,0.9809831153057212
clnsp35.wav,479,9.979166666666666,599041,5.14928909695498,3.408554107253833,3.620081729433207,1.2319040298461914,0.7336843708864009
clnsp350.wav,480,10.0,514080,15.817711518929485,11.39001923790855,15.710527788915511,2.962782382965088,0.974570161621463
clnsp351.wav,480,10.0,648000,16.96789222978168,12.494921273256132,16.880102361838247,2.881491184234619,0.9859382402494581
clnsp352.wav,480,10.0,612480,12.352326790872327,8.52958841477018,12.104573480951387,1.559706449508667,0.915659570391048
clnsp353.wav,480,10.0,558240,17.408966460300363,12.782633644094613,17.349053028047944,3.17457914352417,0.9878045128395153
clnsp354.wav,480,10.0,492480,13.254811871065908,11.444490843636531,13.077098886968724,2.6134772300720215,0.9689252705140506
clnsp355.wav,480,10.0,575520,13.155652550860179,10.071032003980877,12.942923097064508,1.8232935667037964,0.927810743176358
clnsp356.wav,480,10.0,628320,14.849108461452388,8.82482077820321,14.821043950738936,1.8963813781738281,0.9508325849601165
clnsp357.wav,480,10.0,597600,16.51429748128643,12.039544781719089,16.42160557737279,2.004884719848633,0.9606218159986462
clnsp358.wav,480,10.0,548160,12.19397671305098,8.154726359495706,11.95736561630344,1.450089454650879,0.9070002693163804
clnsp359.wav,480,10.0,556320,11.305947237326365,6.074509351875924,11.03553278241712,1.312018632888794,0.9066740645211979
clnsp36.wav,480,10.0,525600,9.531879641406626,10.621890761104092,9.169898108065325,2.2137386798858643,0.9364868076515726
clnsp360.wav,480,10.0,500640,12.362360886359095,9.401642355010804,12.452153878698038,2.326347589492798,0.9609905318746258
clnsp361.wav,480,10.0,533760,18.769958249943933,13.51674005454899,18.71920235442851,3.1160659790039062,0.9887636900189208
clnsp362.wav,480,10.0,511200,14.15450985531399,10.952548761909917,13.993818182473422,2.8961875438690186,0.9751990041993935
clnsp363.wav,479,9.979166666666666,508321,13.234342355072373,9.76642639704335,13.023101373080642,1.6042784452438354,0.9111861147289027
clnsp364.wav,480,10.0,531360,17.35533061388231,11.660403875533712,17.316020480275714,2.427649736404419,0.9749352234028716
clnsp365.wav,480,10.0,584160,13.946266926208416,9.99673956922363,13.777437829411834,1.7880711555480957,0.9168494742721846
clnsp366.wav,480,10.0,697440,8.260981478509539,5.878332260875857,7.875819227459704,1.5582301616668701,0.8976514894985421
clnsp367.wav,480,10.0,534720,9.294155642768851,6.39966281571616,8.800158043454033,1.6422269344329834,0.9114475818164477
clnsp368.wav,479,9.979166666666666,622561,16.69716572045707,11.507071803904871,16.609997011199575,2.6008830070495605,0.9730079414406103
clnsp369.wav,480,10.0,480000,18.108849137697117,14.202293433916235,18.06319106025715,3.6315090656280518,0.9921513302844069
clnsp37.wav,480,10.0,686880,12.547375916403302,9.048137364683999,12.449291744423729,1.5965559482574463,0.9246934288609839
clnsp370.wav,480,10.0,624000,14.667396105479032,11.893696745229276,14.70709854054187,3.4120571613311768,0.9870030437790914
clnsp371.wav,480,10.0,660000,9.710991208313299,6.7606402426558505,9.275221632946826,1.4607714414596558,0.915788598640428
clnsp372.wav,480,10.0,501600,17.591374787255496,12.669618072571685,17.60439469214242,3.043747663497925,0.9846468431853953
clnsp373.wav,480,10.0,548160,6.337596015401834,2.869947670352713,5.3360242974789,1.1849942207336426,0.7337635874145411
clnsp374.wav,480,10.0,497760,17.94811635409497,12.197990454679704,17.894305929145972,2.7489888668060303,0.9853203998964681
clnsp375.wav,480,10.0,575040,14.596346150438283,9.20874228623565,14.504039759389274,2.700366258621216,0.9795170958364103
clnsp376.wav,480,10.0,641280,17.75208095617709,12.989228777350013,17.721211073472794,2.4489505290985107,0.9786127976957847
clnsp377.wav,480,10.0,615840,9.010004774474965,4.820348191835087,8.619724698803438,1.637845754623413,0.9205692031022848
clnsp378.wav,480,10.0,530400,9.40189540526886,6.7854023771396355,8.873373816743754,1.455138087272644,0.8833055819082408
clnsp379.wav,480,10.0,754560,11.962179157648231,9.663901996352648,11.720530185911555,1.832784652709961,0.9157226169365137
clnsp38.wav,480,10.0,599520,13.018941777432701,9.92391047858716,12.90510734655716,2.0597236156463623,0.9526615014050488
clnsp380.wav,480,10.0,717120,13.854699024744253,9.736137841013187,13.872545450133982,1.7595751285552979,0.9358027792259204
clnsp381.wav,480,10.0,604320,16.55148432601064,12.734356198360386,16.46992947937902,2.837550640106201,0.9830767749809953
clnsp382.wav,480,10.0,487680,5.361303802112728,2.1859201524401612,4.152946580779198,1.1420836448669434,0.6864311068386998
clnsp383.wav,480,10.0,573600,4.028525102783902,2.807023971333796,13.68848707546939,1.7084910869598389,0.9269147223606892
clnsp384.wav,480,10.0,656160,18.519090899110726,12.84422091859732,18.46708288080655,2.9627339839935303,0.9846179687358052
clnsp385.wav,480,10.0,584640,4.5764894059295465,2.3488620287102795,2.8636700649462195,1.2742630243301392,0.8033078611926991
clnsp386.wav,480,10.0,577440,14.961738386748607,10.985115829767736,14.952370830591812,1.9467227458953857,0.9384727248168777
clnsp387.wav,480,10.0,543360,18.035142422458957,13.773093086576917,17.99096200898039,2.73937726020813,0.9604870104965667
clnsp388.wav,480,10.0,513120,8.489408614883642,5.485173957029505,8.216136712066998,1.4026947021484375,0.850504358147754
clnsp389.wav,480,10.0,587520,13.600222736520703,9.577259987623892,13.416972100135528,2.3041176795959473,0.9581573572849091
clnsp39.wav,480,10.0,500160,5.850760400722619,2.5562105779484368,4.550007083430639,1.233851432800293,0.834279628040615
clnsp390.wav,480,10.0,593760,17.24306812090736,13.333048556099488,17.160619123628706,3.2461726665496826,0.9852875582368669
clnsp391.wav,480,10.0,540480,10.85950590451668,8.333437398733315,10.546830418861726,1.7428873777389526,0.9419089232972997
clnsp392.wav,480,10.0,588960,15.505407064183203,11.935009227625926,15.406824333804698,2.9068851470947266,0.9755337004011472
clnsp393.wav,480,10.0,645120,14.571018568588318,12.089165909098277,14.424709849726618,2.6220076084136963,0.9788583309937577
clnsp394.wav,480,10.0,533280,11.079163324550272,10.191213540165835,10.932532427722663,2.0250942707061768,0.9438735640787136
clnsp395.wav,480,10.0,573120,16.230870830264386,11.663445125894903,16.233238346778677,3.5380587577819824,0.988550503856694
clnsp396.wav,480,10.0,577440,13.490723740449585,7.172071845478369,13.460958716386848,1.906960129737854,0.9536703705429158
clnsp397.wav,480,10.0,685920,11.67265386275698,6.118161961039118,11.706235589045708,1.6167709827423096,0.9267606593659795
clnsp398.wav,480,10.0,594240,17.612457461390537,13.574495531449612,17.55179317724066,2.8160550594329834,0.97225722241546
clnsp399.wav,480,10.0,672480,8.956440306882957,7.007046959101737,8.494590812813465,1.6668472290039062,0.8934584545049117
clnsp4.wav,480,10.0,529440,6.0752802544246585,3.9972883098881944,9.85957872220882,1.4156748056411743,0.8874006255473937
clnsp40.wav,480,10.0,573600,13.219769652576916,10.64960517141244,13.104809015688275,1.974691390991211,0.9578543131387979
clnsp400.wav,480,10.0,500640,13.769554517093201,9.650512570515657,13.59805411257489,2.3473269939422607,0.961178032463927
clnsp401.wav,480,10.0,559200,10.96956518115583,5.888261478382762,10.79363881281072,1.4708276987075806,0.8896012277216765
clnsp402.wav,480,10.0,613440,6.701355425259985,4.985768215923356,5.797804922077166,1.4514119625091553,0.885733436540389
clnsp403.wav,480,10.0,623040,4.03686803676224,2.142544909992219,9.446020911316975,1.287132740020752,0.856772620946694
clnsp404.wav,480,10.0,547200,10.573910804403486,6.398229502022326,10.302342637016174,1.5080039501190186,0.9051235654581811
clnsp405.wav,480,10.0,530880,3.26546778075748,0.7327628038927877,0.52708036622423,1.1302592754364014,0.6847201265905514
clnsp406.wav,480,10.0,626880,17.70229369159383,12.919311124551323,17.712313088274808,2.915792465209961,0.9795281321945043
clnsp407.wav,480,10.0,707040,9.26471673925066,10.545832643125271,8.935746370857643,2.4048690795898438,0.9715403199369838
clnsp408.wav,479,9.979166666666666,590881,10.776424473952755,10.109686696201676,10.78681782093785,3.4538092613220215,0.9571736788301416
clnsp409.wav,480,10.0,740640,13.410829244773643,9.212031802282278,13.249487794531053,1.7578842639923096,0.9179559759511053
clnsp41.wav,480,10.0,629280,9.002179417953148,4.032268008375273,8.431236367824699,1.2503663301467896,0.8232471867516196
clnsp410.wav,480,10.0,607680,18.523966075831733,14.094255541491979,18.4924254399736,3.218069314956665,0.9884711319284649
clnsp411.wav,480,10.0,624000,11.697243996993201,8.429572524662925,11.43541081704527,1.8687366247177124,0.9450934942156307
clnsp412.wav,480,10.0,697440,12.00024228152099,9.821193574075025,11.814822091667896,2.0730338096618652,0.9320449125492216
clnsp413.wav,480,10.0,565920,8.537925249841713,5.774265445474371,8.033173022925371,1.2903639078140259,0.8969233607783587
clnsp414.wav,480,10.0,718080,12.80905193320664,10.866621929200134,12.59870874316527,2.484680652618408,0.939018103313118
clnsp415.wav,480,10.0,535680,14.3200644866242,10.07886032633308,14.157108128643333,2.422600030899048,0.9730377792083146
clnsp416.wav,480,10.0,555840,18.59535431163884,14.790736130915121,18.544514137466678,3.158507823944092,0.9767762216687677
clnsp417.wav,480,10.0,548640,16.27846853565523,13.262118731613,16.20950367610896,2.5553741455078125,0.9614809322785765
clnsp418.wav,480,10.0,485280,13.824668707765785,10.984429275257863,13.664128089970532,3.1138203144073486,0.9627927921845281
clnsp419.wav,480,10.0,526080,18.050988517218055,12.169019218991185,17.993163110984856,2.7511098384857178,0.9812789801658424
clnsp42.wav,480,10.0,533760,17.011285281593537,10.367679152640639,16.962404468950037,2.19818377494812,0.9819809793489843
clnsp420.wav,480,10.0,519360,5.379020711167913,5.422427643606295,4.01842844343159,1.2988561391830444,0.7526089138282207
clnsp421.wav,479,9.979166666666666,566401,2.964087821570992,1.8757765311843326,0.14307503631926588,1.125844120979309,0.6268932077595619
clnsp422.wav,480,10.0,519360,3.91930725921704,0.7406285358860771,1.6666392887057635,1.1581125259399414,0.6976355314394492
clnsp423.wav,480,10.0,688800,13.921478458649378,9.801022016349775,13.767962090303252,2.214965581893921,0.9262981512197207
clnsp424.wav,480,10.0,552480,11.861420701811642,8.593448935957776,11.704545327293532,2.265934944152832,0.9427757593309662
clnsp425.wav,480,10.0,482400,10.764867903502672,11.557815409432147,10.44883802997581,2.429487466812134,0.9373798661764918
clnsp426.wav,480,10.0,559680,15.150376378118454,11.062274599642373,15.033674288990877,2.266509532928467,0.9596372326780339
clnsp427.wav,479,9.979166666666666,494881,3.927860910358088,1.49152454160334,1.890261143434471,1.1672487258911133,0.7469230200005891
clnsp428.wav,480,10.0,631680,19.322354814456805,12.866156277744068,19.280965156196824,2.8747007846832275,0.9837274052858672
clnsp429.wav,480,10.0,549600,15.370607456112486,11.29805184311083,15.268600171373512,2.2056000232696533,0.9517613483385621
clnsp43.wav,480,10.0,500160,5.441683360030175,2.399168786610059,4.100411209656082,1.30016028881073,0.7789365028322365
clnsp430.wav,480,10.0,631200,16.09655849548588,11.839011270234977,16.007913113992178,2.859898328781128,0.9822047619463051
clnsp431.wav,480,10.0,512640,9.344286742243362,7.7261050999271985,8.90183704392988,1.6894831657409668,0.8925048093840767
clnsp432.wav,480,10.0,533280,17.735358912067515,13.510403708449598,17.685461464310563,3.1484978199005127,0.9799755720612885
clnsp433.wav,480,10.0,624000,12.935301610624352,10.421399486643804,12.730747724329367,2.557936906814575,0.9655949776793815
clnsp434.wav,480,10.0,502080,14.523943593988903,10.445557277462195,14.379001386862013,2.278963565826416,0.9656070161388269
clnsp435.wav,480,10.0,569760,14.88317901336359,9.946029537298003,14.807044971146588,2.10190749168396,0.9512455691905318
clnsp436.wav,480,10.0,607200,10.888654416826522,6.342174270069779,10.524232807029337,1.7578997611999512,0.9401930224695506
clnsp437.wav,480,10.0,559200,13.50868715475501,10.074718728058425,13.346188126741463,1.8897509574890137,0.937310280086109
clnsp438.wav,480,10.0,536160,4.609713657036638,2.184663211918739,2.8331587711681157,1.1623471975326538,0.7302659083335032
clnsp439.wav,480,10.0,714240,14.456609296210239,12.053076253717414,14.372672208520482,2.388589859008789,0.9581949192940395
clnsp44.wav,480,10.0,480000,6.928648257265415,4.239722684142599,6.039192703339057,1.154354453086853,0.8330956503579721
clnsp440.wav,480,10.0,600480,12.921866858985421,10.200886993058514,12.747617389622551,2.22507905960083,0.9242271012873977
clnsp441.wav,480,10.0,623040,16.886261336301637,12.563765267596839,16.81321235375111,3.1651809215545654,0.9795146666511125
clnsp442.wav,480,10.0,487680,4.477414967922586,2.753169274804914,2.683315204329864,1.167498230934143,0.757029006945457
clnsp443.wav,480,10.0,689280,14.991745189346002,10.295249490076662,14.86152169433317,2.0499534606933594,0.9632269634896868
clnsp444.wav,480,10.0,564960,12.69384114728956,8.514691995870983,12.486620673054071,2.26172137260437,0.9756125411104487
clnsp445.wav,480,10.0,519360,8.004593885292543,5.146282660068499,7.360512799928765,1.319464921951294,0.8536709865729905
clnsp446.wav,480,10.0,530880,14.287035671464114,9.637210612168765,14.443557020219293,2.1898605823516846,0.9658097750862417
clnsp447.wav,480,10.0,480480,10.838631777931681,5.164628138291394,10.488607758036554,1.6521313190460205,0.9400979082303533
clnsp448.wav,480,10.0,586560,14.739427954231106,11.74885328239028,14.5991772437232,2.7840635776519775,0.9669813519773326
clnsp449.wav,480,10.0,592320,15.004698086585453,10.417919024177912,15.033718604419084,2.009679079055786,0.9636897840421125
clnsp45.wav,480,10.0,539520,12.843775027093855,7.860836085660269,12.66399341394554,1.8786377906799316,0.9565150528159234
clnsp450.wav,480,10.0,668640,15.230868749793188,11.442877699446704,15.133822932443406,2.0050926208496094,0.9684340329008073
clnsp451.wav,480,10.0,502560,5.514834365488105,6.062085111188302,4.194214871520389,1.4255449771881104,0.8432894288203778
clnsp452.wav,480,10.0,513120,14.691885022362978,10.540609536190257,14.641950951885063,2.866213083267212,0.9664890709109569
clnsp453.wav,480,10.0,652800,9.832126529420997,5.88949010729806,9.426266355573254,1.7197151184082031,0.9385680532274858
clnsp454.wav,480,10.0,511680,11.357018752519608,8.97569652736593,11.153954185689834,1.6463850736618042,0.9115494578404402
clnsp455.wav,480,10.0,641280,2.7288579896209875,1.4324652168373264,0.08585832241236811,1.1119377613067627,0.7155183494127051
clnsp456.wav,480,10.0,632160,4.742929562252758,1.8209547940351063,2.968925929515719,1.145987868309021,0.7236865209421999
clnsp457.wav,479,9.979166666666666,602881,14.196851221109867,9.74175245429637,14.133645387373441,3.3336617946624756,0.9750114297602678
clnsp458.wav,480,10.0,533760,15.591576420857468,11.810923146090534,15.486340411266976,2.4098598957061768,0.9722988967440138
clnsp459.wav,480,10.0,565440,15.82877470406663,11.980202032006083,15.71660635595467,2.864795684814453,0.9810112580884279
clnsp46.wav,480,10.0,576000,12.56423410138511,9.907856602182173,12.33205811476893,1.9292603731155396,0.9236685399742992
clnsp460.wav,480,10.0,510240,17.017086786560444,12.819081439372985,16.953758905571114,2.5246193408966064,0.9664202782783194
clnsp461.wav,480,10.0,587520,17.84399818419142,13.847554613942897,17.787316155196578,3.166710138320923,0.9897694228485509
clnsp462.wav,480,10.0,601440,13.871188150207427,10.405085377843188,13.803830438296444,2.461923122406006,0.9554423745833469
clnsp463.wav,480,10.0,658560,17.857392032014964,12.16259255944071,17.843146783485217,2.934040069580078,0.9903656282821885
clnsp464.wav,480,10.0,607680,18.43011603143365,13.992659491254589,18.40261669314963,3.138051748275757,0.9879710689991403
clnsp465.wav,480,10.0,492000,12.078499023274869,7.871335561692099,11.853755697846474,1.9153308868408203,0.929676969506079
clnsp466.wav,480,10.0,532320,15.669941068356763,11.290703317471323,15.577676224127256,2.519178628921509,0.9595182854711872
clnsp467.wav,479,9.979166666666666,514081,16.68230454387787,10.669196592753554,16.592008367044443,1.8585854768753052,0.9551492519918822
clnsp468.wav,480,10.0,506400,16.438041512024327,10.89708900622361,16.36186444742884,2.536534547805786,0.9645731693125941
clnsp469.wav,480,10.0,506880,17.814962353714034,13.499835739849763,17.805360715987838,2.7662618160247803,0.9871304762787134
clnsp47.wav,480,10.0,653280,18.934650932930182,14.439728323750488,18.914593156742963,3.362194299697876,0.9773278924166684
clnsp470.wav,480,10.0,666720,4.613239887207036,2.5136680388157915,2.837030620772489,1.155035138130188,0.7106278060147796
clnsp471.wav,480,10.0,576480,18.789870888518102,13.716308385207851,18.754381458746387,3.4118409156799316,0.9946855333525456
clnsp472.wav,479,9.979166666666666,558721,16.793006922507413,10.505913401084326,16.709703348431045,2.1848273277282715,0.967138482713066
clnsp473.wav,480,10.0,554880,13.00440224208511,9.659782009968286,12.798941959061858,1.8763306140899658,0.9367768193469339
clnsp474.wav,480,10.0,637440,15.957860895513782,12.874877009580086,15.93845610504378,3.317927598953247,0.9816474949420156
clnsp475.wav,480,10.0,639840,15.057852307141959,11.296613138494388,14.920635978371521,2.1749322414398193,0.977481371995841
clnsp476.wav,480,10.0,480960,9.262124142508688,7.328164937240183,8.715223986670486,1.3388056755065918,0.8569593765743866
clnsp477.wav,480,10.0,571200,13.259333849146472,8.860967714092888,13.054337172036504,2.144845962524414,0.9615184776856169
clnsp478.wav,480,10.0,622080,5.293318287981224,2.9880801421435303,3.9658439717627387,1.3052899837493896,0.8641501717716841
clnsp479.wav,480,10.0,714240,14.005517278528512,8.238814279507766,13.833171254344773,2.0884459018707275,0.9401866521306808
clnsp48.wav,480,10.0,499200,13.073869891614097,9.5703989067272,12.870882066529061,2.60513973236084,0.974540492919721
clnsp480.wav,480,10.0,634560,10.992010484028123,7.11694742150198,10.688590191781557,1.982517957687378,0.9509932909165131
clnsp481.wav,480,10.0,599040,13.980367536252738,10.994885745164456,13.881711908804647,2.1739566326141357,0.939825189604868
clnsp482.wav,480,10.0,684480,15.591716228962717,11.384131968762047,15.47646336084141,2.4625165462493896,0.9528461041360056
clnsp483.wav,480,10.0,559200,6.554774889117121,2.5386047779256677,5.5422901523382855,1.1468408107757568,0.7444262005013532
clnsp484.wav,480,10.0,627840,15.615334731150167,11.961337132715386,15.499752884554459,3.071727752685547,0.9797740185457406
clnsp485.wav,480,10.0,566880,13.2309497103872,8.026937411062807,13.038964875185172,1.6883454322814941,0.9658432645069732
clnsp486.wav,480,10.0,539520,8.021108938313048,5.7986647546075964,7.569181725164734,1.4956045150756836,0.883554192900254
clnsp487.wav,480,10.0,614880,15.640709566934603,12.94224418557702,15.551513456028863,3.2235476970672607,0.9853803311179529
clnsp488.wav,479,9.979166666666666,548161,7.164314002431293,3.4140464481157746,6.238337142691963,1.1445956230163574,0.7564604087830191
clnsp489.wav,480,10.0,584160,4.587722648720371,1.8929282586679061,2.797904671163327,1.2036125659942627,0.8349209893558822
clnsp49.wav,480,10.0,499680,13.967800376376422,10.096510831813005,13.804738159624483,2.779696226119995,0.9700522636892513
clnsp490.wav,480,10.0,689280,13.68246827845308,10.109479006307064,13.658737251761806,2.355950355529785,0.9575498693243988
clnsp491.wav,480,10.0,562560,15.549071584291557,11.931130434181435,15.460424237830688,2.250133514404297,0.9411324629061019
clnsp492.wav,480,10.0,616320,16.859885039071727,11.867394802636868,16.849479785574186,2.484501361846924,0.9844130787730597
clnsp493.wav,480,10.0,525120,13.907065194047894,9.610384888213956,13.82943764557534,2.001394748687744,0.9638189250186219
clnsp494.wav,480,10.0,585600,12.229359265915248,9.84900400200323,12.147294363262196,2.214860439300537,0.9367225737676396
clnsp495.wav,480,10.0,662880,15.651701589828885,12.320445150397394,15.56626340241788,2.7394230365753174,0.9704745436450988
clnsp496.wav,480,10.0,510240,17.885949321854003,13.332162995448513,17.842972290686646,3.3283023834228516,0.9712055852946099
clnsp497.wav,480,10.0,532800,17.137602884793758,10.041849863149356,17.13731125069826,1.7993321418762207,0.9688355737350544
clnsp498.wav,480,10.0,486240,14.288450069111702,12.395395504851512,14.353524069455258,3.111739158630371,0.982061377730184
clnsp499.wav,480,10.0,534240,18.85976344030497,13.347936030404327,18.8364225400555,2.997220039367676,0.9889839903331678
clnsp5.wav,479,9.979166666666666,534721,12.084459065381557,6.938401434785844,12.058185174200753,2.1079530715942383,0.9257867628748343
clnsp50.wav,480,10.0,554400,10.474837974338872,4.541485585064226,10.209821304413687,1.6544594764709473,0.92669085539169
clnsp500.wav,480,10.0,686400,16.337507083033266,11.885314012246175,16.241422071464065,2.7742083072662354,0.9794689907411066
clnsp501.wav,480,10.0,628800,15.81742481099619,12.92848128853971,15.703016106886727,2.906369686126709,0.9790932553786342
clnsp502.wav,480,10.0,480480,11.122410229707677,6.315485247435617,10.810045737902971,1.7860608100891113,0.922198731987459
clnsp503.wav,480,10.0,602400,17.05570718189768,10.766050235377348,16.973070703054635,2.5071427822113037,0.9863986046628997
clnsp504.wav,480,10.0,542880,5.873827146965244,3.498923639056652,11.322818083814717,1.401096224784851,0.8761339357041581
clnsp505.wav,480,10.0,504480,17.7486594002393,12.974602072415957,17.694426062300014,3.22478985786438,0.9852943792930007
clnsp506.wav,480,10.0,566880,15.927110327163875,9.850310870706053,15.817318600140888,2.368586778640747,0.9785775411201305
clnsp507.wav,480,10.0,609600,11.620990350280952,8.139988640658608,11.323314164646218,1.6887367963790894,0.9200827534399673
clnsp508.wav,480,10.0,500160,17.99530702094936,12.526962065806876,17.95927229527485,2.847364902496338,0.9846363681292692
clnsp509.wav,480,10.0,637920,15.277595678492947,9.07758054354865,15.168937364684151,2.747677803039551,0.9713550026930897
clnsp51.wav,480,10.0,529920,13.275228003208912,7.9714744681060505,13.11181631649296,1.970902919769287,0.9447993729303247
clnsp510.wav,480,10.0,728160,5.135318475221833,1.8186220072959962,3.5678110699532284,1.1409032344818115,0.7265448531051834
clnsp511.wav,480,10.0,565440,13.940948999919929,10.369104609397166,13.766986783390509,2.188255548477173,0.9385400017350236
clnsp512.wav,480,10.0,766080,14.314380057615278,10.937952365348957,14.16345056871843,2.681880235671997,0.9726955595630069
clnsp513.wav,480,10.0,509760,17.933998596375208,14.541243108726865,17.877785017657438,2.861219644546509,0.9809964958641713
clnsp514.wav,480,10.0,590880,16.967445456643187,12.148342831210833,16.879661991221695,3.0051450729370117,0.9767534168978399
clnsp515.wav,480,10.0,648000,15.632130932522754,10.897555603663218,15.52222984554727,2.2787957191467285,0.9632028223990554
clnsp516.wav,480,10.0,561600,10.3994151654099,8.989799226244687,10.005860355779237,1.6560962200164795,0.9253719879261215
clnsp517.wav,479,9.979166666666666,616321,13.568051440298152,10.148526793000704,13.404033157416656,1.8684182167053223,0.927594475109633
clnsp518.wav,480,10.0,756480,17.40727138316997,13.369840485843195,17.34749877028589,2.560133695602417,0.9709324692233774
clnsp519.wav,479,9.979166666666666,553441,7.250068498100091,4.3650596093324605,6.3902956565367,1.1754419803619385,0.7604691505651916
clnsp52.wav,480,10.0,538080,10.788797961859606,8.426164723514786,10.42821408954845,1.7508087158203125,0.9264611099322833
clnsp520.wav,480,10.0,566880,17.28951226756302,11.480646286023939,17.31920495472448,2.806766986846924,0.9818926125474323
clnsp521.wav,480,10.0,493920,3.460004520282814,0.4671498433725166,0.9548363209076638,1.0953984260559082,0.7241416011999331
clnsp522.wav,480,10.0,607200,15.265515401337728,9.750405800420411,15.258584584410237,2.6890757083892822,0.9806861368831372
clnsp523.wav,480,10.0,624480,15.229502387167761,10.53238471324581,15.161249231978985,2.5364248752593994,0.9504300764323861
clnsp524.wav,480,10.0,495840,18.016373307412522,13.646009851947884,18.0130469140717,3.3877971172332764,0.98668988419719
clnsp525.wav,479,9.979166666666666,557281,8.918107134317834,6.877345249791194,8.550063505863662,2.0453877449035645,0.898761304397314
clnsp526.wav,480,10.0,526080,15.531056912516055,12.92779233403715,15.426056553113185,2.310511827468872,0.9495247363600076
clnsp527.wav,480,10.0,633120,16.792566127590085,12.893757914958496,16.728160079379382,2.7454357147216797,0.9815854311167024
clnsp528.wav,480,10.0,624000,7.314602060860016,2.674845251129211,6.49851008684576,1.4207653999328613,0.9235416350950635
clnsp529.wav,480,10.0,481440,11.668160728352854,8.919901968299412,11.409093822438312,2.597203254699707,0.9434820639804331
clnsp53.wav,480,10.0,519360,11.919646737825003,7.905784927455931,11.633960336391098,1.7240588665008545,0.9588994141365021
clnsp530.wav,480,10.0,528960,11.494567998679683,7.021946359200746,11.288814213789395,2.050487756729126,0.9442486564995656
clnsp531.wav,480,10.0,619200,16.034478147027734,11.408297445413814,15.933653616281546,1.9551987648010254,0.9699938627098823
clnsp532.wav,480,10.0,589440,16.51663572346958,12.011060567700945,16.424037093619617,2.8748960494995117,0.9818703964526524
clnsp533.wav,480,10.0,607200,16.40907940155804,10.371879739954556,16.502447309341566,2.4884214401245117,0.9740760653334337
clnsp534.wav,480,10.0,552960,10.961177954058947,8.10125836218601,10.709084486548175,2.0249502658843994,0.9480465773932645
clnsp535.wav,480,10.0,541440,7.860813774122427,9.040854850514535,7.352738510695933,2.2223596572875977,0.943541954493277
clnsp536.wav,480,10.0,595200,13.276059985858087,10.598990316124576,13.111888635357525,2.4983232021331787,0.9489906684283442
clnsp537.wav,480,10.0,612480,15.924345585238955,12.300214256970147,15.812023253223241,3.379930019378662,0.9816409137789801
clnsp538.wav,480,10.0,518880,10.695736511242917,5.87013618337127,10.439661544692099,1.3866817951202393,0.8674081461955455
clnsp539.wav,480,10.0,560640,4.405004231797046,1.9341551500279694,2.4709608347587633,1.1366413831710815,0.6724276145738555
clnsp54.wav,480,10.0,629280,13.539168735445886,9.90154967669239,13.398437659383191,2.064859628677368,0.9454630302358548
clnsp540.wav,480,10.0,627840,17.96436903781393,12.624680495066546,18.058927340382226,2.873621940612793,0.9792647989142583
clnsp541.wav,480,10.0,643200,10.970711846145644,7.183112171313709,10.649672156358157,1.738827109336853,0.9145973850672752
clnsp542.wav,480,10.0,520320,18.64634313909526,13.213243178623138,18.613524994712247,2.893458366394043,0.9850482874310614
clnsp543.wav,480,10.0,648000,15.965248170940146,11.41065239805884,15.85837035727266,2.3803040981292725,0.9632248631080885
clnsp544.wav,480,10.0,626400,11.547625506575926,8.601201988628816,11.292283247502601,1.6040771007537842,0.9432747558560802
clnsp545.wav,480,10.0,523680,16.54110457969599,11.799460121102973,16.44517092822565,2.817974328994751,0.9781227785381574
clnsp546.wav,480,10.0,568800,3.3238691798669393,0.6444483297310502,0.8277209016372021,1.1100488901138306,0.666613535517134
clnsp547.wav,480,10.0,631680,11.65551465770805,7.836898446886836,11.350032173295574,1.4997881650924683,0.9245458352291109
clnsp548.wav,479,9.979166666666666,612961,15.260118848348448,8.223801889963253,15.162791821095912,2.6807615756988525,0.9833631981139415
clnsp549.wav,480,10.0,561600,17.551979654645095,10.961175144441674,17.476356402682157,3.327575206756592,0.9804124249444568
clnsp55.wav,480,10.0,653280,13.65287928829093,10.787233265432704,13.594756710065285,2.2322492599487305,0.9701505405990624
clnsp550.wav,480,10.0,506880,16.15697070599821,9.278055725225654,16.126675561463145,2.5168850421905518,0.9693001664723113
clnsp551.wav,480,10.0,581280,15.45125921111562,12.394741662410583,15.370909256500036,3.4955451488494873,0.9871127417372589
clnsp552.wav,480,10.0,498720,6.741403221880952,4.282613522737446,5.717165668778686,1.30460786819458,0.8270597805683068
clnsp553.wav,480,10.0,763680,15.522844453442211,9.58234527589416,15.421417857485826,2.25256609916687,0.9675044677932046
clnsp554.wav,480,10.0,577920,16.409275313097854,12.26980014838575,16.354907102240027,2.997889518737793,0.9779965213691728
clnsp555.wav,480,10.0,576960,9.583600424974485,8.302555772349885,9.095520967808742,1.8221904039382935,0.9467067391022446
clnsp556.wav,480,10.0,686400,16.625276900965012,13.576893533886809,16.594333706306085,3.275670289993286,0.9865978088781624
clnsp557.wav,480,10.0,494400,7.911397773821519,4.614487489194579,7.152315419970407,1.3072264194488525,0.8785219448271518
clnsp558.wav,480,10.0,576480,8.221322583135468,9.60742010119841,7.809781186179751,2.298661470413208,0.9538395978686088
clnsp559.wav,480,10.0,519360,19.43579835166681,15.16917430872829,19.429958195863534,3.1440165042877197,0.9888535320783373
clnsp56.wav,480,10.0,522240,18.01673380026729,11.479033511066087,17.98994436404418,2.658616781234741,0.9858594008431166
clnsp560.wav,480,10.0,559200,18.08909062988127,12.403895151809788,18.070425816532104,3.159788131713867,0.9719441410814508
clnsp561.wav,479,9.979166666666666,484801,9.889218190604177,5.290966983918584,9.606580885468034,1.4977104663848877,0.878796124618986
clnsp562.wav,480,10.0,523200,1.9432414772229356,-0.5433508919558002,-1.2330170730105023,1.0931870937347412,0.643846707075891
clnsp563.wav,480,10.0,533280,18.682227351838385,13.014327110855728,18.646312285329497,2.9677445888519287,0.9850561600616432
clnsp564.wav,480,10.0,713280,13.662682921879412,10.896396917043578,13.482116490710025,2.751499891281128,0.965986361373987
clnsp565.wav,480,10.0,510720,13.881418111722148,9.098375858428591,13.758094023118437,2.4733388423919678,0.9715660204310114
clnsp566.wav,480,10.0,620640,12.265324342818362,9.728972142291376,12.043302472060716,1.891958475112915,0.9286250899334657
clnsp567.wav,480,10.0,531840,14.705872191448485,11.07175556110229,14.580633435854589,2.4410977363586426,0.973278625581059
clnsp568.wav,480,10.0,561600,5.336016360772376,1.9180865357695214,3.8438171875652953,1.2254002094268799,0.7592920347154846
clnsp569.wav,480,10.0,566400,14.655698065771897,11.831174812882017,14.582714332678584,2.1593594551086426,0.9557679839508805
clnsp57.wav,479,9.979166666666666,489601,13.975638785880676,9.304412448484946,13.801965825024414,2.5506086349487305,0.9608141405787569
clnsp570.wav,480,10.0,522240,12.125398910220468,9.505742100707927,11.919214622724159,2.0965476036071777,0.9228827354459469
clnsp571.wav,479,9.979166666666666,528001,11.29601809419971,5.179171840332822,11.250143905197959,1.4999690055847168,0.892288013471302
clnsp572.wav,480,10.0,526080,5.470484678878629,2.1054290658460992,4.027461630017996,1.2086933851242065,0.7872565010445863
clnsp573.wav,480,10.0,597120,18.34045368711681,12.304719347341067,18.317865541321304,3.1261208057403564,0.9846149375408579
clnsp574.wav,479,9.979166666666666,496321,7.094051410682615,6.903887745016803,6.2380390984505,1.7639245986938477,0.891250275598508
clnsp575.wav,479,9.979166666666666,588481,5.291257936587167,1.4671717451105706,3.8383033985639248,1.1557509899139404,0.7779965313329152
clnsp576.wav,480,10.0,596640,13.328563391017346,7.253189446495363,13.250537136022626,1.5992281436920166,0.9230709814082309
clnsp577.wav,479,9.979166666666666,623521,4.978638818551133,1.818415982739488,7.107310790359604,1.266542911529541,0.8080994917695477
clnsp578.wav,480,10.0,575040,3.945957608278193,1.2171055915370845,1.7150335555407121,1.1396397352218628,0.7175609751575722
clnsp579.wav,480,10.0,558240,17.236458882271904,11.90463631124827,17.176639461892865,3.085526704788208,0.9843342481608417
clnsp58.wav,480,10.0,491520,12.154805116972119,9.15292841941047,11.89785690459888,2.1114866733551025,0.9627839008102961
clnsp580.wav,480,10.0,517440,17.17490519694147,12.075281442469548,17.1189038424611,3.2593584060668945,0.9804819366818713
clnsp581.wav,480,10.0,561120,14.179109376310796,11.686291065790464,14.092627288979834,2.54604172706604,0.9546784632040662
clnsp582.wav,480,10.0,570720,10.806032695191947,8.069071919318421,10.489726207433794,1.8494000434875488,0.9223076506480321
clnsp583.wav,480,10.0,550080,12.641629488699913,7.678877947688703,12.422812133344596,1.6371827125549316,0.930978260973654
clnsp584.wav,480,10.0,546240,19.24234801437923,13.860929426482041,19.229375247282697,3.1016952991485596,0.9800569547540683
clnsp585.wav,480,10.0,591840,15.953729590498833,11.287105171578794,15.854461820637445,2.908902168273926,0.9773329601900717
clnsp586.wav,480,10.0,635520,4.004697114650667,1.9818259154214022,8.670471431226076,1.3160897493362427,0.8198466436326368
clnsp587.wav,480,10.0,502560,15.332428614659122,11.387737002611015,15.232211701435501,2.5038890838623047,0.9479625192995741
clnsp588.wav,480,10.0,484320,15.341782481085177,11.596477241955164,15.229038121715616,2.576978921890259,0.9577301361824248
clnsp589.wav,480,10.0,541920,8.46651786906823,4.140173372678174,7.835534156615806,1.2328200340270996,0.8300197418155735
clnsp59.wav,480,10.0,501600,5.429012644806152,2.4955184368207557,3.981396122908735,1.2062522172927856,0.8710410739975795
clnsp590.wav,480,10.0,654720,16.323618156696313,12.49315372255136,16.22652419974956,3.0664656162261963,0.9787942255934401
clnsp591.wav,480,10.0,612000,9.753574995557475,6.925753908983746,9.284472218749706,1.9219077825546265,0.9393261994442375
clnsp592.wav,479,9.979166666666666,587041,17.385437925728297,11.162273896216476,17.317049462409084,2.7162837982177734,0.9757784429285152
clnsp593.wav,480,10.0,577920,4.861346462690529,2.9629535046380737,3.2090631247284525,1.1120599508285522,0.695307966703196
clnsp594.wav,480,10.0,514560,18.022035756891565,14.933529947331818,17.96985622721384,3.26450777053833,0.9896802358390436
clnsp595.wav,480,10.0,481920,14.335828771280264,12.736193128140979,14.374448345692945,2.6523213386535645,0.9729465699049022
clnsp596.wav,480,10.0,516960,16.519478925217193,12.501253322896902,16.48332426956561,2.984684705734253,0.9875424786288832
clnsp597.wav,480,10.0,671520,9.46755665775207,6.4923947378073885,9.08543557179457,1.495476245880127,0.8921019849151136
clnsp598.wav,480,10.0,521760,16.04388624307989,12.17166808300715,15.939584513994799,2.389329671859741,0.9768895287302496
clnsp599.wav,480,10.0,568800,0.993031580831746,-1.3860242616006155,-5.014590717845308,1.0956579446792603,0.5400660776997276
clnsp6.wav,480,10.0,604320,13.1277430781369,8.928167998229698,12.944324096490105,1.935966968536377,0.9314440623403702
clnsp60.wav,480,10.0,496800,13.853056282002267,9.065286602323297,13.768422377351888,2.5333051681518555,0.9716155172297558
clnsp600.wav,480,10.0,515040,14.7897483064866,11.237307703612597,14.663333025318057,2.4223358631134033,0.9557356610013981
clnsp601.wav,480,10.0,633120,10.377032721896796,5.972012042664827,9.972653400628408,1.5674169063568115,0.9155446797474466
clnsp602.wav,480,10.0,607680,18.188165155237538,13.412050432075437,18.165899872182543,2.864489793777466,0.9858492560901174
clnsp603.wav,480,10.0,550560,6.406388112186349,5.240471112589597,5.3820978656945275,1.3694607019424438,0.8459719742270797
clnsp604.wav,480,10.0,581760,16.025392069924266,12.762052357827933,15.91637632589495,2.809568166732788,0.9713587689026646
clnsp605.wav,480,10.0,590880,13.808051189392973,12.188397402338893,13.730115896023875,2.275176763534546,0.9667010514557709
clnsp606.wav,480,10.0,553920,8.040494019563791,10.413960514879932,7.447231912355203,2.340769052505493,0.9494113523674924
clnsp607.wav,480,10.0,648000,5.8316219308266835,2.833906694702734,4.536648575061574,1.1620291471481323,0.7179287423454745
clnsp608.wav,480,10.0,549600,9.87742316463968,10.065857189037564,9.449770679289557,1.8879172801971436,0.8962460338775898
clnsp609.wav,480,10.0,572160,16.572322488644442,11.25570322040924,16.494811064660116,2.640789031982422,0.9622592343659333
clnsp61.wav,480,10.0,499200,4.10267980305816,0.732483558387544,2.2227594845189786,1.1765209436416626,0.7790410350511885
clnsp610.wav,480,10.0,541920,11.311214324098453,10.972223261502657,11.086922831351508,3.134138822555542,0.9582179074696737
clnsp611.wav,480,10.0,535200,14.173367392465456,9.208165470112407,14.026776154580629,1.832140326499939,0.9587984076863421
clnsp612.wav,480,10.0,538560,15.306004714387953,11.102075393759616,15.213662051446391,2.20365834236145,0.9352397198732463
clnsp613.wav,480,10.0,518880,15.398138428520804,12.193753514260708,15.435607487798821,2.3141562938690186,0.9676105170984479
clnsp614.wav,479,9.979166666666666,536161,17.216204586428535,11.822097500786297,17.133993361890735,2.078186273574829,0.9726531825886011
clnsp615.wav,480,10.0,570240,16.268738282019573,13.354641207337332,16.183869161248815,2.847677230834961,0.979094288067922
clnsp616.wav,480,10.0,520320,12.943569378886169,8.539758320656546,12.719926687190359,1.7010557651519775,0.9399604402016716
clnsp617.wav,479,9.979166666666666,520801,6.629848114099488,2.7575530546026363,5.583959487188751,1.2765991687774658,0.8204366388780813
clnsp618.wav,480,10.0,739200,17.10478478505778,13.250674209262382,17.055812117167278,3.0970633029937744,0.9791077584212242
clnsp619.wav,480,10.0,529920,15.952968975878203,11.240668333062048,15.856770381183338,2.7625575065612793,0.9751349079589312
clnsp62.wav,479,9.979166666666666,482401,7.027086584846732,4.253437470472912,12.098928713237534,1.4942231178283691,0.8707807060475394
clnsp620.wav,480,10.0,509760,14.080467989333414,9.766308563602989,14.106192772148301,1.9844937324523926,0.9609430077002755
clnsp621.wav,480,10.0,625440,2.1390348069574285,0.42382003195717516,-1.732736210404321,1.0860825777053833,0.5941317951020922
clnsp622.wav,480,10.0,543840,16.564723944585413,8.710011098160301,16.47942106321469,2.1195125579833984,0.9730441331307176
clnsp623.wav,480,10.0,552480,17.118589052811423,13.737800153558272,17.03375242821844,2.910163402557373,0.9772321970849691
clnsp624.wav,480,10.0,492480,0.8756871601906292,-0.6203586407567845,-5.813613615269229,1.094274640083313,0.5439848214630781
clnsp625.wav,480,10.0,634560,14.695232105138839,9.548861184360645,14.582884287939713,1.989894151687622,0.9557014089494816
clnsp626.wav,480,10.0,754560,10.124542804612345,6.578349908524477,9.742745260136457,1.7094571590423584,0.9174176188090734
clnsp627.wav,480,10.0,591360,17.813148916118998,12.358923689998926,17.781437193024793,2.625572681427002,0.9752428754526308
clnsp628.wav,479,9.979166666666666,481921,17.021307561963,9.708947067193522,16.94799251001634,2.4563496112823486,0.9659670412435358
clnsp629.wav,480,10.0,596640,12.252886947959563,8.062650216365386,12.101140405497812,1.8695030212402344,0.9240003489732601
clnsp63.wav,480,10.0,545280,15.364048945350584,10.235721692001633,15.244128100865407,2.7828967571258545,0.9876226193199711
clnsp630.wav,479,9.979166666666666,537121,15.69773879021554,10.960668058909844,15.618158020509028,2.0749948024749756,0.9539258008613987
clnsp631.wav,480,10.0,597600,6.720808036179625,8.210692913283658,5.862155687697324,1.8042734861373901,0.9012667409307701
clnsp632.wav,480,10.0,504960,14.021745887899193,11.657006004683101,13.99289429571309,2.8416147232055664,0.9572312393852251
clnsp633.wav,480,10.0,581280,16.75915628881999,12.249773141199668,16.68199502295186,3.053814649581909,0.9742641063503229
clnsp634.wav,480,10.0,616800,16.362907771741476,12.643191485165502,16.261888186133383,2.2678747177124023,0.9560494254428645
clnsp635.wav,480,10.0,712320,11.492956770640992,9.026045735062363,11.268528431851578,2.1401660442352295,0.9321125564009256
clnsp636.wav,480,10.0,484800,15.73793652911782,12.213618782073794,15.704771116234994,2.9679651260375977,0.9756993529845696
clnsp637.wav,480,10.0,648000,15.85189680770102,11.405641496178852,15.73959579123822,2.154000759124756,0.9571975247349481
clnsp638.wav,480,10.0,498720,17.170681585833837,11.468007667230262,17.231555286231938,2.300010919570923,0.9642878052789223
clnsp639.wav,480,10.0,669120,1.8947614842050262,1.0152922464869172,8.655984631602095,1.2781994342803955,0.8502791392065848
clnsp64.wav,480,10.0,583200,4.177945779306184,1.3834137220846894,4.537295315008281,1.0948996543884277,0.7241204257537569
clnsp640.wav,480,10.0,584160,4.3049184011269235,1.858153089341629,2.30063749755431,1.1579192876815796,0.8089224482619548
clnsp641.wav,480,10.0,658560,15.68284795933787,11.116251936031203,15.647409873148472,2.411834716796875,0.9764722545731639
clnsp642.wav,479,9.979166666666666,482881,10.5914003940186,6.191358588998139,10.47777660684867,1.5080738067626953,0.8829439503203207
clnsp643.wav,480,10.0,552480,13.966274524337761,8.312831817395795,13.888767705871034,1.8495675325393677,0.9193911497031361
clnsp644.wav,480,10.0,568320,18.350313255620637,14.056262867807929,18.286884581285793,3.778614044189453,0.9948040384860688
clnsp645.wav,480,10.0,657600,16.156863324054033,12.439052716051233,16.123717586945343,2.5683109760284424,0.9752344221434461
clnsp646.wav,480,10.0,556320,18.43688358291186,13.80839933714232,18.414368582853513,3.14241886138916,0.9793893779825104
clnsp647.wav,480,10.0,487680,17.595962852153978,12.61067533993687,17.538639335593047,2.870549440383911,0.9568686285066549
clnsp648.wav,480,10.0,529920,18.625872688487753,14.414061550060046,18.631953072852692,3.2941787242889404,0.9837439983821692
clnsp649.wav,480,10.0,556320,13.691675799403706,9.350291418466288,13.628736362606002,2.1496145725250244,0.9407430807955839
clnsp65.wav,480,10.0,650400,16.440235565750342,9.601186499713656,16.469485407886232,2.4573867321014404,0.9813386782666045
clnsp650.wav,480,10.0,602400,13.87020456198628,8.277895742376682,13.74786074458102,2.2463443279266357,0.9657800125588463
clnsp651.wav,480,10.0,516480,4.2837881508043205,1.7633943298476722,6.184669879246387,1.229872465133667,0.8015857463415483
clnsp652.wav,479,9.979166666666666,612961,9.858784012446026,5.044381485477851,9.453087421859195,1.6851279735565186,0.915358971705796
clnsp653.wav,480,10.0,547200,13.648654768472017,9.70198504724541,13.459117614019924,2.609813928604126,0.9635892319617658
clnsp654.wav,480,10.0,604320,14.79383069178489,9.98605376648285,14.699112657190325,2.6227805614471436,0.965445495807353
clnsp655.wav,480,10.0,504960,7.5291481109959175,3.827449576401129,9.106611009863673,1.386276125907898,0.869985790107284
clnsp656.wav,480,10.0,557280,16.27613819009104,12.156441277918496,16.25934494680121,2.527785301208496,0.9712364964035597
clnsp657.wav,480,10.0,636480,12.020510645397955,10.036023140466822,11.813156507089888,2.035834312438965,0.9332205402326268
clnsp658.wav,480,10.0,482880,16.679473483503862,11.872960367073775,16.63251677027524,2.908179998397827,0.9709212576715396
clnsp659.wav,480,10.0,632640,4.727769953846387,2.5706479788842826,2.949663118710457,1.1514873504638672,0.8041315978636673
clnsp66.wav,480,10.0,549600,4.399089845347576,2.101936799312896,2.4576930939924386,1.1789441108703613,0.7631206490843798
clnsp660.wav,480,10.0,591360,7.137050891893159,6.301738739890936,6.424507563861513,1.5384926795959473,0.8667760088545141
clnsp661.wav,480,10.0,540960,9.968037651930896,6.320399363579915,9.50806102561571,1.6995961666107178,0.9313902203565677
clnsp662.wav,480,10.0,526560,4.853596637944253,3.0661993546529405,10.258316756856757,1.9563705921173096,0.9451324617110073
clnsp663.wav,480,10.0,503040,12.584994828634255,12.358964603576398,12.539821735898425,3.4573898315429688,0.9821110137690239
clnsp664.wav,480,10.0,624000,9.614548619003054,4.20106922819751,9.224325913129668,1.3789243698120117,0.8751561531156763
clnsp665.wav,480,10.0,655680,4.985503833385036,2.020251325695101,3.3727312783714853,1.1165045499801636,0.7642463220359397
clnsp666.wav,480,10.0,480960,13.677817690631432,8.60175441744959,13.564708389282261,1.9072856903076172,0.933658994180172
clnsp667.wav,480,10.0,515040,13.765363596298501,10.613643867636956,13.630570715647107,2.5818357467651367,0.9593257490923561
clnsp668.wav,479,9.979166666666666,621121,18.085620284549744,11.798301220790513,18.0181942024223,2.8268167972564697,0.9788416487485522
clnsp669.wav,480,10.0,612000,16.449370887666134,10.791201578978171,16.422677404096042,2.409425735473633,0.9720722029697864
clnsp67.wav,480,10.0,542880,16.88042199703095,10.390871726824745,16.807254950866724,2.5620501041412354,0.9858146494200284
clnsp670.wav,480,10.0,699360,10.858612242741062,8.570105033146456,10.582218897619152,2.1803908348083496,0.9506577294854125
clnsp671.wav,480,10.0,641280,10.891162155734085,8.24491531750354,10.52250327084874,1.7735008001327515,0.9345123644199004
clnsp672.wav,480,10.0,669120,12.310880843695502,9.080155005928955,12.067675323898658,2.010376453399658,0.9620556122017143
clnsp673.wav,480,10.0,512640,14.859392568161207,10.515301189736281,14.74092435624814,2.3087618350982666,0.9483322483953818
clnsp674.wav,480,10.0,570720,8.096025032356847,4.864695461882972,7.444206523410964,1.3309054374694824,0.885363770600712
clnsp675.wav,480,10.0,694080,19.179673017460562,14.69813337948544,19.148581129263558,3.3404159545898438,0.9811741879397742
clnsp676.wav,480,10.0,515520,16.501962467114485,11.018018447495397,16.543780070841215,2.2778406143188477,0.980978678135204
clnsp677.wav,480,10.0,561600,11.731063099066859,7.870922200949675,11.510462739982419,1.9021680355072021,0.9594475626882882
clnsp678.wav,480,10.0,502080,14.487109264017743,9.717708842072023,14.408705513630792,2.7635719776153564,0.9691760328416755
clnsp679.wav,480,10.0,577440,8.83195584305119,5.981250999870858,8.302588876004101,1.6917163133621216,0.92296251943479
clnsp68.wav,480,10.0,657120,14.121764517313187,10.393094339130998,13.9977255972392,2.1344058513641357,0.9429761173063139
clnsp680.wav,480,10.0,555840,11.813388692588514,8.817093513452194,11.741860384516418,2.0048625469207764,0.9324769002524599
clnsp681.wav,480,10.0,568320,13.387561528257395,9.52501680755642,13.190403758821528,2.4411425590515137,0.9547577104587316
clnsp682.wav,480,10.0,555840,11.492357552577253,8.994435600848021,11.200264042733675,2.0636212825775146,0.9361239640026467
clnsp683.wav,479,9.979166666666666,509761,12.377151680673057,7.386476175453936,12.165449068882461,1.4730076789855957,0.8706905350167723
clnsp684.wav,480,10.0,601920,11.363977898744118,8.400531260226275,11.09235115563779,1.9035468101501465,0.9411187098247562
clnsp685.wav,479,9.979166666666666,602401,8.189216579897533,4.325774974688105,7.534981987143242,1.1750199794769287,0.7826471845945914
clnsp686.wav,480,10.0,517920,16.12175005076675,11.503944590245823,16.140784720789387,3.1533560752868652,0.9854055560097138
clnsp687.wav,480,10.0,631200,16.853089295102478,12.364814932100785,16.765514825767102,2.7773869037628174,0.9731930423085675
clnsp688.wav,480,10.0,654720,5.854488535417081,4.700229816842155,4.905411920368216,1.5543220043182373,0.8513197969373335
clnsp689.wav,480,10.0,634560,5.2921375584445265,2.4163516112526486,11.89251167556328,1.6951241493225098,0.9324159444401622
clnsp69.wav,480,10.0,480000,3.9635436209901416,2.7222526300984318,7.7439361555474004,1.3046875,0.8542143045365843
clnsp690.wav,480,10.0,551520,16.231072105384584,12.235612285647612,16.15658001831956,3.0323917865753174,0.9763259530947728
clnsp691.wav,480,10.0,565920,13.84137849852525,9.425904298054393,13.786880059316044,2.0522239208221436,0.9460124733820597
clnsp692.wav,480,10.0,531840,17.353986280953308,11.820256229078495,17.295695326651646,2.609964370727539,0.9802645410206665
clnsp693.wav,480,10.0,512640,16.625371304473724,10.845231800678484,16.603081489831965,2.4656805992126465,0.9808197653598293
clnsp694.wav,480,10.0,582720,3.3315913524471865,1.4582703120750078,0.6261776729970364,1.1291921138763428,0.6743326542866682
clnsp695.wav,479,9.979166666666666,497281,4.5401575403815295,2.5538994014857486,10.23425618736467,1.3591099977493286,0.8540513551316843
clnsp696.wav,479,9.979166666666666,540961,15.187404593690061,10.00143895837704,15.070105096763788,2.8027751445770264,0.9748162316034518
clnsp697.wav,480,10.0,541920,14.915310383963403,9.87476726239702,14.893066352871438,2.6602847576141357,0.9667066482039374
clnsp698.wav,479,9.979166666666666,581761,14.580155976119606,8.343234541891217,14.453449480332402,1.8792502880096436,0.9536760878372678
clnsp699.wav,480,10.0,694560,14.959057781676302,9.22733952540392,14.821325854044826,2.0467915534973145,0.9659713882276196
clnsp7.wav,480,10.0,485280,10.931260657185998,7.859723151988141,10.727519923695814,1.7083120346069336,0.9305603578774752
clnsp70.wav,480,10.0,539040,9.79666609368709,6.452174167208464,9.59718859742649,1.6634602546691895,0.8847741748756571
clnsp700.wav,480,10.0,638400,16.871758699605195,11.99684968160474,16.928844114197442,2.685397148132324,0.984051830378987
clnsp701.wav,480,10.0,548160,15.298222461512825,10.227664446804944,15.308598736642073,1.9244580268859863,0.9285999121676495
clnsp702.wav,480,10.0,500640,2.5474083030134835,1.346105206947344,10.176605659536275,1.6833076477050781,0.9276708954032792
clnsp703.wav,480,10.0,542880,14.740122669795726,11.459855238475646,14.645521822419854,2.748601198196411,0.9607740718508333
clnsp704.wav,480,10.0,520800,13.25022110839085,11.104528036451772,13.13781570130831,2.494105815887451,0.9750531483112838
clnsp705.wav,480,10.0,484800,2.5417950743198157,0.03144486352144745,2.0603548556755227,1.1440448760986328,0.6663042320686023
clnsp706.wav,480,10.0,606720,8.154235975129643,3.8623356505883892,7.437256799509163,1.389286994934082,0.8876062739435467
clnsp707.wav,480,10.0,557760,10.818068017610205,8.401989400302313,10.484640672301541,1.9383554458618164,0.9215064981164809
clnsp708.wav,480,10.0,504960,16.639851654985293,12.947839702144535,16.547274247452503,2.271362543106079,0.976583584591814
clnsp709.wav,479,9.979166666666666,574561,16.258791582039848,11.929152575791402,16.170794534281782,2.783811330795288,0.9746524344682193
clnsp71.wav,479,9.979166666666666,515521,6.472773909484092,1.9881797982716125,5.450714188499233,1.1343969106674194,0.7538344582158024
clnsp710.wav,480,10.0,479520,13.809119726875634,8.707795345304369,13.662471939001751,1.7018437385559082,0.9424944491460304
clnsp711.wav,480,10.0,666720,9.569816061945398,6.250011515120875,9.134015978309444,1.440998911857605,0.8795801845664384
clnsp712.wav,480,10.0,557760,14.70130854253769,10.847056345446576,14.563178898917199,2.826371431350708,0.9835530934359145
clnsp713.wav,480,10.0,501600,17.085278965766733,11.206108930954455,17.094944973673826,2.846492290496826,0.9752232736009164
clnsp714.wav,480,10.0,524160,14.34361499480448,10.60816165833071,14.197707266136439,3.041412353515625,0.9765243488052907
clnsp715.wav,479,9.979166666666666,538561,9.601884920405595,6.538852507877258,9.213930838017859,1.4400495290756226,0.9071393335732273
clnsp716.wav,480,10.0,569280,15.238825744832107,12.269148526355956,15.111322155073728,2.2799296379089355,0.9775308108186317
clnsp717.wav,480,10.0,526080,11.971238078756272,8.255805045980201,11.70786853799963,1.6075465679168701,0.912250714200005
clnsp718.wav,480,10.0,551040,16.738005295036533,11.082436004026203,16.671328633279213,2.824597120285034,0.9755959296486498
clnsp719.wav,480,10.0,625920,14.413821298675312,11.816206325246526,14.295867272842562,2.7678000926971436,0.9803427848733338
clnsp72.wav,480,10.0,494880,15.551884141968673,10.610210708765312,15.475331755601868,2.218989849090576,0.9514790914458082
clnsp720.wav,480,10.0,607680,6.465123598685157,3.0360222152610374,5.357657872200611,1.1751346588134766,0.7504171217719485
clnsp721.wav,480,10.0,542400,16.842130764907164,13.637162349420773,16.752980192308524,2.86248779296875,0.9738091626615021
clnsp722.wav,480,10.0,543360,12.807453499304549,7.740570232776402,12.77727645389154,2.0630786418914795,0.9460003917040098
clnsp723.wav,480,10.0,605760,14.005563296254023,11.510201808709397,13.873944597040824,2.0614407062530518,0.9714453591693126
clnsp724.wav,479,9.979166666666666,580321,12.986757499308004,8.746735714519172,12.81999550777881,1.4893152713775635,0.9127175417811906
clnsp725.wav,480,10.0,527040,18.44573244528661,12.293878094871149,18.391906234928225,2.976410388946533,0.9870628722462581
clnsp726.wav,480,10.0,568800,6.080683693876186,2.6139551792035935,4.86506750950711,1.1704541444778442,0.8034194692182259
clnsp727.wav,480,10.0,491520,16.62162283832394,12.247977307104001,16.6038513795463,2.697330951690674,0.9785195567479161
clnsp728.wav,480,10.0,508800,16.387315439002762,12.241170134217185,16.286673021136366,2.9370903968811035,0.9891607757445348
clnsp729.wav,480,10.0,506880,9.723229893749304,3.909402707978195,9.316437273921624,1.5754849910736084,0.932205173902184
clnsp73.wav,480,10.0,511200,11.875485709569716,9.218710513220172,11.6590436162486,1.9468364715576172,0.9414171459440888
clnsp730.wav,480,10.0,636000,15.640175107047869,9.15107378331559,15.67789583976014,2.187821865081787,0.9657254611166639
clnsp731.wav,479,9.979166666666666,536641,14.690757024873406,10.742649656787428,14.578267531253982,2.235769510269165,0.9540813525462484
clnsp732.wav,480,10.0,639840,15.626099595724462,12.0347000988114,15.506274350512697,3.2677788734436035,0.9897585872319746
clnsp733.wav,480,10.0,515520,15.145829199868327,9.092897651005078,15.229299347055562,1.9594314098358154,0.9620095567683855
clnsp734.wav,480,10.0,540960,5.435283566792744,1.235631885352573,4.11830811414044,1.1423389911651611,0.7268641138265064
clnsp735.wav,480,10.0,486240,12.547578490536113,10.941761067082258,12.36418691290179,2.828289270401001,0.96624712073025
clnsp736.wav,480,10.0,575040,14.291660746454117,10.3612949108971,14.294019161412717,2.1318135261535645,0.9728923547810944
clnsp737.wav,479,9.979166666666666,524161,1.493404587846544,0.6060320321907227,-0.9825658489179169,1.0892435312271118,0.6377323285308383
clnsp738.wav,480,10.0,598080,3.1115918756901046,1.287362901480701,0.5762360095266449,1.116036295890808,0.7207335873028085
clnsp739.wav,480,10.0,588960,17.229836030759323,13.25088706350432,17.200108003866443,2.9892728328704834,0.9791861859595847
clnsp74.wav,480,10.0,602880,17.508843967985378,12.441221598163615,17.443207549039116,2.7139194011688232,0.9792844475800021
clnsp740.wav,480,10.0,531840,17.6733156042011,10.987307122044836,17.60696266686041,3.015324592590332,0.9929365625905896
clnsp741.wav,480,10.0,618720,2.399205594618975,0.82063851907795,-0.024424223605069094,1.0979734659194946,0.7178263135562603
clnsp742.wav,480,10.0,526080,18.34365617563334,13.746681736335926,18.285119026291405,3.6497063636779785,0.9861940966739972
clnsp743.wav,480,10.0,484320,16.58336290312968,13.214672553626153,16.498124184048915,3.186155319213867,0.9769463740012038
clnsp744.wav,480,10.0,691200,15.861493611804914,10.111731746269808,15.771432389071272,2.434339761734009,0.9764901080487061
clnsp745.wav,480,10.0,554880,9.128389021814167,5.946403363382623,8.674159251960411,1.7617573738098145,0.907210656083959
clnsp746.wav,479,9.979166666666666,566881,3.6332282589227387,0.7705477418405101,1.4280988995049835,1.0917006731033325,0.5805200213803116
clnsp747.wav,480,10.0,611520,12.46368821116192,6.739503380000639,12.550863514239444,1.694035291671753,0.9233737802609618
clnsp748.wav,480,10.0,684000,17.803706494496282,12.48363099211886,17.747390577804502,2.66422438621521,0.9842290533235964
clnsp749.wav,480,10.0,686880,14.540948552532797,11.354507130135067,14.588315023343593,2.281426429748535,0.9629435435676734
clnsp75.wav,480,10.0,632160,15.541404352354476,11.329932991706139,15.425797796174766,2.9064643383026123,0.9736941663401897
clnsp750.wav,480,10.0,484320,12.912004493401003,9.176244211214364,12.766002207651203,2.2527406215667725,0.9279749569924652
clnsp751.wav,480,10.0,708960,15.914585835619715,11.313802095756936,15.828670476098452,2.9936013221740723,0.9903891409329613
clnsp752.wav,480,10.0,519360,13.510731926145878,9.294438107538163,13.323454334731355,2.319565773010254,0.9751827047477943
clnsp753.wav,480,10.0,511200,11.763390035907834,9.18280848634995,11.533421697985508,2.0568673610687256,0.9396969496442023
clnsp754.wav,480,10.0,546240,8.160643433813952,6.274294424490623,7.63294470082858,1.5027976036071777,0.8520187338880321
clnsp755.wav,480,10.0,508800,12.821856376996404,8.518266808800618,12.649314270069718,1.9417448043823242,0.9439484005871854
clnsp756.wav,480,10.0,693120,15.760463227894,11.446223353710524,15.66438269253651,2.5788557529449463,0.9731747670685507
clnsp757.wav,480,10.0,492000,7.899661166415087,8.717175140501539,7.2955430410777575,1.8019635677337646,0.893598141917519
clnsp758.wav,480,10.0,537120,4.735549102152437,1.7907169408254193,3.0483246407766447,1.1280434131622314,0.7481155756840221
clnsp759.wav,479,9.979166666666666,589921,16.757682063686154,10.870205352366517,16.665168347787574,2.820157766342163,0.9898389107801675
clnsp76.wav,480,10.0,684000,17.23819999025199,12.879748167524248,17.22016050385379,2.6914162635803223,0.963370300510679
clnsp760.wav,480,10.0,483360,6.93670081176864,6.732657087487412,5.958582038175062,1.6014426946640015,0.8424489151233302
clnsp761.wav,480,10.0,490560,14.940646731025662,9.39079797933529,14.81132090967037,2.440650224685669,0.9561023478035802
clnsp762.wav,480,10.0,538080,6.072499430845299,3.0936272951467116,7.3424477535454855,1.358796238899231,0.8476373892384907
clnsp763.wav,480,10.0,608160,6.775449073117711,2.0684252783253614,5.840946664141164,1.1787405014038086,0.8345490349000132
clnsp764.wav,480,10.0,498720,18.16105719095304,13.135521833556933,18.18821401110315,2.940701723098755,0.9830271732971193
clnsp765.wav,480,10.0,497760,14.991309498243012,9.851621228717077,14.924024243570958,2.2169623374938965,0.954104150487416
clnsp766.wav,480,10.0,621600,12.433428925658488,6.6547804041249465,12.39394377296774,1.6958074569702148,0.9247585582152348
clnsp767.wav,480,10.0,561120,17.40659428654985,13.952344935509148,17.351074556538386,2.8988523483276367,0.9783949492572135
clnsp768.wav,480,10.0,542400,16.133221528291422,12.960210805453833,16.026631220867035,3.4095304012298584,0.9956424320470058
clnsp769.wav,480,10.0,513120,14.176047864356775,8.693408474078401,14.03562075725583,2.084127902984619,0.9567043972040662
clnsp77.wav,480,10.0,512160,12.058975524137455,8.265997543004081,11.804390028281242,2.205317735671997,0.9449471736694781
clnsp770.wav,480,10.0,563040,16.03559831665045,10.460006011161394,15.941457863734517,2.664534330368042,0.9742280360872612
clnsp771.wav,480,10.0,673440,17.358951060132245,12.054159287270881,17.34480686442445,2.514324188232422,0.9745324246828444
clnsp772.wav,480,10.0,570720,13.868417004450727,10.086055502081116,13.689392306233962,2.6160953044891357,0.9748014221781975
clnsp773.wav,480,10.0,481440,10.032440046439284,7.435604527465638,9.79926795992854,1.3886969089508057,0.9189076758775249
clnsp774.wav,480,10.0,590400,18.82453212241678,13.970136217436917,18.768507688080305,3.3846588134765625,0.9858127888348959
clnsp775.wav,480,10.0,629760,12.305430334596629,6.879282156417956,12.095674613206853,1.7696866989135742,0.9314936112642432
clnsp776.wav,480,10.0,610080,16.703726291758286,12.653017496319885,16.65095146476749,3.3418407440185547,0.9897979244252361
clnsp777.wav,480,10.0,600000,7.520583606332394,5.557761196573967,8.513001334355344,2.008514404296875,0.9599763721521957
clnsp778.wav,480,10.0,481440,17.4733986833156,11.653606845835146,17.432777115066735,2.7921268939971924,0.9768776498349958
clnsp779.wav,480,10.0,638400,6.805174170214628,7.393307372224724,6.025474181555448,1.7647372484207153,0.8796157221273646
clnsp78.wav,480,10.0,565440,13.433850200206741,9.617837528769899,13.233663976349913,1.8394578695297241,0.9348764770814235
clnsp780.wav,480,10.0,511200,13.958547474071988,10.690599612027675,13.812365831451848,2.982426881790161,0.9785843461312039
clnsp781.wav,480,10.0,545280,17.546647411517423,13.51900897971188,17.539718649356782,3.148400068283081,0.9707357724599457
clnsp782.wav,480,10.0,701280,14.897553169422098,11.186580669961584,14.799447490315407,2.4942331314086914,0.9535983821969188
clnsp783.wav,480,10.0,599520,15.670675863640831,12.351922261404242,15.562691935120219,3.299497365951538,0.9735614872384094
clnsp784.wav,480,10.0,584160,16.266471729238855,12.449040606983553,16.19325767311708,3.418097734451294,0.9800632565916342
clnsp785.wav,480,10.0,648480,14.462813940959547,10.160962936064644,14.3689637643881,2.059887170791626,0.9593820423094416
clnsp786.wav,480,10.0,598560,13.568806398664812,12.873761111637362,13.495190985232266,3.013152837753296,0.9581815401056673
clnsp787.wav,480,10.0,581280,10.770659219256446,9.587846492024621,10.465714203109089,1.9317781925201416,0.9312945931466816
clnsp788.wav,480,10.0,548640,15.984507491944617,10.40177311156486,15.892382144551245,2.780043840408325,0.9627187946308992
clnsp789.wav,480,10.0,567360,5.504081196806563,2.140397037524282,4.098177684544521,1.2488750219345093,0.831207985778655
clnsp79.wav,480,10.0,480480,8.691540017284044,5.119196398947683,8.227168568786492,1.3579181432724,0.8682673775106132
clnsp790.wav,480,10.0,650880,11.178351404578102,7.093837935927942,10.96524998459712,1.3678513765335083,0.8559977540937554
clnsp791.wav,480,10.0,480480,20.454984714246734,14.158770123803802,20.431540393547838,3.7458834648132324,0.9932610091956119
clnsp792.wav,480,10.0,531360,19.072389788705305,11.717802562578692,19.05443853579338,2.730865240097046,0.9830161826924048
clnsp793.wav,480,10.0,561120,6.777567027706734,2.8605261155133097,5.762892150068156,1.2851624488830566,0.8494015887098789
clnsp794.wav,480,10.0,597600,14.778099525589699,8.2206254893196,14.733615845556114,2.7951414585113525,0.9688610230877912
clnsp795.wav,480,10.0,671520,17.255913626329182,13.531953899577973,17.21013809329346,3.4591596126556396,0.9869678747751569
clnsp796.wav,480,10.0,689280,3.6694073213817893,1.062780135520802,1.7183153280685601,1.1205369234085083,0.6475745041397771
clnsp797.wav,480,10.0,491520,17.521840711449578,12.742352422872115,17.5005140511904,2.6991565227508545,0.9775240411696664
clnsp798.wav,480,10.0,564960,15.783856258013273,10.941072797919881,15.685305748312803,2.4265637397766113,0.9490229943877837
clnsp799.wav,480,10.0,510240,13.792513184367785,9.838198042781327,13.612079513140465,2.616081953048706,0.9508968911103102
clnsp8.wav,480,10.0,590400,17.049511461084464,12.99040823159323,16.982799679272535,2.788702964782715,0.9804526366051158
clnsp80.wav,480,10.0,556320,16.534174178237734,11.225199410744013,16.478811884041267,2.9752206802368164,0.9800667082750096
clnsp800.wav,479,9.979166666666666,521281,17.520088879308666,11.00476384687626,17.44851966089677,3.663557291030884,0.9750340913677625
clnsp801.wav,480,10.0,552480,7.930287637871678,8.960182585959958,7.2129633813768645,2.027564525604248,0.9268916860901473
clnsp802.wav,480,10.0,517440,12.703379635407067,8.368251495796983,12.499860204940328,1.671374797821045,0.9101984990058197
clnsp803.wav,479,9.979166666666666,582721,15.002091916799053,9.642631785798807,14.949764019163368,2.527836561203003,0.9680741576533151
clnsp804.wav,480,10.0,570240,16.427202038161187,11.158693948631708,16.35982131264126,2.5860164165496826,0.9715935815167429
clnsp805.wav,479,9.979166666666666,551041,17.474435802695044,12.399578952830096,17.39938706664137,3.293821334838867,0.9863259016730518
clnsp806.wav,480,10.0,708960,5.029553082117873,0.30382096356763405,3.4344763723761664,1.155027985572815,0.7298452277225548
clnsp807.wav,480,10.0,671040,17.018776589867255,11.278148723071107,17.114322616738704,2.5161404609680176,0.9686104681967349
clnsp808.wav,479,9.979166666666666,660481,16.268122628139913,11.81333410267932,16.18365491322679,2.6120359897613525,0.9727367881658333
clnsp809.wav,480,10.0,650880,15.628280858620123,12.059198425759115,15.512204753027724,2.422564744949341,0.9582394850418378
clnsp81.wav,480,10.0,535680,10.218810251411627,6.503810239147132,9.877899260654377,1.428658127784729,0.8729699176053207
clnsp810.wav,480,10.0,513120,16.84545471320338,13.798693732824393,16.766500485443252,3.451162338256836,0.9719083167329821
clnsp811.wav,480,10.0,600480,17.393328004681578,13.737769726205793,17.32685469294964,2.827219247817993,0.9799873154129023
clnsp812.wav,480,10.0,563520,14.1710836932806,12.805529350211286,14.164570381593744,3.635607957839966,0.9859883107958327
clnsp813.wav,480,10.0,575040,13.814721181454262,9.126913633087637,13.673121605607566,1.696692943572998,0.9212614422098552
clnsp814.wav,480,10.0,619200,5.3092697360216015,3.6009704495191754,3.8924073274743627,1.2087199687957764,0.8289977502327628
clnsp815.wav,480,10.0,590880,2.6458062599309136,-0.8139517831084356,-0.4092785453919523,1.1029109954833984,0.6768165238859244
clnsp816.wav,480,10.0,614400,11.038384628522387,5.417403233821349,10.805142532490022,1.4727369546890259,0.8622141460981209
clnsp817.wav,480,10.0,631200,5.272953989572223,1.8853501453077317,3.790386624370441,1.1911054849624634,0.8117169878628787
clnsp818.wav,480,10.0,594240,15.117812228006224,10.515846998785465,14.98393064909444,2.199329137802124,0.9800453655977215
clnsp819.wav,480,10.0,597120,14.082851383679476,8.679955339406906,13.914976827067658,2.0956859588623047,0.9824658035477992
clnsp82.wav,480,10.0,653760,13.599225325529407,9.444369064801764,13.414049766551218,2.0164802074432373,0.9347622645714423
clnsp820.wav,480,10.0,580320,12.277455905386333,8.10104693331372,12.086153070063649,2.090338706970215,0.9274495145016046
clnsp821.wav,480,10.0,554880,11.977376778162057,8.35407615886505,11.762027455626471,1.9703688621520996,0.9407031806130728
clnsp822.wav,479,9.979166666666666,519841,6.507291478096853,2.101074884952247,5.522850523761878,1.193511962890625,0.7623028861921178
clnsp823.wav,480,10.0,552480,15.371251581420623,10.541144006193768,15.326246209236782,3.043422222137451,0.9766193519344337
clnsp824.wav,480,10.0,649440,13.479133882633912,11.131330938359932,13.33167221161583,3.2476398944854736,0.9769500992345064
clnsp825.wav,480,10.0,532800,10.071931526493065,5.463400215815822,9.645843985112903,1.797471523284912,0.9274377513128559
clnsp826.wav,480,10.0,522240,4.137796441144868,1.5964258744163773,2.272812195842471,1.143970251083374,0.6732049385548013
clnsp827.wav,480,10.0,527520,14.533875086268848,9.16700523279065,14.40829865990828,2.3962771892547607,0.9477495563583884
clnsp828.wav,480,10.0,611520,9.618868977192202,8.104927271107702,9.183615070334644,1.741115689277649,0.9036739347127967
clnsp829.wav,479,9.979166666666666,560641,8.749499795127335,4.3874969784790006,8.427768272394665,1.3936196565628052,0.8522887824020652
clnsp83.wav,480,10.0,560160,16.536316823736442,12.446165548488924,16.45520013235434,2.402615547180176,0.9781511658146249
clnsp830.wav,480,10.0,526080,16.716381583982532,11.795809721439248,16.64131134344171,3.2271406650543213,0.9767896956268826
clnsp831.wav,480,10.0,559680,4.667176335684889,1.8726407414895767,2.873654695460556,1.1309657096862793,0.7522604271805586
clnsp832.wav,480,10.0,569760,14.174196655327842,9.866534915176162,14.042497819680337,2.4734256267547607,0.9434614220619564
clnsp833.wav,480,10.0,622560,12.204240645161889,6.725530870621284,12.294439330228483,1.5324413776397705,0.8988717727870831
clnsp834.wav,480,10.0,576960,12.43444258597975,7.0551639325340965,12.179229517039428,1.9012939929962158,0.9638943786546356
clnsp835.wav,480,10.0,548160,8.99021587603625,4.362615885679772,8.462872634712657,1.2023566961288452,0.8483532331325389
clnsp836.wav,480,10.0,546720,12.923539436531255,10.117291484128557,12.762443227870914,2.0448334217071533,0.9731446739517329
clnsp837.wav,480,10.0,560640,5.516420380539609,1.7385290817606174,4.167364510338951,1.1531453132629395,0.7770760980483381
clnsp838.wav,480,10.0,533760,18.567382350320216,12.790082833465183,18.51926204393964,3.332639217376709,0.9905229530107077
clnsp839.wav,480,10.0,587040,15.828526057148583,11.877141458866296,15.718555595978561,2.6469998359680176,0.9780187618490361
clnsp84.wav,480,10.0,582720,17.168361869686002,11.005061412265334,17.16386467358676,2.508279800415039,0.9712774466518276
clnsp840.wav,480,10.0,539040,18.00685996554101,12.017040038670524,17.96975986114196,2.5457193851470947,0.9743422747446493
clnsp841.wav,480,10.0,503520,15.488128844158581,13.269496267486918,15.396515759414491,2.9831151962280273,0.9805514617881164
clnsp842.wav,480,10.0,502560,18.51019193475714,13.79096776009359,18.46017063762234,3.454176902770996,0.9824895398596961
clnsp843.wav,480,10.0,681120,12.326536174597994,8.852100068048244,12.068124407909139,1.9374464750289917,0.9545649936001532
clnsp844.wav,480,10.0,487200,15.699582829354991,10.28528661609686,15.594891037867919,2.479567766189575,0.9397383972925466
clnsp845.wav,480,10.0,640800,9.145092480717697,7.719650016611304,8.583161168958098,1.3988749980926514,0.8811488683109212
clnsp846.wav,480,10.0,537120,4.0221930520949245,1.4951263618628554,1.8612100903521274,1.1324878931045532,0.7213874322362049
clnsp847.wav,480,10.0,496320,10.203695539395756,5.932009833886572,9.79319103864077,1.7196261882781982,0.9464629518545492
clnsp848.wav,480,10.0,486720,15.50682274292882,8.631099340632609,15.495955120634331,2.2945592403411865,0.9785748789647718
clnsp849.wav,480,10.0,533760,17.86579393942144,11.5567865457234,17.85688867084136,2.858200788497925,0.9909299833618875
clnsp85.wav,480,10.0,492480,10.943992764468069,6.404188474999531,10.822347117017515,1.585811972618103,0.939588591389816
clnsp850.wav,480,10.0,531840,17.881367323619163,12.575605655071174,17.820490448716026,3.2324953079223633,0.9865399448837952
clnsp851.wav,480,10.0,522720,16.027909361455247,11.713275367080923,16.07520864167213,2.9913365840911865,0.978298146856255
clnsp852.wav,479,9.979166666666666,524161,7.788508999472824,3.0701945888416446,7.035070078746309,1.2126764059066772,0.8703086469782884
clnsp853.wav,479,9.979166666666666,495361,8.239128537254576,4.470443215536604,10.906087025870423,1.4261457920074463,0.8259920373976797
clnsp854.wav,480,10.0,638880,11.115560276432603,7.027411482107519,10.839547387132697,1.9387543201446533,0.9372644072578264
clnsp855.wav,480,10.0,681120,17.266012198837004,13.006544396729051,17.18457605427428,3.193913698196411,0.9854184049278679
clnsp856.wav,480,10.0,545280,2.287449942504724,0.9436037696435017,11.655118370023736,1.4818716049194336,0.9250587490213992
clnsp857.wav,480,10.0,602880,15.604309457426812,11.083829268251069,15.486859862683405,2.131042718887329,0.9652386694382906
clnsp858.wav,480,10.0,529920,16.323506522913046,12.157205164248161,16.29802616756877,3.693441390991211,0.9870396539122941
clnsp859.wav,480,10.0,492000,14.064605357818024,10.327937495511135,13.914884409639104,1.9794087409973145,0.9549444123828977
clnsp86.wav,480,10.0,594240,17.36748175932048,13.848888723726544,17.33031316404404,2.610100030899048,0.9703658457275071
clnsp860.wav,480,10.0,576960,9.502123199193603,5.437269031648457,9.150775974575799,1.7906365394592285,0.9149518671344481
clnsp861.wav,480,10.0,494400,18.454656775120664,14.954871878686552,18.42662672737724,3.251556396484375,0.9835890627001033
clnsp862.wav,480,10.0,543360,16.458478247979073,13.162804785058862,16.367817240241,3.565040111541748,0.9891809229600553
clnsp863.wav,480,10.0,526560,11.966181767946413,11.747377270931466,11.710155837497084,2.4884235858917236,0.9630855830646543
clnsp864.wav,480,10.0,640800,18.529641378949236,13.434218979614053,18.480471101304524,3.049100399017334,0.98120237558274
clnsp865.wav,480,10.0,682560,11.552522564178975,10.848181976583303,11.312693887486045,2.7058467864990234,0.9706835963552104
clnsp866.wav,480,10.0,545280,14.6991785683554,10.580324686492462,14.56862366485482,2.688936471939087,0.9600468662155097
clnsp867.wav,480,10.0,717600,16.579383634257386,10.93396083142865,16.51378821340868,2.69584584236145,0.977088068684806
clnsp868.wav,480,10.0,609120,12.018112006669732,5.83953735459098,12.002763532727895,1.7117245197296143,0.9407034660672503
clnsp869.wav,480,10.0,502080,17.314480475680153,11.386163275240602,17.256592829993757,3.0620243549346924,0.9775355173781775
clnsp87.wav,480,10.0,729120,13.8047474519354,7.620708182649213,13.643980809092639,1.610630750656128,0.9583970652033921
clnsp870.wav,480,10.0,501120,15.223462454238245,10.798643030420378,15.142975384702748,3.3168601989746094,0.9687475001533743
clnsp871.wav,480,10.0,498720,17.94101882396786,12.85588338466238,17.907601898018626,3.034303665161133,0.983077729312589
clnsp872.wav,480,10.0,487200,11.002906732219342,8.518583172844043,10.690432829870222,1.818575382232666,0.9343897699152508
clnsp873.wav,480,10.0,530880,18.42943048476985,14.081387189605929,18.391387716974876,3.3781328201293945,0.9856554495256264
clnsp874.wav,480,10.0,535680,12.581038600200923,9.857189328471192,12.355606576453555,2.2531850337982178,0.9443050270118558
clnsp875.wav,480,10.0,503520,15.169602407138411,10.897633600927403,15.040544927149075,2.305521249771118,0.9577052514215914
clnsp876.wav,480,10.0,576960,0.794713009619067,-1.3592529772057895,-5.230943189401572,1.0684120655059814,0.5066918797389538
clnsp877.wav,479,9.979166666666666,483361,8.405214901060917,2.9991693189462043,7.878370359828917,1.3279006481170654,0.8944302777516031
clnsp878.wav,480,10.0,679200,4.764052071217076,3.4133141641239666,3.0090635503165664,1.2132413387298584,0.7983324308531023
clnsp879.wav,480,10.0,518400,3.542887005599538,2.174625799087757,8.003249047136272,1.5130741596221924,0.9021134864171154
clnsp88.wav,480,10.0,492000,6.146076488284335,2.0628791422472847,4.960411764281394,1.1194260120391846,0.6900333647946476
clnsp880.wav,480,10.0,709920,6.104102936243056,3.3709880092813953,4.895458162806326,1.222324013710022,0.838522126667848
clnsp881.wav,479,9.979166666666666,583201,15.37633108014495,10.814385665497882,15.27014568273498,2.7893803119659424,0.9694990910256891
clnsp882.wav,479,9.979166666666666,564961,15.172717035301241,10.266369052339481,15.104042233294717,2.62046217918396,0.9529217668470873
clnsp883.wav,480,10.0,562560,16.03451011969838,10.651316561658604,15.961285542248762,2.939668893814087,0.9758939563719132
clnsp884.wav,480,10.0,508800,16.19546639041014,12.421516445005203,16.132669136170644,2.827793598175049,0.9841019661844592
clnsp885.wav,480,10.0,700800,12.138804522246005,9.592449522335054,11.912108818073078,1.7268025875091553,0.9082073674598301
clnsp886.wav,480,10.0,603840,11.129044049951801,6.034034422106401,10.86714734913519,1.6707769632339478,0.9289915509853793
clnsp887.wav,480,10.0,571680,11.707682624943484,9.905715615145102,11.41380917530357,2.5417027473449707,0.977855123777416
clnsp888.wav,480,10.0,480480,5.847838523360254,3.1253632469406676,4.551774607223026,1.1329927444458008,0.748609503407636
clnsp889.wav,480,10.0,529440,14.821101543383657,10.96294063234177,14.740928714098498,3.1485049724578857,0.9743022575952598
clnsp89.wav,480,10.0,604320,8.85391238820168,3.1964396687791212,8.250037353013566,1.2821005582809448,0.866896495492938
clnsp890.wav,480,10.0,509760,4.969065065926015,2.4883687443803857,3.3875040322317878,1.1019287109375,0.7222195333241247
clnsp891.wav,479,9.979166666666666,589921,6.78499157496908,3.9984020844729664,7.519260633983994,1.379055380821228,0.838961941521584
clnsp892.wav,480,10.0,592320,9.595468176058683,5.890971385742435,11.030398674861988,1.5398969650268555,0.882040717804991
clnsp893.wav,480,10.0,560640,18.160870106762115,12.744992374131014,18.094289110772582,2.9897913932800293,0.9791033148076644
clnsp894.wav,480,10.0,506400,16.28039947359585,9.480658918470585,16.314270093865385,2.432485580444336,0.9798384161807391
clnsp895.wav,480,10.0,530880,4.064697778122958,0.20206085903235652,2.0948863096093877,1.1607662439346313,0.656594153279485
clnsp896.wav,480,10.0,682560,7.975011533400127,6.200428734983841,7.255585741607302,1.4318031072616577,0.8582438686823398
clnsp897.wav,480,10.0,503040,5.580465447459003,3.3124805436400755,6.766515522729595,1.3935803174972534,0.8594631564523229
clnsp898.wav,479,9.979166666666666,578881,14.596030661111019,9.353617899264592,14.481481983797938,2.380875825881958,0.9659493059849559
clnsp899.wav,479,9.979166666666666,632641,1.7995945070190267,-0.29790914558267567,-2.7801777627327806,1.1223235130310059,0.5555163710758225
clnsp9.wav,480,10.0,556320,15.377793575316312,11.093410682221492,15.264448846360452,2.860769033432007,0.9815425083935526
clnsp90.wav,480,10.0,560160,15.446725847942918,11.529771434943829,15.345886502951656,3.4190828800201416,0.9831993638142636
clnsp900.wav,480,10.0,549120,5.9177941751402745,4.918236494334493,4.812626760590194,1.3548201322555542,0.8157549243881944
clnsp901.wav,480,10.0,496800,11.478860669535692,8.160338432849015,11.214691069299006,1.7716331481933594,0.9395393528931596
clnsp902.wav,480,10.0,484320,14.644442975516945,8.885648454658183,14.613304560816538,2.093930721282959,0.9720802441312056
clnsp903.wav,480,10.0,699360,13.22997287671277,10.281775160604187,13.070149726006008,2.5236399173736572,0.9623862399605408
clnsp904.wav,480,10.0,530400,9.071241658666981,7.525139819498256,8.69692064498107,1.6166775226593018,0.9155041761313755
clnsp905.wav,479,9.979166666666666,507841,14.998330621916764,9.053976121405087,14.85891979541979,2.0892415046691895,0.9672111797005508
clnsp906.wav,480,10.0,587040,15.833766993412773,10.959591505266335,15.768414675888575,2.7568728923797607,0.9675758534105268
clnsp907.wav,480,10.0,514080,5.451306950546277,3.181846783079454,3.9956955769707987,1.3226885795593262,0.8326139362000581
clnsp908.wav,480,10.0,490080,16.212659750540922,12.395707757136066,16.15256448977677,2.617872953414917,0.9866771047833376
clnsp909.wav,480,10.0,499200,9.883511982036266,7.66517619454892,9.55943083764448,1.4696166515350342,0.8918638810791826
clnsp91.wav,480,10.0,546240,11.75772662505862,7.200780681985294,11.606619131948634,1.4987602233886719,0.9335163252826197
clnsp910.wav,480,10.0,581280,3.15040692978706,2.8950952571868864,0.35892970346666825,1.2194454669952393,0.721297717348348
clnsp911.wav,480,10.0,612000,16.383395944383924,11.934224630687382,16.285655353251045,2.590806484222412,0.9771048806283551
clnsp912.wav,479,9.979166666666666,484801,8.140070056396793,4.747073874985103,7.473627371651274,1.2237063646316528,0.8243583321627197
clnsp913.wav,480,10.0,508320,10.183670998465555,7.360888293827573,9.765258695894355,1.8520816564559937,0.9348504826391116
clnsp914.wav,480,10.0,559680,13.252566171086642,10.172275521671784,13.042534851571617,2.4251952171325684,0.9683321722629131
clnsp915.wav,480,10.0,576480,14.633843547260168,9.871561725999053,14.560508032290564,2.5267488956451416,0.969514592214859
clnsp916.wav,480,10.0,665280,11.67436866432511,8.124248230731741,11.558080950149998,1.885634183883667,0.9262058551027619
clnsp917.wav,480,10.0,565920,15.537632766602608,9.902256248301013,15.425658819580264,2.5361974239349365,0.9355081188127656
clnsp918.wav,480,10.0,541440,17.56012098479038,12.021601535506914,17.522814949010662,2.393508195877075,0.9747379156154548
clnsp919.wav,480,10.0,648960,12.631873507933904,8.22396159945637,12.654658492526282,2.2928285598754883,0.9540610805771307
clnsp92.wav,479,9.979166666666666,480481,15.007575673777811,9.68603428300603,14.916966662453667,2.033623218536377,0.8870720289068715
clnsp920.wav,480,10.0,580800,16.918795604125048,12.251016266046884,16.845120940773977,3.163045883178711,0.9856191620018845
clnsp921.wav,480,10.0,704160,15.096576951141277,10.560163138212527,15.013558115154748,1.9457201957702637,0.952687456774024
clnsp922.wav,480,10.0,645600,16.106498136855723,9.57252749172932,16.036249082524265,2.8722734451293945,0.9859715835755305
clnsp923.wav,479,9.979166666666666,506401,5.899457382725492,2.2047049191028085,4.833384965184953,1.1492927074432373,0.667306888254053
clnsp924.wav,480,10.0,574080,14.254569142673034,10.589647871548117,14.092461002195263,2.8247478008270264,0.9638239135413781
clnsp925.wav,480,10.0,582240,8.105425743400755,4.21870585758095,8.327645165539465,1.2967028617858887,0.828775461519794
clnsp926.wav,479,9.979166666666666,560641,16.476661595367727,11.68680980544151,16.386087873705904,2.527714252471924,0.9707415944845325
clnsp927.wav,480,10.0,558240,19.169375158316853,13.824338534256736,19.127972050311783,3.4554104804992676,0.9938175044064531
clnsp928.wav,480,10.0,600960,17.704202826187874,12.331619484744555,17.649017048225183,3.2027509212493896,0.986852038305254
clnsp929.wav,480,10.0,672000,14.499844825317185,11.658413603274038,14.347364839585106,2.757189989089966,0.9782599839993685
clnsp93.wav,480,10.0,559680,13.58591456274709,9.02673626612147,13.411260898420094,1.5758551359176636,0.9402015069134961
clnsp930.wav,479,9.979166666666666,644641,7.635882736691246,3.331070292865296,7.185948961856386,1.1876386404037476,0.7844723126047973
clnsp931.wav,480,10.0,628320,9.814392170556598,7.433032529181016,9.362684250308673,1.470654845237732,0.90187204451943
clnsp932.wav,479,9.979166666666666,555841,17.03471420272835,10.532194150281057,16.95586003061242,2.756044864654541,0.9851548876011195
clnsp933.wav,480,10.0,480000,16.39532243254572,10.95641407792354,16.34396819792364,2.1360080242156982,0.9585575796476484
clnsp934.wav,480,10.0,583680,13.650714243024778,7.5346529936161835,13.589190427670204,1.7680695056915283,0.9501174379797188
clnsp935.wav,479,9.979166666666666,581281,14.325063580236899,9.860824134229171,14.204544387468772,1.7626742124557495,0.91914804234714
clnsp936.wav,480,10.0,606240,17.779164321133884,13.4841221166387,17.742438962258177,3.5908682346343994,0.9901424581167216
clnsp937.wav,480,10.0,581280,13.530819427499301,10.308975966364333,13.438964979661845,2.6158807277679443,0.9352410726203588
clnsp938.wav,480,10.0,525600,16.28041794178965,11.19635315084549,16.200347979202718,2.822957754135132,0.9631187409583447
clnsp939.wav,480,10.0,507360,11.995356518970773,9.130301850514781,11.742059578789153,1.9273228645324707,0.9279134297366584
clnsp94.wav,480,10.0,635520,13.05529422277286,9.379920804009023,12.941201243075042,2.165001392364502,0.9430848757619907
clnsp940.wav,480,10.0,527040,10.66908915350716,7.715062676567661,10.32121345763745,1.571664571762085,0.9144194492196662
clnsp941.wav,480,10.0,570720,14.152880621408741,11.352966452703477,14.028521017739909,2.7865676879882812,0.9668382206726386
clnsp942.wav,480,10.0,671520,6.424169197655331,3.470851330059681,5.348311663026362,1.2309367656707764,0.7719941556829746
clnsp943.wav,480,10.0,594720,14.717969591455454,11.126632824214674,14.575767378499016,2.593066692352295,0.9557809691401085
clnsp944.wav,479,9.979166666666666,487681,6.722286184998093,5.674027852775834,5.848704741913516,1.514660120010376,0.8546458967764434
clnsp945.wav,480,10.0,616320,10.755682470436472,7.969923297741311,10.635370080611883,1.6662814617156982,0.9199957716839627
clnsp946.wav,480,10.0,548640,15.808905967947915,10.321391809052955,15.702837439251082,2.5088562965393066,0.9446854103945144
clnsp947.wav,480,10.0,682080,19.004147636423944,15.112222378463727,18.998607540675515,3.2819480895996094,0.9852406028821775
clnsp948.wav,480,10.0,650880,12.33999129519585,10.13424696174007,12.141773843624026,2.0576322078704834,0.9234134834806335
clnsp949.wav,480,10.0,490560,16.914815143921736,11.165850223509294,16.96772142988,2.2527263164520264,0.9751024507509486
clnsp95.wav,480,10.0,551040,12.077722229574084,10.877760810158817,11.88159592367043,2.282867908477783,0.9696000122693367
clnsp950.wav,480,10.0,511200,10.734401586580745,6.807532088784645,10.356638309021882,1.7614344358444214,0.9335050663759583
clnsp951.wav,480,10.0,636960,15.83378422532432,8.561586491003954,15.722116928995376,2.4789507389068604,0.9815668684146647
clnsp952.wav,480,10.0,538080,19.4193597535109,13.75748365135986,19.40708930963258,3.4703452587127686,0.990957073135017
clnsp953.wav,480,10.0,531360,16.8119260582804,12.110442447733492,16.72477369423047,3.0735347270965576,0.9848206793931968
clnsp954.wav,480,10.0,618720,15.295944965675499,12.936030572861851,15.181122799405433,3.5446906089782715,0.9861392749961579
clnsp955.wav,480,10.0,501120,2.4965633186803835,1.3800599308078978,-0.8008765751712981,1.2180767059326172,0.6885413579020455
clnsp956.wav,480,10.0,496800,17.689328981921072,11.674739242935482,17.622940439356142,2.504986524581909,0.975402329072266
clnsp957.wav,480,10.0,607680,5.9753192539634075,3.196958349625507,4.885185029050375,1.1886767148971558,0.8209260587515044
clnsp958.wav,479,9.979166666666666,650881,15.2731439513529,9.06132498769765,15.172965287423876,2.5237622261047363,0.9507149381542616
clnsp959.wav,480,10.0,492480,7.696528548770046,5.215899773181773,6.910165383851252,1.3932750225067139,0.8867092388594583
clnsp96.wav,480,10.0,532320,16.26531222552607,11.562658506874408,16.199354996961514,2.6427438259124756,0.965979919171802
clnsp960.wav,480,10.0,681120,17.25990146458266,13.814585932756387,17.17798296712059,3.1058101654052734,0.9790266391076459
clnsp961.wav,480,10.0,580800,14.656711107789457,10.231690957914152,14.575383827506093,2.075561761856079,0.9530752421038933
clnsp962.wav,480,10.0,533280,14.52287916573525,10.5212212618666,14.407481573522695,2.3858144283294678,0.964851577202995
clnsp963.wav,480,10.0,553440,15.138804271071841,10.894852475627777,15.01409551182596,2.387033462524414,0.96728879471518
clnsp964.wav,480,10.0,549120,16.20373198223841,13.279923550290354,16.098649480109362,3.253464460372925,0.9920047591491414
clnsp965.wav,480,10.0,699360,13.539930788802794,11.29583474979005,13.546275259395975,2.8705430030822754,0.9761372966694268
clnsp966.wav,480,10.0,575520,7.821523182175575,6.809064712969348,7.097145947004094,1.5988903045654297,0.8969894885117713
clnsp967.wav,480,10.0,484800,11.085694210447247,6.244321743501032,10.736390559971493,1.879889965057373,0.9299008840917843
clnsp968.wav,480,10.0,482880,17.751938070345517,12.698369900007993,17.68448036842149,3.2169508934020996,0.9863234948240039
clnsp969.wav,480,10.0,499680,10.08162928162192,6.52937705123523,9.917472065876812,1.7401572465896606,0.9260571954645601
clnsp97.wav,479,9.979166666666666,592321,17.83505471181378,10.832388658734631,17.770670459789443,2.581205368041992,0.9827990221519052
clnsp970.wav,480,10.0,646560,13.024074602018265,8.859606220298389,12.81891139866248,2.09344482421875,0.9611945822985515
clnsp971.wav,480,10.0,512160,13.395889242466952,10.730534965959436,13.19944229845568,2.5142977237701416,0.954256515552798
clnsp972.wav,480,10.0,557760,14.4838198043489,10.160426134165798,14.371513070128676,2.31783390045166,0.9385865548231834
clnsp973.wav,480,10.0,585120,17.873438524615274,11.981451231417555,17.81112589014851,2.459160804748535,0.9705467598040122
clnsp974.wav,480,10.0,564000,15.17489712988823,10.825565273804294,15.075533069238489,2.141007661819458,0.9589775975578541
clnsp975.wav,480,10.0,501600,16.454982014375187,9.462311378401404,16.462194298151914,2.1483821868896484,0.9726045587098624
clnsp976.wav,480,10.0,582240,4.960157141653829,2.463808816421173,3.4123828158542695,1.1650161743164062,0.7306378773816338
clnsp977.wav,480,10.0,540000,5.730807395958064,4.695951386400014,4.386165716517821,1.345884919166565,0.7949664897312493
clnsp978.wav,479,9.979166666666666,527521,17.36561277917096,12.464358577255366,17.291427898566173,2.8175270557403564,0.9788006477923648
clnsp979.wav,480,10.0,484320,10.946461496651121,7.006828295452592,10.991162843626203,1.4921725988388062,0.900840564222682
clnsp98.wav,480,10.0,494400,16.112281737821824,11.665981271829464,16.005920361983165,3.147629499435425,0.9839752533457999
clnsp980.wav,480,10.0,635040,15.052924416265633,10.922883892492578,15.09389484279261,2.3242530822753906,0.9752324211427228
clnsp981.wav,480,10.0,495360,8.455060448359188,5.202890855649807,7.938879940927903,1.2919648885726929,0.8307365041786441
clnsp982.wav,480,10.0,596640,12.993325052866085,10.600192991107178,12.867670369167943,2.647096633911133,0.9678738741753244
clnsp983.wav,480,10.0,539040,9.190906818800132,8.79488222696364,8.753790095943481,1.7533103227615356,0.8992951528269971
clnsp984.wav,480,10.0,652320,15.13106662072041,12.256574232192461,14.997494441952494,2.784883737564087,0.9791965552568593
clnsp985.wav,480,10.0,533280,4.243619795196371,-0.260262995996112,2.2541850455469996,1.1578363180160522,0.7347625745748825
clnsp986.wav,480,10.0,479520,16.13903351735824,12.287838658650688,16.032357675239723,3.4561052322387695,0.9922859968691464
clnsp987.wav,479,9.979166666666666,585601,11.572048577064336,7.883445599773226,11.268250065747425,1.513444185256958,0.8718114843635654
clnsp988.wav,480,10.0,516000,13.956550174080313,9.840049052619992,13.782179573098398,1.6572718620300293,0.948626600452901
clnsp989.wav,480,10.0,547680,16.131018625645638,9.955443565938818,16.126162644716572,2.151052951812744,0.9771227896472214
clnsp99.wav,480,10.0,516960,15.2225747590199,8.53888724349233,15.100666953081337,1.7989782094955444,0.9691885096514369
clnsp990.wav,479,9.979166666666666,534721,11.191088816915794,5.711461557724716,11.134651447950096,1.5899229049682617,0.8528453111351324
clnsp991.wav,480,10.0,544800,12.986974554117554,9.9099821513175,12.77864296089736,2.256640911102295,0.9356752570001321
clnsp992.wav,480,10.0,655680,16.424618003507835,12.982261851352357,16.32489472397791,3.551356554031372,0.9891377704877821
clnsp993.wav,479,9.979166666666666,588961,17.707763666594797,13.891114625485837,17.63479416100496,3.449739456176758,0.9908692213558238
clnsp994.wav,480,10.0,497760,11.159227121557793,6.169855295076113,10.973757746856894,1.9024524688720703,0.9348854148839749
clnsp995.wav,480,10.0,574080,10.830469324985767,9.905808550456594,10.659068250697324,1.6657887697219849,0.9291604614948707
clnsp996.wav,480,10.0,517440,15.513157261426954,11.094602962011209,15.476938107287857,2.6453745365142822,0.9713929081890535
clnsp997.wav,480,10.0,519840,12.89790972845109,9.87232436788313,12.756470840019375,2.187641143798828,0.938548032906844
clnsp998.wav,480,10.0,517920,14.184582161333987,11.446894202686677,14.24887384452437,3.1841073036193848,0.9782153921436826
clnsp999.wav,479,9.979166666666666,566881,3.6095774058555863,0.30688750540625587,1.3445924282387334,1.0918643474578857,0.5704880280998132
